#;Time;Function;Direction;Status;Data;Data (chars);Data length;Req. length;Port;Comments;
0;27/08/2026 13:42:53;IRP_MJ_CREATE;DOWN;;;"C:\Program Files (x86)\CC\SolarPowerMonitor\SolarMonitor.exe";;;COM3;;
1;27/08/2026 13:42:53;IRP_MJ_CREATE;UP;STATUS_SUCCESS;;"C:\Program Files (x86)\CC\SolarPowerMonitor\SolarMonitor.exe";;;COM3;;
2;27/08/2026 13:42:53;IRP_MJ_DEVICE_CONTROL (IOCTL_SERIAL_GET_PROPERTIES);DOWN;;;"";;;COM3;;
3;27/08/2026 13:42:53;IRP_MJ_DEVICE_CONTROL (IOCTL_SERIAL_GET_PROPERTIES);UP;STATUS_SUCCESS;40 00 02 00 01 00 00 00 00 00 00 00 00 00 00 00 00 00 00 00 00 00 00 10 01 00 00 00 ff 00 00 00 7f 00 00 00 ff ff 07 10 0f 00 07 1f 00 00 00 00 d8 0c 01 00 00 00 00 00 23 55 48 43 00 00 00 00 ;"@...........................ˇ......ˇˇ..........ÿ.......#UHC....";64;;COM3;;
4;27/08/2026 13:42:53;IRP_MJ_DEVICE_CONTROL (IOCTL_SERIAL_GET_MODEMSTATUS);DOWN;;;"";;;COM3;;
5;27/08/2026 13:42:53;IRP_MJ_DEVICE_CONTROL (IOCTL_SERIAL_GET_MODEMSTATUS);UP;STATUS_SUCCESS;00 00 00 00 ;"....";4;;COM3;;
6;27/08/2026 13:42:53;IRP_MJ_DEVICE_CONTROL (IOCTL_SERIAL_GET_BAUD_RATE);DOWN;;;"";;;COM3;;
7;27/08/2026 13:42:53;IRP_MJ_DEVICE_CONTROL (IOCTL_SERIAL_GET_BAUD_RATE);UP;STATUS_SUCCESS;00 4b 00 00 ;".K..";4;;COM3;;
8;27/08/2026 13:42:53;IRP_MJ_DEVICE_CONTROL (IOCTL_SERIAL_GET_LINE_CONTROL);DOWN;;;"";;;COM3;;
9;27/08/2026 13:42:53;IRP_MJ_DEVICE_CONTROL (IOCTL_SERIAL_GET_LINE_CONTROL);UP;STATUS_SUCCESS;00 00 08 ;"...";3;;COM3;;
10;27/08/2026 13:42:53;IRP_MJ_DEVICE_CONTROL (IOCTL_SERIAL_GET_CHARS);DOWN;;;"";;;COM3;;
11;27/08/2026 13:42:53;IRP_MJ_DEVICE_CONTROL (IOCTL_SERIAL_GET_CHARS);UP;STATUS_SUCCESS;1a 00 00 1a 11 13 ;"......";6;;COM3;;
12;27/08/2026 13:42:53;IRP_MJ_DEVICE_CONTROL (IOCTL_SERIAL_GET_HANDFLOW);DOWN;;;"";;;COM3;;
13;27/08/2026 13:42:53;IRP_MJ_DEVICE_CONTROL (IOCTL_SERIAL_GET_HANDFLOW);UP;STATUS_SUCCESS;00 00 00 00 00 00 00 00 6c 86 00 00 9b 21 00 00 ;"........lÜ..õ!..";16;;COM3;;
14;27/08/2026 13:42:53;IRP_MJ_DEVICE_CONTROL (IOCTL_SERIAL_GET_BAUD_RATE);DOWN;;;"";;;COM3;;
15;27/08/2026 13:42:53;IRP_MJ_DEVICE_CONTROL (IOCTL_SERIAL_GET_BAUD_RATE);UP;STATUS_SUCCESS;00 4b 00 00 ;".K..";4;;COM3;;
16;27/08/2026 13:42:53;IRP_MJ_DEVICE_CONTROL (IOCTL_SERIAL_GET_LINE_CONTROL);DOWN;;;"";;;COM3;;
17;27/08/2026 13:42:53;IRP_MJ_DEVICE_CONTROL (IOCTL_SERIAL_GET_LINE_CONTROL);UP;STATUS_SUCCESS;00 00 08 ;"...";3;;COM3;;
18;27/08/2026 13:42:53;IRP_MJ_DEVICE_CONTROL (IOCTL_SERIAL_GET_CHARS);DOWN;;;"";;;COM3;;
19;27/08/2026 13:42:53;IRP_MJ_DEVICE_CONTROL (IOCTL_SERIAL_GET_CHARS);UP;STATUS_SUCCESS;1a 00 00 1a 11 13 ;"......";6;;COM3;;
20;27/08/2026 13:42:53;IRP_MJ_DEVICE_CONTROL (IOCTL_SERIAL_GET_HANDFLOW);DOWN;;;"";;;COM3;;
21;27/08/2026 13:42:53;IRP_MJ_DEVICE_CONTROL (IOCTL_SERIAL_GET_HANDFLOW);UP;STATUS_SUCCESS;00 00 00 00 00 00 00 00 6c 86 00 00 9b 21 00 00 ;"........lÜ..õ!..";16;;COM3;;
22;27/08/2026 13:42:53;IRP_MJ_DEVICE_CONTROL (IOCTL_SERIAL_SET_BAUD_RATE);DOWN;;80 25 00 00 ;"Ä%..";4;;COM3;;
23;27/08/2026 13:42:53;IRP_MJ_DEVICE_CONTROL (IOCTL_SERIAL_SET_BAUD_RATE);UP;STATUS_SUCCESS;;"";;;COM3;;
24;27/08/2026 13:42:53;IRP_MJ_DEVICE_CONTROL (IOCTL_SERIAL_CLR_RTS);DOWN;;;"";;;COM3;;
25;27/08/2026 13:42:53;IRP_MJ_DEVICE_CONTROL (IOCTL_SERIAL_CLR_RTS);UP;STATUS_SUCCESS;;"";;;COM3;;
26;27/08/2026 13:42:53;IRP_MJ_DEVICE_CONTROL (IOCTL_SERIAL_CLR_DTR);DOWN;;;"";;;COM3;;
27;27/08/2026 13:42:53;IRP_MJ_DEVICE_CONTROL (IOCTL_SERIAL_CLR_DTR);UP;STATUS_SUCCESS;;"";;;COM3;;
28;27/08/2026 13:42:53;IRP_MJ_DEVICE_CONTROL (IOCTL_SERIAL_SET_LINE_CONTROL);DOWN;;00 00 08 ;"...";3;;COM3;;
29;27/08/2026 13:42:53;IRP_MJ_DEVICE_CONTROL (IOCTL_SERIAL_SET_LINE_CONTROL);UP;STATUS_SUCCESS;;"";;;COM3;;
30;27/08/2026 13:42:53;IRP_MJ_DEVICE_CONTROL (IOCTL_SERIAL_SET_CHARS);DOWN;;1a 00 00 1a 11 13 ;"......";6;;COM3;;
31;27/08/2026 13:42:53;IRP_MJ_DEVICE_CONTROL (IOCTL_SERIAL_SET_CHARS);UP;STATUS_SUCCESS;;"";;;COM3;;
32;27/08/2026 13:42:53;IRP_MJ_DEVICE_CONTROL (IOCTL_SERIAL_SET_HANDFLOW);DOWN;;00 00 00 00 00 00 00 00 36 43 00 00 36 43 00 00 ;"........6C..6C..";16;;COM3;;
33;27/08/2026 13:42:53;IRP_MJ_DEVICE_CONTROL (IOCTL_SERIAL_SET_HANDFLOW);UP;STATUS_SUCCESS;;"";;;COM3;;
34;27/08/2026 13:42:53;IRP_MJ_DEVICE_CONTROL (IOCTL_SERIAL_GET_BAUD_RATE);DOWN;;;"";;;COM3;;
35;27/08/2026 13:42:53;IRP_MJ_DEVICE_CONTROL (IOCTL_SERIAL_GET_BAUD_RATE);UP;STATUS_SUCCESS;80 25 00 00 ;"Ä%..";4;;COM3;;
36;27/08/2026 13:42:53;IRP_MJ_DEVICE_CONTROL (IOCTL_SERIAL_GET_LINE_CONTROL);DOWN;;;"";;;COM3;;
37;27/08/2026 13:42:53;IRP_MJ_DEVICE_CONTROL (IOCTL_SERIAL_GET_LINE_CONTROL);UP;STATUS_SUCCESS;00 00 08 ;"...";3;;COM3;;
38;27/08/2026 13:42:53;IRP_MJ_DEVICE_CONTROL (IOCTL_SERIAL_GET_CHARS);DOWN;;;"";;;COM3;;
39;27/08/2026 13:42:53;IRP_MJ_DEVICE_CONTROL (IOCTL_SERIAL_GET_CHARS);UP;STATUS_SUCCESS;1a 00 00 1a 11 13 ;"......";6;;COM3;;
40;27/08/2026 13:42:53;IRP_MJ_DEVICE_CONTROL (IOCTL_SERIAL_GET_HANDFLOW);DOWN;;;"";;;COM3;;
41;27/08/2026 13:42:53;IRP_MJ_DEVICE_CONTROL (IOCTL_SERIAL_GET_HANDFLOW);UP;STATUS_SUCCESS;00 00 00 00 00 00 00 00 36 43 00 00 36 43 00 00 ;"........6C..6C..";16;;COM3;;
42;27/08/2026 13:42:53;IRP_MJ_DEVICE_CONTROL (IOCTL_SERIAL_SET_BAUD_RATE);DOWN;;80 25 00 00 ;"Ä%..";4;;COM3;;
43;27/08/2026 13:42:53;IRP_MJ_DEVICE_CONTROL (IOCTL_SERIAL_SET_BAUD_RATE);UP;STATUS_SUCCESS;;"";;;COM3;;
44;27/08/2026 13:42:53;IRP_MJ_DEVICE_CONTROL (IOCTL_SERIAL_CLR_RTS);DOWN;;;"";;;COM3;;
45;27/08/2026 13:42:53;IRP_MJ_DEVICE_CONTROL (IOCTL_SERIAL_CLR_RTS);UP;STATUS_SUCCESS;;"";;;COM3;;
46;27/08/2026 13:42:53;IRP_MJ_DEVICE_CONTROL (IOCTL_SERIAL_CLR_DTR);DOWN;;;"";;;COM3;;
47;27/08/2026 13:42:53;IRP_MJ_DEVICE_CONTROL (IOCTL_SERIAL_CLR_DTR);UP;STATUS_SUCCESS;;"";;;COM3;;
48;27/08/2026 13:42:53;IRP_MJ_DEVICE_CONTROL (IOCTL_SERIAL_SET_LINE_CONTROL);DOWN;;00 00 08 ;"...";3;;COM3;;
49;27/08/2026 13:42:53;IRP_MJ_DEVICE_CONTROL (IOCTL_SERIAL_SET_LINE_CONTROL);UP;STATUS_SUCCESS;;"";;;COM3;;
50;27/08/2026 13:42:53;IRP_MJ_DEVICE_CONTROL (IOCTL_SERIAL_SET_CHARS);DOWN;;1a 00 00 1a 11 13 ;"......";6;;COM3;;
51;27/08/2026 13:42:53;IRP_MJ_DEVICE_CONTROL (IOCTL_SERIAL_SET_CHARS);UP;STATUS_SUCCESS;;"";;;COM3;;
52;27/08/2026 13:42:53;IRP_MJ_DEVICE_CONTROL (IOCTL_SERIAL_SET_HANDFLOW);DOWN;;00 00 00 00 00 00 00 00 36 43 00 00 36 43 00 00 ;"........6C..6C..";16;;COM3;;
53;27/08/2026 13:42:53;IRP_MJ_DEVICE_CONTROL (IOCTL_SERIAL_SET_HANDFLOW);UP;STATUS_SUCCESS;;"";;;COM3;;
54;27/08/2026 13:42:53;IRP_MJ_DEVICE_CONTROL (IOCTL_SERIAL_CLR_DTR);DOWN;;;"";;;COM3;;
55;27/08/2026 13:42:53;IRP_MJ_DEVICE_CONTROL (IOCTL_SERIAL_CLR_DTR);UP;STATUS_SUCCESS;;"";;;COM3;;
56;27/08/2026 13:42:53;IRP_MJ_DEVICE_CONTROL (IOCTL_SERIAL_SET_TIMEOUTS);DOWN;;ff ff ff ff ff ff ff ff fe ff ff ff 00 00 00 00 00 00 00 00 ;"ˇˇˇˇˇˇˇˇ˛ˇˇˇ........";20;;COM3;;
57;27/08/2026 13:42:53;IRP_MJ_DEVICE_CONTROL (IOCTL_SERIAL_SET_TIMEOUTS);UP;STATUS_SUCCESS;;"";;;COM3;;
58;27/08/2026 13:42:53;IRP_MJ_DEVICE_CONTROL (IOCTL_SERIAL_SET_WAIT_MASK);DOWN;;fb 01 00 00 ;"˚...";4;;COM3;;
59;27/08/2026 13:42:53;IRP_MJ_DEVICE_CONTROL (IOCTL_SERIAL_SET_WAIT_MASK);UP;STATUS_SUCCESS;;"";;;COM3;;
60;27/08/2026 13:42:53;IRP_MJ_DEVICE_CONTROL (IOCTL_SERIAL_SET_QUEUE_SIZE);DOWN;;00 10 00 00 00 08 00 00 ;"........";8;;COM3;;
61;27/08/2026 13:42:53;IRP_MJ_DEVICE_CONTROL (IOCTL_SERIAL_SET_QUEUE_SIZE);UP;STATUS_SUCCESS;;"";;;COM3;;
62;27/08/2026 13:42:53;IRP_MJ_DEVICE_CONTROL (IOCTL_SERIAL_WAIT_ON_MASK);DOWN;;;"";;;COM3;;
63;27/08/2026 13:42:53;IRP_MJ_WRITE;DOWN;;01 03 27 10 00 01 8f 7b ;"..'...è{";8;8;COM3;;
64;27/08/2026 13:42:53;IRP_MJ_WRITE;UP;STATUS_SUCCESS;01 03 27 10 00 01 8f 7b ;"..'...è{";8;;COM3;;
65;27/08/2026 13:42:53;IRP_MJ_DEVICE_CONTROL (IOCTL_SERIAL_GET_COMMSTATUS);DOWN;;;"";;;COM3;;
66;27/08/2026 13:42:53;IRP_MJ_DEVICE_CONTROL (IOCTL_SERIAL_GET_COMMSTATUS);UP;STATUS_SUCCESS;00 00 00 00 00 00 00 00 00 00 00 00 00 00 00 00 00 00 00 00 ;"....................";20;;COM3;;
67;27/08/2026 13:42:53;IRP_MJ_DEVICE_CONTROL (IOCTL_SERIAL_GET_COMMSTATUS);DOWN;;;"";;;COM3;;
68;27/08/2026 13:42:53;IRP_MJ_DEVICE_CONTROL (IOCTL_SERIAL_GET_COMMSTATUS);UP;STATUS_SUCCESS;00 00 00 00 00 00 00 00 00 00 00 00 00 00 00 00 00 00 00 00 ;"....................";20;;COM3;;
69;27/08/2026 13:42:53;IRP_MJ_DEVICE_CONTROL (IOCTL_SERIAL_GET_COMMSTATUS);DOWN;;;"";;;COM3;;
70;27/08/2026 13:42:53;IRP_MJ_DEVICE_CONTROL (IOCTL_SERIAL_GET_COMMSTATUS);UP;STATUS_SUCCESS;00 00 00 00 00 00 00 00 00 00 00 00 00 00 00 00 00 00 00 00 ;"....................";20;;COM3;;
71;27/08/2026 13:42:53;IRP_MJ_DEVICE_CONTROL (IOCTL_SERIAL_GET_COMMSTATUS);DOWN;;;"";;;COM3;;
72;27/08/2026 13:42:53;IRP_MJ_DEVICE_CONTROL (IOCTL_SERIAL_GET_COMMSTATUS);UP;STATUS_SUCCESS;00 00 00 00 00 00 00 00 00 00 00 00 00 00 00 00 00 00 00 00 ;"....................";20;;COM3;;
73;27/08/2026 13:42:53;IRP_MJ_DEVICE_CONTROL (IOCTL_SERIAL_GET_COMMSTATUS);DOWN;;;"";;;COM3;;
74;27/08/2026 13:42:53;IRP_MJ_DEVICE_CONTROL (IOCTL_SERIAL_GET_COMMSTATUS);UP;STATUS_SUCCESS;00 00 00 00 00 00 00 00 00 00 00 00 00 00 00 00 00 00 00 00 ;"....................";20;;COM3;;
75;27/08/2026 13:42:53;IRP_MJ_DEVICE_CONTROL (IOCTL_SERIAL_GET_COMMSTATUS);DOWN;;;"";;;COM3;;
76;27/08/2026 13:42:53;IRP_MJ_DEVICE_CONTROL (IOCTL_SERIAL_GET_COMMSTATUS);UP;STATUS_SUCCESS;00 00 00 00 00 00 00 00 00 00 00 00 00 00 00 00 00 00 00 00 ;"....................";20;;COM3;;
77;27/08/2026 13:42:53;IRP_MJ_DEVICE_CONTROL (IOCTL_SERIAL_GET_COMMSTATUS);DOWN;;;"";;;COM3;;
78;27/08/2026 13:42:53;IRP_MJ_DEVICE_CONTROL (IOCTL_SERIAL_GET_COMMSTATUS);UP;STATUS_SUCCESS;00 00 00 00 00 00 00 00 00 00 00 00 00 00 00 00 00 00 00 00 ;"....................";20;;COM3;;
79;27/08/2026 13:42:53;IRP_MJ_DEVICE_CONTROL (IOCTL_SERIAL_GET_COMMSTATUS);DOWN;;;"";;;COM3;;
80;27/08/2026 13:42:53;IRP_MJ_DEVICE_CONTROL (IOCTL_SERIAL_GET_COMMSTATUS);UP;STATUS_SUCCESS;00 00 00 00 00 00 00 00 00 00 00 00 00 00 00 00 00 00 00 00 ;"....................";20;;COM3;;
81;27/08/2026 13:42:53;IRP_MJ_DEVICE_CONTROL (IOCTL_SERIAL_GET_COMMSTATUS);DOWN;;;"";;;COM3;;
82;27/08/2026 13:42:53;IRP_MJ_DEVICE_CONTROL (IOCTL_SERIAL_GET_COMMSTATUS);UP;STATUS_SUCCESS;00 00 00 00 00 00 00 00 00 00 00 00 00 00 00 00 00 00 00 00 ;"....................";20;;COM3;;
83;27/08/2026 13:42:53;IRP_MJ_DEVICE_CONTROL (IOCTL_SERIAL_GET_COMMSTATUS);DOWN;;;"";;;COM3;;
84;27/08/2026 13:42:53;IRP_MJ_DEVICE_CONTROL (IOCTL_SERIAL_GET_COMMSTATUS);UP;STATUS_SUCCESS;00 00 00 00 00 00 00 00 00 00 00 00 00 00 00 00 00 00 00 00 ;"....................";20;;COM3;;
85;27/08/2026 13:42:53;IRP_MJ_DEVICE_CONTROL (IOCTL_SERIAL_GET_COMMSTATUS);DOWN;;;"";;;COM3;;
86;27/08/2026 13:42:53;IRP_MJ_DEVICE_CONTROL (IOCTL_SERIAL_GET_COMMSTATUS);UP;STATUS_SUCCESS;00 00 00 00 00 00 00 00 00 00 00 00 00 00 00 00 00 00 00 00 ;"....................";20;;COM3;;
87;27/08/2026 13:42:53;IRP_MJ_DEVICE_CONTROL (IOCTL_SERIAL_SET_WAIT_MASK);DOWN;;00 00 00 00 ;"....";4;;COM3;;
88;27/08/2026 13:42:53;IRP_MJ_DEVICE_CONTROL (IOCTL_SERIAL_WAIT_ON_MASK);UP;STATUS_SUCCESS;00 00 00 00 ;"....";4;;COM3;;
89;27/08/2026 13:42:53;IRP_MJ_DEVICE_CONTROL (IOCTL_SERIAL_SET_WAIT_MASK);UP;STATUS_SUCCESS;;"";;;COM3;;
90;27/08/2026 13:42:53;IRP_MJ_DEVICE_CONTROL (IOCTL_SERIAL_CLR_DTR);DOWN;;;"";;;COM3;;
91;27/08/2026 13:42:53;IRP_MJ_DEVICE_CONTROL (IOCTL_SERIAL_CLR_DTR);UP;STATUS_SUCCESS;;"";;;COM3;;
92;27/08/2026 13:42:53;IRP_MJ_DEVICE_CONTROL (IOCTL_SERIAL_PURGE);DOWN;;0a 00 00 00 ;"....";4;;COM3;;
93;27/08/2026 13:42:53;IRP_MJ_DEVICE_CONTROL (IOCTL_SERIAL_PURGE);UP;STATUS_SUCCESS;;"";;;COM3;;
94;27/08/2026 13:42:53;IRP_MJ_DEVICE_CONTROL (IOCTL_SERIAL_PURGE);DOWN;;05 00 00 00 ;"....";4;;COM3;;
95;27/08/2026 13:42:53;IRP_MJ_DEVICE_CONTROL (IOCTL_SERIAL_PURGE);UP;STATUS_SUCCESS;;"";;;COM3;;
96;27/08/2026 13:42:53;IRP_MJ_CLOSE;DOWN;;;"";;;COM3;;
97;27/08/2026 13:42:53;IRP_MJ_CLOSE;UP;STATUS_SUCCESS;;"";;;COM3;;
98;27/08/2026 13:42:53;IRP_MJ_CREATE;DOWN;;;"C:\Program Files (x86)\CC\SolarPowerMonitor\SolarMonitor.exe";;;COM3;;
99;27/08/2026 13:42:53;IRP_MJ_CREATE;UP;STATUS_SUCCESS;;"C:\Program Files (x86)\CC\SolarPowerMonitor\SolarMonitor.exe";;;COM3;;
100;27/08/2026 13:42:53;IRP_MJ_DEVICE_CONTROL (IOCTL_SERIAL_GET_PROPERTIES);DOWN;;;"";;;COM3;;
101;27/08/2026 13:42:53;IRP_MJ_DEVICE_CONTROL (IOCTL_SERIAL_GET_PROPERTIES);UP;STATUS_SUCCESS;40 00 02 00 01 00 00 00 00 00 00 00 00 00 00 00 00 00 00 00 00 00 00 10 01 00 00 00 ff 00 00 00 7f 00 00 00 ff ff 07 10 0f 00 07 1f 00 00 00 00 d8 0c 01 00 00 00 00 00 23 55 48 43 00 00 00 00 ;"@...........................ˇ......ˇˇ..........ÿ.......#UHC....";64;;COM3;;
102;27/08/2026 13:42:53;IRP_MJ_DEVICE_CONTROL (IOCTL_SERIAL_GET_MODEMSTATUS);DOWN;;;"";;;COM3;;
103;27/08/2026 13:42:53;IRP_MJ_DEVICE_CONTROL (IOCTL_SERIAL_GET_MODEMSTATUS);UP;STATUS_SUCCESS;00 00 00 00 ;"....";4;;COM3;;
104;27/08/2026 13:42:53;IRP_MJ_DEVICE_CONTROL (IOCTL_SERIAL_GET_BAUD_RATE);DOWN;;;"";;;COM3;;
105;27/08/2026 13:42:53;IRP_MJ_DEVICE_CONTROL (IOCTL_SERIAL_GET_BAUD_RATE);UP;STATUS_SUCCESS;80 25 00 00 ;"Ä%..";4;;COM3;;
106;27/08/2026 13:42:53;IRP_MJ_DEVICE_CONTROL (IOCTL_SERIAL_GET_LINE_CONTROL);DOWN;;;"";;;COM3;;
107;27/08/2026 13:42:53;IRP_MJ_DEVICE_CONTROL (IOCTL_SERIAL_GET_LINE_CONTROL);UP;STATUS_SUCCESS;00 00 08 ;"...";3;;COM3;;
108;27/08/2026 13:42:53;IRP_MJ_DEVICE_CONTROL (IOCTL_SERIAL_GET_CHARS);DOWN;;;"";;;COM3;;
109;27/08/2026 13:42:53;IRP_MJ_DEVICE_CONTROL (IOCTL_SERIAL_GET_CHARS);UP;STATUS_SUCCESS;1a 00 00 1a 11 13 ;"......";6;;COM3;;
110;27/08/2026 13:42:53;IRP_MJ_DEVICE_CONTROL (IOCTL_SERIAL_GET_HANDFLOW);DOWN;;;"";;;COM3;;
111;27/08/2026 13:42:53;IRP_MJ_DEVICE_CONTROL (IOCTL_SERIAL_GET_HANDFLOW);UP;STATUS_SUCCESS;00 00 00 00 00 00 00 00 6c 86 00 00 9b 21 00 00 ;"........lÜ..õ!..";16;;COM3;;
112;27/08/2026 13:42:53;IRP_MJ_DEVICE_CONTROL (IOCTL_SERIAL_GET_BAUD_RATE);DOWN;;;"";;;COM3;;
113;27/08/2026 13:42:53;IRP_MJ_DEVICE_CONTROL (IOCTL_SERIAL_GET_BAUD_RATE);UP;STATUS_SUCCESS;80 25 00 00 ;"Ä%..";4;;COM3;;
114;27/08/2026 13:42:53;IRP_MJ_DEVICE_CONTROL (IOCTL_SERIAL_GET_LINE_CONTROL);DOWN;;;"";;;COM3;;
115;27/08/2026 13:42:53;IRP_MJ_DEVICE_CONTROL (IOCTL_SERIAL_GET_LINE_CONTROL);UP;STATUS_SUCCESS;00 00 08 ;"...";3;;COM3;;
116;27/08/2026 13:42:53;IRP_MJ_DEVICE_CONTROL (IOCTL_SERIAL_GET_CHARS);DOWN;;;"";;;COM3;;
117;27/08/2026 13:42:53;IRP_MJ_DEVICE_CONTROL (IOCTL_SERIAL_GET_CHARS);UP;STATUS_SUCCESS;1a 00 00 1a 11 13 ;"......";6;;COM3;;
118;27/08/2026 13:42:53;IRP_MJ_DEVICE_CONTROL (IOCTL_SERIAL_GET_HANDFLOW);DOWN;;;"";;;COM3;;
119;27/08/2026 13:42:53;IRP_MJ_DEVICE_CONTROL (IOCTL_SERIAL_GET_HANDFLOW);UP;STATUS_SUCCESS;00 00 00 00 00 00 00 00 6c 86 00 00 9b 21 00 00 ;"........lÜ..õ!..";16;;COM3;;
120;27/08/2026 13:42:53;IRP_MJ_DEVICE_CONTROL (IOCTL_SERIAL_SET_BAUD_RATE);DOWN;;80 25 00 00 ;"Ä%..";4;;COM3;;
121;27/08/2026 13:42:53;IRP_MJ_DEVICE_CONTROL (IOCTL_SERIAL_SET_BAUD_RATE);UP;STATUS_SUCCESS;;"";;;COM3;;
122;27/08/2026 13:42:53;IRP_MJ_DEVICE_CONTROL (IOCTL_SERIAL_CLR_RTS);DOWN;;;"";;;COM3;;
123;27/08/2026 13:42:53;IRP_MJ_DEVICE_CONTROL (IOCTL_SERIAL_CLR_RTS);UP;STATUS_SUCCESS;;"";;;COM3;;
124;27/08/2026 13:42:53;IRP_MJ_DEVICE_CONTROL (IOCTL_SERIAL_CLR_DTR);DOWN;;;"";;;COM3;;
125;27/08/2026 13:42:53;IRP_MJ_DEVICE_CONTROL (IOCTL_SERIAL_CLR_DTR);UP;STATUS_SUCCESS;;"";;;COM3;;
126;27/08/2026 13:42:53;IRP_MJ_DEVICE_CONTROL (IOCTL_SERIAL_SET_LINE_CONTROL);DOWN;;00 00 08 ;"...";3;;COM3;;
127;27/08/2026 13:42:53;IRP_MJ_DEVICE_CONTROL (IOCTL_SERIAL_SET_LINE_CONTROL);UP;STATUS_SUCCESS;;"";;;COM3;;
128;27/08/2026 13:42:53;IRP_MJ_DEVICE_CONTROL (IOCTL_SERIAL_SET_CHARS);DOWN;;1a 00 00 1a 11 13 ;"......";6;;COM3;;
129;27/08/2026 13:42:53;IRP_MJ_DEVICE_CONTROL (IOCTL_SERIAL_SET_CHARS);UP;STATUS_SUCCESS;;"";;;COM3;;
130;27/08/2026 13:42:53;IRP_MJ_DEVICE_CONTROL (IOCTL_SERIAL_SET_HANDFLOW);DOWN;;00 00 00 00 00 00 00 00 36 43 00 00 36 43 00 00 ;"........6C..6C..";16;;COM3;;
131;27/08/2026 13:42:53;IRP_MJ_DEVICE_CONTROL (IOCTL_SERIAL_SET_HANDFLOW);UP;STATUS_SUCCESS;;"";;;COM3;;
132;27/08/2026 13:42:53;IRP_MJ_DEVICE_CONTROL (IOCTL_SERIAL_GET_BAUD_RATE);DOWN;;;"";;;COM3;;
133;27/08/2026 13:42:53;IRP_MJ_DEVICE_CONTROL (IOCTL_SERIAL_GET_BAUD_RATE);UP;STATUS_SUCCESS;80 25 00 00 ;"Ä%..";4;;COM3;;
134;27/08/2026 13:42:53;IRP_MJ_DEVICE_CONTROL (IOCTL_SERIAL_GET_LINE_CONTROL);DOWN;;;"";;;COM3;;
135;27/08/2026 13:42:53;IRP_MJ_DEVICE_CONTROL (IOCTL_SERIAL_GET_LINE_CONTROL);UP;STATUS_SUCCESS;00 00 08 ;"...";3;;COM3;;
136;27/08/2026 13:42:53;IRP_MJ_DEVICE_CONTROL (IOCTL_SERIAL_GET_CHARS);DOWN;;;"";;;COM3;;
137;27/08/2026 13:42:53;IRP_MJ_DEVICE_CONTROL (IOCTL_SERIAL_GET_CHARS);UP;STATUS_SUCCESS;1a 00 00 1a 11 13 ;"......";6;;COM3;;
138;27/08/2026 13:42:53;IRP_MJ_DEVICE_CONTROL (IOCTL_SERIAL_GET_HANDFLOW);DOWN;;;"";;;COM3;;
139;27/08/2026 13:42:53;IRP_MJ_DEVICE_CONTROL (IOCTL_SERIAL_GET_HANDFLOW);UP;STATUS_SUCCESS;00 00 00 00 00 00 00 00 36 43 00 00 36 43 00 00 ;"........6C..6C..";16;;COM3;;
140;27/08/2026 13:42:53;IRP_MJ_DEVICE_CONTROL (IOCTL_SERIAL_SET_BAUD_RATE);DOWN;;80 25 00 00 ;"Ä%..";4;;COM3;;
141;27/08/2026 13:42:53;IRP_MJ_DEVICE_CONTROL (IOCTL_SERIAL_SET_BAUD_RATE);UP;STATUS_SUCCESS;;"";;;COM3;;
142;27/08/2026 13:42:53;IRP_MJ_DEVICE_CONTROL (IOCTL_SERIAL_CLR_RTS);DOWN;;;"";;;COM3;;
143;27/08/2026 13:42:53;IRP_MJ_DEVICE_CONTROL (IOCTL_SERIAL_CLR_RTS);UP;STATUS_SUCCESS;;"";;;COM3;;
144;27/08/2026 13:42:53;IRP_MJ_DEVICE_CONTROL (IOCTL_SERIAL_CLR_DTR);DOWN;;;"";;;COM3;;
145;27/08/2026 13:42:53;IRP_MJ_DEVICE_CONTROL (IOCTL_SERIAL_CLR_DTR);UP;STATUS_SUCCESS;;"";;;COM3;;
146;27/08/2026 13:42:53;IRP_MJ_DEVICE_CONTROL (IOCTL_SERIAL_SET_LINE_CONTROL);DOWN;;00 00 08 ;"...";3;;COM3;;
147;27/08/2026 13:42:53;IRP_MJ_DEVICE_CONTROL (IOCTL_SERIAL_SET_LINE_CONTROL);UP;STATUS_SUCCESS;;"";;;COM3;;
148;27/08/2026 13:42:53;IRP_MJ_DEVICE_CONTROL (IOCTL_SERIAL_SET_CHARS);DOWN;;1a 00 00 1a 11 13 ;"......";6;;COM3;;
149;27/08/2026 13:42:53;IRP_MJ_DEVICE_CONTROL (IOCTL_SERIAL_SET_CHARS);UP;STATUS_SUCCESS;;"";;;COM3;;
150;27/08/2026 13:42:53;IRP_MJ_DEVICE_CONTROL (IOCTL_SERIAL_SET_HANDFLOW);DOWN;;00 00 00 00 00 00 00 00 36 43 00 00 36 43 00 00 ;"........6C..6C..";16;;COM3;;
151;27/08/2026 13:42:53;IRP_MJ_DEVICE_CONTROL (IOCTL_SERIAL_SET_HANDFLOW);UP;STATUS_SUCCESS;;"";;;COM3;;
152;27/08/2026 13:42:53;IRP_MJ_DEVICE_CONTROL (IOCTL_SERIAL_CLR_DTR);DOWN;;;"";;;COM3;;
153;27/08/2026 13:42:53;IRP_MJ_DEVICE_CONTROL (IOCTL_SERIAL_CLR_DTR);UP;STATUS_SUCCESS;;"";;;COM3;;
154;27/08/2026 13:42:53;IRP_MJ_DEVICE_CONTROL (IOCTL_SERIAL_SET_TIMEOUTS);DOWN;;ff ff ff ff ff ff ff ff fe ff ff ff 00 00 00 00 00 00 00 00 ;"ˇˇˇˇˇˇˇˇ˛ˇˇˇ........";20;;COM3;;
155;27/08/2026 13:42:53;IRP_MJ_DEVICE_CONTROL (IOCTL_SERIAL_SET_TIMEOUTS);UP;STATUS_SUCCESS;;"";;;COM3;;
156;27/08/2026 13:42:53;IRP_MJ_DEVICE_CONTROL (IOCTL_SERIAL_SET_WAIT_MASK);DOWN;;fb 01 00 00 ;"˚...";4;;COM3;;
157;27/08/2026 13:42:53;IRP_MJ_DEVICE_CONTROL (IOCTL_SERIAL_SET_WAIT_MASK);UP;STATUS_SUCCESS;;"";;;COM3;;
158;27/08/2026 13:42:53;IRP_MJ_DEVICE_CONTROL (IOCTL_SERIAL_SET_QUEUE_SIZE);DOWN;;00 10 00 00 00 08 00 00 ;"........";8;;COM3;;
159;27/08/2026 13:42:53;IRP_MJ_DEVICE_CONTROL (IOCTL_SERIAL_SET_QUEUE_SIZE);UP;STATUS_SUCCESS;;"";;;COM3;;
160;27/08/2026 13:42:53;IRP_MJ_DEVICE_CONTROL (IOCTL_SERIAL_WAIT_ON_MASK);DOWN;;;"";;;COM3;;
161;27/08/2026 13:42:53;IRP_MJ_WRITE;DOWN;;05 03 4e 21 00 01 c2 ac ;"..N!..¬¨";8;8;COM3;;
162;27/08/2026 13:42:53;IRP_MJ_WRITE;UP;STATUS_SUCCESS;05 03 4e 21 00 01 c2 ac ;"..N!..¬¨";8;;COM3;;
163;27/08/2026 13:42:53;IRP_MJ_DEVICE_CONTROL (IOCTL_SERIAL_GET_COMMSTATUS);DOWN;;;"";;;COM3;;
164;27/08/2026 13:42:53;IRP_MJ_DEVICE_CONTROL (IOCTL_SERIAL_GET_COMMSTATUS);UP;STATUS_SUCCESS;00 00 00 00 00 00 00 00 00 00 00 00 00 00 00 00 00 00 00 00 ;"....................";20;;COM3;;
165;27/08/2026 13:42:53;IRP_MJ_DEVICE_CONTROL (IOCTL_SERIAL_GET_COMMSTATUS);DOWN;;;"";;;COM3;;
166;27/08/2026 13:42:53;IRP_MJ_DEVICE_CONTROL (IOCTL_SERIAL_GET_COMMSTATUS);UP;STATUS_SUCCESS;00 00 00 00 00 00 00 00 00 00 00 00 00 00 00 00 00 00 00 00 ;"....................";20;;COM3;;
167;27/08/2026 13:42:53;IRP_MJ_DEVICE_CONTROL (IOCTL_SERIAL_GET_COMMSTATUS);DOWN;;;"";;;COM3;;
168;27/08/2026 13:42:53;IRP_MJ_DEVICE_CONTROL (IOCTL_SERIAL_GET_COMMSTATUS);UP;STATUS_SUCCESS;00 00 00 00 00 00 00 00 00 00 00 00 00 00 00 00 00 00 00 00 ;"....................";20;;COM3;;
169;27/08/2026 13:42:53;IRP_MJ_DEVICE_CONTROL (IOCTL_SERIAL_GET_COMMSTATUS);DOWN;;;"";;;COM3;;
170;27/08/2026 13:42:53;IRP_MJ_DEVICE_CONTROL (IOCTL_SERIAL_GET_COMMSTATUS);UP;STATUS_SUCCESS;00 00 00 00 00 00 00 00 00 00 00 00 00 00 00 00 00 00 00 00 ;"....................";20;;COM3;;
171;27/08/2026 13:42:53;IRP_MJ_DEVICE_CONTROL (IOCTL_SERIAL_GET_COMMSTATUS);DOWN;;;"";;;COM3;;
172;27/08/2026 13:42:53;IRP_MJ_DEVICE_CONTROL (IOCTL_SERIAL_GET_COMMSTATUS);UP;STATUS_SUCCESS;00 00 00 00 00 00 00 00 00 00 00 00 00 00 00 00 00 00 00 00 ;"....................";20;;COM3;;
173;27/08/2026 13:42:53;IRP_MJ_DEVICE_CONTROL (IOCTL_SERIAL_GET_COMMSTATUS);DOWN;;;"";;;COM3;;
174;27/08/2026 13:42:53;IRP_MJ_DEVICE_CONTROL (IOCTL_SERIAL_GET_COMMSTATUS);UP;STATUS_SUCCESS;00 00 00 00 00 00 00 00 00 00 00 00 00 00 00 00 00 00 00 00 ;"....................";20;;COM3;;
175;27/08/2026 13:42:53;IRP_MJ_DEVICE_CONTROL (IOCTL_SERIAL_GET_COMMSTATUS);DOWN;;;"";;;COM3;;
176;27/08/2026 13:42:53;IRP_MJ_DEVICE_CONTROL (IOCTL_SERIAL_GET_COMMSTATUS);UP;STATUS_SUCCESS;00 00 00 00 00 00 00 00 00 00 00 00 00 00 00 00 00 00 00 00 ;"....................";20;;COM3;;
177;27/08/2026 13:42:54;IRP_MJ_DEVICE_CONTROL (IOCTL_SERIAL_GET_COMMSTATUS);DOWN;;;"";;;COM3;;
178;27/08/2026 13:42:54;IRP_MJ_DEVICE_CONTROL (IOCTL_SERIAL_GET_COMMSTATUS);UP;STATUS_SUCCESS;00 00 00 00 00 00 00 00 00 00 00 00 00 00 00 00 00 00 00 00 ;"....................";20;;COM3;;
179;27/08/2026 13:42:54;IRP_MJ_DEVICE_CONTROL (IOCTL_SERIAL_GET_COMMSTATUS);DOWN;;;"";;;COM3;;
180;27/08/2026 13:42:54;IRP_MJ_DEVICE_CONTROL (IOCTL_SERIAL_GET_COMMSTATUS);UP;STATUS_SUCCESS;00 00 00 00 00 00 00 00 00 00 00 00 00 00 00 00 00 00 00 00 ;"....................";20;;COM3;;
181;27/08/2026 13:42:54;IRP_MJ_DEVICE_CONTROL (IOCTL_SERIAL_GET_COMMSTATUS);DOWN;;;"";;;COM3;;
182;27/08/2026 13:42:54;IRP_MJ_DEVICE_CONTROL (IOCTL_SERIAL_GET_COMMSTATUS);UP;STATUS_SUCCESS;00 00 00 00 00 00 00 00 00 00 00 00 00 00 00 00 00 00 00 00 ;"....................";20;;COM3;;
183;27/08/2026 13:42:54;IRP_MJ_DEVICE_CONTROL (IOCTL_SERIAL_GET_COMMSTATUS);DOWN;;;"";;;COM3;;
184;27/08/2026 13:42:54;IRP_MJ_DEVICE_CONTROL (IOCTL_SERIAL_GET_COMMSTATUS);UP;STATUS_SUCCESS;00 00 00 00 00 00 00 00 00 00 00 00 00 00 00 00 00 00 00 00 ;"....................";20;;COM3;;
185;27/08/2026 13:42:54;IRP_MJ_DEVICE_CONTROL (IOCTL_SERIAL_SET_WAIT_MASK);DOWN;;00 00 00 00 ;"....";4;;COM3;;
186;27/08/2026 13:42:54;IRP_MJ_DEVICE_CONTROL (IOCTL_SERIAL_WAIT_ON_MASK);UP;STATUS_SUCCESS;00 00 00 00 ;"....";4;;COM3;;
187;27/08/2026 13:42:54;IRP_MJ_DEVICE_CONTROL (IOCTL_SERIAL_SET_WAIT_MASK);UP;STATUS_SUCCESS;;"";;;COM3;;
188;27/08/2026 13:42:54;IRP_MJ_DEVICE_CONTROL (IOCTL_SERIAL_CLR_DTR);DOWN;;;"";;;COM3;;
189;27/08/2026 13:42:54;IRP_MJ_DEVICE_CONTROL (IOCTL_SERIAL_CLR_DTR);UP;STATUS_SUCCESS;;"";;;COM3;;
190;27/08/2026 13:42:54;IRP_MJ_DEVICE_CONTROL (IOCTL_SERIAL_PURGE);DOWN;;0a 00 00 00 ;"....";4;;COM3;;
191;27/08/2026 13:42:54;IRP_MJ_DEVICE_CONTROL (IOCTL_SERIAL_PURGE);UP;STATUS_SUCCESS;;"";;;COM3;;
192;27/08/2026 13:42:54;IRP_MJ_DEVICE_CONTROL (IOCTL_SERIAL_PURGE);DOWN;;05 00 00 00 ;"....";4;;COM3;;
193;27/08/2026 13:42:54;IRP_MJ_DEVICE_CONTROL (IOCTL_SERIAL_PURGE);UP;STATUS_SUCCESS;;"";;;COM3;;
194;27/08/2026 13:42:54;IRP_MJ_CLOSE;DOWN;;;"";;;COM3;;
195;27/08/2026 13:42:54;IRP_MJ_CLOSE;UP;STATUS_SUCCESS;;"";;;COM3;;
196;27/08/2026 13:42:54;IRP_MJ_CREATE;DOWN;;;"C:\Program Files (x86)\CC\SolarPowerMonitor\SolarMonitor.exe";;;COM3;;
197;27/08/2026 13:42:54;IRP_MJ_CREATE;UP;STATUS_SUCCESS;;"C:\Program Files (x86)\CC\SolarPowerMonitor\SolarMonitor.exe";;;COM3;;
198;27/08/2026 13:42:54;IRP_MJ_DEVICE_CONTROL (IOCTL_SERIAL_GET_PROPERTIES);DOWN;;;"";;;COM3;;
199;27/08/2026 13:42:54;IRP_MJ_DEVICE_CONTROL (IOCTL_SERIAL_GET_PROPERTIES);UP;STATUS_SUCCESS;40 00 02 00 01 00 00 00 00 00 00 00 00 00 00 00 00 00 00 00 00 00 00 10 01 00 00 00 ff 00 00 00 7f 00 00 00 ff ff 07 10 0f 00 07 1f 00 00 00 00 d8 0c 01 00 00 00 00 00 23 55 48 43 00 00 00 00 ;"@...........................ˇ......ˇˇ..........ÿ.......#UHC....";64;;COM3;;
200;27/08/2026 13:42:54;IRP_MJ_DEVICE_CONTROL (IOCTL_SERIAL_GET_MODEMSTATUS);DOWN;;;"";;;COM3;;
201;27/08/2026 13:42:54;IRP_MJ_DEVICE_CONTROL (IOCTL_SERIAL_GET_MODEMSTATUS);UP;STATUS_SUCCESS;00 00 00 00 ;"....";4;;COM3;;
202;27/08/2026 13:42:54;IRP_MJ_DEVICE_CONTROL (IOCTL_SERIAL_GET_BAUD_RATE);DOWN;;;"";;;COM3;;
203;27/08/2026 13:42:54;IRP_MJ_DEVICE_CONTROL (IOCTL_SERIAL_GET_BAUD_RATE);UP;STATUS_SUCCESS;80 25 00 00 ;"Ä%..";4;;COM3;;
204;27/08/2026 13:42:54;IRP_MJ_DEVICE_CONTROL (IOCTL_SERIAL_GET_LINE_CONTROL);DOWN;;;"";;;COM3;;
205;27/08/2026 13:42:54;IRP_MJ_DEVICE_CONTROL (IOCTL_SERIAL_GET_LINE_CONTROL);UP;STATUS_SUCCESS;00 00 08 ;"...";3;;COM3;;
206;27/08/2026 13:42:54;IRP_MJ_DEVICE_CONTROL (IOCTL_SERIAL_GET_CHARS);DOWN;;;"";;;COM3;;
207;27/08/2026 13:42:54;IRP_MJ_DEVICE_CONTROL (IOCTL_SERIAL_GET_CHARS);UP;STATUS_SUCCESS;1a 00 00 1a 11 13 ;"......";6;;COM3;;
208;27/08/2026 13:42:54;IRP_MJ_DEVICE_CONTROL (IOCTL_SERIAL_GET_HANDFLOW);DOWN;;;"";;;COM3;;
209;27/08/2026 13:42:54;IRP_MJ_DEVICE_CONTROL (IOCTL_SERIAL_GET_HANDFLOW);UP;STATUS_SUCCESS;00 00 00 00 00 00 00 00 6c 86 00 00 9b 21 00 00 ;"........lÜ..õ!..";16;;COM3;;
210;27/08/2026 13:42:54;IRP_MJ_DEVICE_CONTROL (IOCTL_SERIAL_GET_BAUD_RATE);DOWN;;;"";;;COM3;;
211;27/08/2026 13:42:54;IRP_MJ_DEVICE_CONTROL (IOCTL_SERIAL_GET_BAUD_RATE);UP;STATUS_SUCCESS;80 25 00 00 ;"Ä%..";4;;COM3;;
212;27/08/2026 13:42:54;IRP_MJ_DEVICE_CONTROL (IOCTL_SERIAL_GET_LINE_CONTROL);DOWN;;;"";;;COM3;;
213;27/08/2026 13:42:54;IRP_MJ_DEVICE_CONTROL (IOCTL_SERIAL_GET_LINE_CONTROL);UP;STATUS_SUCCESS;00 00 08 ;"...";3;;COM3;;
214;27/08/2026 13:42:54;IRP_MJ_DEVICE_CONTROL (IOCTL_SERIAL_GET_CHARS);DOWN;;;"";;;COM3;;
215;27/08/2026 13:42:54;IRP_MJ_DEVICE_CONTROL (IOCTL_SERIAL_GET_CHARS);UP;STATUS_SUCCESS;1a 00 00 1a 11 13 ;"......";6;;COM3;;
216;27/08/2026 13:42:54;IRP_MJ_DEVICE_CONTROL (IOCTL_SERIAL_GET_HANDFLOW);DOWN;;;"";;;COM3;;
217;27/08/2026 13:42:54;IRP_MJ_DEVICE_CONTROL (IOCTL_SERIAL_GET_HANDFLOW);UP;STATUS_SUCCESS;00 00 00 00 00 00 00 00 6c 86 00 00 9b 21 00 00 ;"........lÜ..õ!..";16;;COM3;;
218;27/08/2026 13:42:54;IRP_MJ_DEVICE_CONTROL (IOCTL_SERIAL_SET_BAUD_RATE);DOWN;;80 25 00 00 ;"Ä%..";4;;COM3;;
219;27/08/2026 13:42:54;IRP_MJ_DEVICE_CONTROL (IOCTL_SERIAL_SET_BAUD_RATE);UP;STATUS_SUCCESS;;"";;;COM3;;
220;27/08/2026 13:42:54;IRP_MJ_DEVICE_CONTROL (IOCTL_SERIAL_CLR_RTS);DOWN;;;"";;;COM3;;
221;27/08/2026 13:42:54;IRP_MJ_DEVICE_CONTROL (IOCTL_SERIAL_CLR_RTS);UP;STATUS_SUCCESS;;"";;;COM3;;
222;27/08/2026 13:42:54;IRP_MJ_DEVICE_CONTROL (IOCTL_SERIAL_CLR_DTR);DOWN;;;"";;;COM3;;
223;27/08/2026 13:42:54;IRP_MJ_DEVICE_CONTROL (IOCTL_SERIAL_CLR_DTR);UP;STATUS_SUCCESS;;"";;;COM3;;
224;27/08/2026 13:42:54;IRP_MJ_DEVICE_CONTROL (IOCTL_SERIAL_SET_LINE_CONTROL);DOWN;;00 00 08 ;"...";3;;COM3;;
225;27/08/2026 13:42:54;IRP_MJ_DEVICE_CONTROL (IOCTL_SERIAL_SET_LINE_CONTROL);UP;STATUS_SUCCESS;;"";;;COM3;;
226;27/08/2026 13:42:54;IRP_MJ_DEVICE_CONTROL (IOCTL_SERIAL_SET_CHARS);DOWN;;1a 00 00 1a 11 13 ;"......";6;;COM3;;
227;27/08/2026 13:42:54;IRP_MJ_DEVICE_CONTROL (IOCTL_SERIAL_SET_CHARS);UP;STATUS_SUCCESS;;"";;;COM3;;
228;27/08/2026 13:42:54;IRP_MJ_DEVICE_CONTROL (IOCTL_SERIAL_SET_HANDFLOW);DOWN;;00 00 00 00 00 00 00 00 36 43 00 00 36 43 00 00 ;"........6C..6C..";16;;COM3;;
229;27/08/2026 13:42:54;IRP_MJ_DEVICE_CONTROL (IOCTL_SERIAL_SET_HANDFLOW);UP;STATUS_SUCCESS;;"";;;COM3;;
230;27/08/2026 13:42:54;IRP_MJ_DEVICE_CONTROL (IOCTL_SERIAL_GET_BAUD_RATE);DOWN;;;"";;;COM3;;
231;27/08/2026 13:42:54;IRP_MJ_DEVICE_CONTROL (IOCTL_SERIAL_GET_BAUD_RATE);UP;STATUS_SUCCESS;80 25 00 00 ;"Ä%..";4;;COM3;;
232;27/08/2026 13:42:54;IRP_MJ_DEVICE_CONTROL (IOCTL_SERIAL_GET_LINE_CONTROL);DOWN;;;"";;;COM3;;
233;27/08/2026 13:42:54;IRP_MJ_DEVICE_CONTROL (IOCTL_SERIAL_GET_LINE_CONTROL);UP;STATUS_SUCCESS;00 00 08 ;"...";3;;COM3;;
234;27/08/2026 13:42:54;IRP_MJ_DEVICE_CONTROL (IOCTL_SERIAL_GET_CHARS);DOWN;;;"";;;COM3;;
235;27/08/2026 13:42:54;IRP_MJ_DEVICE_CONTROL (IOCTL_SERIAL_GET_CHARS);UP;STATUS_SUCCESS;1a 00 00 1a 11 13 ;"......";6;;COM3;;
236;27/08/2026 13:42:54;IRP_MJ_DEVICE_CONTROL (IOCTL_SERIAL_GET_HANDFLOW);DOWN;;;"";;;COM3;;
237;27/08/2026 13:42:54;IRP_MJ_DEVICE_CONTROL (IOCTL_SERIAL_GET_HANDFLOW);UP;STATUS_SUCCESS;00 00 00 00 00 00 00 00 36 43 00 00 36 43 00 00 ;"........6C..6C..";16;;COM3;;
238;27/08/2026 13:42:54;IRP_MJ_DEVICE_CONTROL (IOCTL_SERIAL_SET_BAUD_RATE);DOWN;;80 25 00 00 ;"Ä%..";4;;COM3;;
239;27/08/2026 13:42:54;IRP_MJ_DEVICE_CONTROL (IOCTL_SERIAL_SET_BAUD_RATE);UP;STATUS_SUCCESS;;"";;;COM3;;
240;27/08/2026 13:42:54;IRP_MJ_DEVICE_CONTROL (IOCTL_SERIAL_CLR_RTS);DOWN;;;"";;;COM3;;
241;27/08/2026 13:42:54;IRP_MJ_DEVICE_CONTROL (IOCTL_SERIAL_CLR_RTS);UP;STATUS_SUCCESS;;"";;;COM3;;
242;27/08/2026 13:42:54;IRP_MJ_DEVICE_CONTROL (IOCTL_SERIAL_CLR_DTR);DOWN;;;"";;;COM3;;
243;27/08/2026 13:42:54;IRP_MJ_DEVICE_CONTROL (IOCTL_SERIAL_CLR_DTR);UP;STATUS_SUCCESS;;"";;;COM3;;
244;27/08/2026 13:42:54;IRP_MJ_DEVICE_CONTROL (IOCTL_SERIAL_SET_LINE_CONTROL);DOWN;;00 00 08 ;"...";3;;COM3;;
245;27/08/2026 13:42:54;IRP_MJ_DEVICE_CONTROL (IOCTL_SERIAL_SET_LINE_CONTROL);UP;STATUS_SUCCESS;;"";;;COM3;;
246;27/08/2026 13:42:54;IRP_MJ_DEVICE_CONTROL (IOCTL_SERIAL_SET_CHARS);DOWN;;1a 00 00 1a 11 13 ;"......";6;;COM3;;
247;27/08/2026 13:42:54;IRP_MJ_DEVICE_CONTROL (IOCTL_SERIAL_SET_CHARS);UP;STATUS_SUCCESS;;"";;;COM3;;
248;27/08/2026 13:42:54;IRP_MJ_DEVICE_CONTROL (IOCTL_SERIAL_SET_HANDFLOW);DOWN;;00 00 00 00 00 00 00 00 36 43 00 00 36 43 00 00 ;"........6C..6C..";16;;COM3;;
249;27/08/2026 13:42:54;IRP_MJ_DEVICE_CONTROL (IOCTL_SERIAL_SET_HANDFLOW);UP;STATUS_SUCCESS;;"";;;COM3;;
250;27/08/2026 13:42:54;IRP_MJ_DEVICE_CONTROL (IOCTL_SERIAL_CLR_DTR);DOWN;;;"";;;COM3;;
251;27/08/2026 13:42:54;IRP_MJ_DEVICE_CONTROL (IOCTL_SERIAL_CLR_DTR);UP;STATUS_SUCCESS;;"";;;COM3;;
252;27/08/2026 13:42:54;IRP_MJ_DEVICE_CONTROL (IOCTL_SERIAL_SET_TIMEOUTS);DOWN;;ff ff ff ff ff ff ff ff fe ff ff ff 00 00 00 00 00 00 00 00 ;"ˇˇˇˇˇˇˇˇ˛ˇˇˇ........";20;;COM3;;
253;27/08/2026 13:42:54;IRP_MJ_DEVICE_CONTROL (IOCTL_SERIAL_SET_TIMEOUTS);UP;STATUS_SUCCESS;;"";;;COM3;;
254;27/08/2026 13:42:54;IRP_MJ_DEVICE_CONTROL (IOCTL_SERIAL_SET_WAIT_MASK);DOWN;;fb 01 00 00 ;"˚...";4;;COM3;;
255;27/08/2026 13:42:54;IRP_MJ_DEVICE_CONTROL (IOCTL_SERIAL_SET_WAIT_MASK);UP;STATUS_SUCCESS;;"";;;COM3;;
256;27/08/2026 13:42:54;IRP_MJ_DEVICE_CONTROL (IOCTL_SERIAL_SET_QUEUE_SIZE);DOWN;;00 10 00 00 00 08 00 00 ;"........";8;;COM3;;
257;27/08/2026 13:42:54;IRP_MJ_DEVICE_CONTROL (IOCTL_SERIAL_SET_QUEUE_SIZE);UP;STATUS_SUCCESS;;"";;;COM3;;
258;27/08/2026 13:42:54;IRP_MJ_DEVICE_CONTROL (IOCTL_SERIAL_WAIT_ON_MASK);DOWN;;;"";;;COM3;;
259;27/08/2026 13:42:54;IRP_MJ_WRITE;DOWN;;06 03 4e 21 00 01 c2 9f ;"..N!..¬ü";8;8;COM3;;
260;27/08/2026 13:42:54;IRP_MJ_WRITE;UP;STATUS_SUCCESS;06 03 4e 21 00 01 c2 9f ;"..N!..¬ü";8;;COM3;;
261;27/08/2026 13:42:54;IRP_MJ_DEVICE_CONTROL (IOCTL_SERIAL_GET_COMMSTATUS);DOWN;;;"";;;COM3;;
262;27/08/2026 13:42:54;IRP_MJ_DEVICE_CONTROL (IOCTL_SERIAL_GET_COMMSTATUS);UP;STATUS_SUCCESS;00 00 00 00 00 00 00 00 00 00 00 00 00 00 00 00 00 00 00 00 ;"....................";20;;COM3;;
263;27/08/2026 13:42:54;IRP_MJ_DEVICE_CONTROL (IOCTL_SERIAL_GET_COMMSTATUS);DOWN;;;"";;;COM3;;
264;27/08/2026 13:42:54;IRP_MJ_DEVICE_CONTROL (IOCTL_SERIAL_GET_COMMSTATUS);UP;STATUS_SUCCESS;00 00 00 00 00 00 00 00 00 00 00 00 00 00 00 00 00 00 00 00 ;"....................";20;;COM3;;
265;27/08/2026 13:42:54;IRP_MJ_DEVICE_CONTROL (IOCTL_SERIAL_GET_COMMSTATUS);DOWN;;;"";;;COM3;;
266;27/08/2026 13:42:54;IRP_MJ_DEVICE_CONTROL (IOCTL_SERIAL_GET_COMMSTATUS);UP;STATUS_SUCCESS;00 00 00 00 00 00 00 00 00 00 00 00 00 00 00 00 00 00 00 00 ;"....................";20;;COM3;;
267;27/08/2026 13:42:54;IRP_MJ_DEVICE_CONTROL (IOCTL_SERIAL_GET_COMMSTATUS);DOWN;;;"";;;COM3;;
268;27/08/2026 13:42:54;IRP_MJ_DEVICE_CONTROL (IOCTL_SERIAL_GET_COMMSTATUS);UP;STATUS_SUCCESS;00 00 00 00 00 00 00 00 00 00 00 00 00 00 00 00 00 00 00 00 ;"....................";20;;COM3;;
269;27/08/2026 13:42:54;IRP_MJ_DEVICE_CONTROL (IOCTL_SERIAL_GET_COMMSTATUS);DOWN;;;"";;;COM3;;
270;27/08/2026 13:42:54;IRP_MJ_DEVICE_CONTROL (IOCTL_SERIAL_GET_COMMSTATUS);UP;STATUS_SUCCESS;00 00 00 00 00 00 00 00 00 00 00 00 00 00 00 00 00 00 00 00 ;"....................";20;;COM3;;
271;27/08/2026 13:42:54;IRP_MJ_DEVICE_CONTROL (IOCTL_SERIAL_GET_COMMSTATUS);DOWN;;;"";;;COM3;;
272;27/08/2026 13:42:54;IRP_MJ_DEVICE_CONTROL (IOCTL_SERIAL_GET_COMMSTATUS);UP;STATUS_SUCCESS;00 00 00 00 00 00 00 00 00 00 00 00 00 00 00 00 00 00 00 00 ;"....................";20;;COM3;;
273;27/08/2026 13:42:54;IRP_MJ_DEVICE_CONTROL (IOCTL_SERIAL_GET_COMMSTATUS);DOWN;;;"";;;COM3;;
274;27/08/2026 13:42:54;IRP_MJ_DEVICE_CONTROL (IOCTL_SERIAL_GET_COMMSTATUS);UP;STATUS_SUCCESS;00 00 00 00 00 00 00 00 00 00 00 00 00 00 00 00 00 00 00 00 ;"....................";20;;COM3;;
275;27/08/2026 13:42:54;IRP_MJ_DEVICE_CONTROL (IOCTL_SERIAL_GET_COMMSTATUS);DOWN;;;"";;;COM3;;
276;27/08/2026 13:42:54;IRP_MJ_DEVICE_CONTROL (IOCTL_SERIAL_GET_COMMSTATUS);UP;STATUS_SUCCESS;00 00 00 00 00 00 00 00 00 00 00 00 00 00 00 00 00 00 00 00 ;"....................";20;;COM3;;
277;27/08/2026 13:42:54;IRP_MJ_DEVICE_CONTROL (IOCTL_SERIAL_GET_COMMSTATUS);DOWN;;;"";;;COM3;;
278;27/08/2026 13:42:54;IRP_MJ_DEVICE_CONTROL (IOCTL_SERIAL_GET_COMMSTATUS);UP;STATUS_SUCCESS;00 00 00 00 00 00 00 00 00 00 00 00 00 00 00 00 00 00 00 00 ;"....................";20;;COM3;;
279;27/08/2026 13:42:54;IRP_MJ_DEVICE_CONTROL (IOCTL_SERIAL_GET_COMMSTATUS);DOWN;;;"";;;COM3;;
280;27/08/2026 13:42:54;IRP_MJ_DEVICE_CONTROL (IOCTL_SERIAL_GET_COMMSTATUS);UP;STATUS_SUCCESS;00 00 00 00 00 00 00 00 00 00 00 00 00 00 00 00 00 00 00 00 ;"....................";20;;COM3;;
281;27/08/2026 13:42:54;IRP_MJ_DEVICE_CONTROL (IOCTL_SERIAL_GET_COMMSTATUS);DOWN;;;"";;;COM3;;
282;27/08/2026 13:42:54;IRP_MJ_DEVICE_CONTROL (IOCTL_SERIAL_GET_COMMSTATUS);UP;STATUS_SUCCESS;00 00 00 00 00 00 00 00 00 00 00 00 00 00 00 00 00 00 00 00 ;"....................";20;;COM3;;
283;27/08/2026 13:42:54;IRP_MJ_DEVICE_CONTROL (IOCTL_SERIAL_SET_WAIT_MASK);DOWN;;00 00 00 00 ;"....";4;;COM3;;
284;27/08/2026 13:42:54;IRP_MJ_DEVICE_CONTROL (IOCTL_SERIAL_WAIT_ON_MASK);UP;STATUS_SUCCESS;00 00 00 00 ;"....";4;;COM3;;
285;27/08/2026 13:42:54;IRP_MJ_DEVICE_CONTROL (IOCTL_SERIAL_SET_WAIT_MASK);UP;STATUS_SUCCESS;;"";;;COM3;;
286;27/08/2026 13:42:54;IRP_MJ_DEVICE_CONTROL (IOCTL_SERIAL_CLR_DTR);DOWN;;;"";;;COM3;;
287;27/08/2026 13:42:54;IRP_MJ_DEVICE_CONTROL (IOCTL_SERIAL_CLR_DTR);UP;STATUS_SUCCESS;;"";;;COM3;;
288;27/08/2026 13:42:54;IRP_MJ_DEVICE_CONTROL (IOCTL_SERIAL_PURGE);DOWN;;0a 00 00 00 ;"....";4;;COM3;;
289;27/08/2026 13:42:54;IRP_MJ_DEVICE_CONTROL (IOCTL_SERIAL_PURGE);UP;STATUS_SUCCESS;;"";;;COM3;;
290;27/08/2026 13:42:54;IRP_MJ_DEVICE_CONTROL (IOCTL_SERIAL_PURGE);DOWN;;05 00 00 00 ;"....";4;;COM3;;
291;27/08/2026 13:42:54;IRP_MJ_DEVICE_CONTROL (IOCTL_SERIAL_PURGE);UP;STATUS_SUCCESS;;"";;;COM3;;
292;27/08/2026 13:42:54;IRP_MJ_CLOSE;DOWN;;;"";;;COM3;;
293;27/08/2026 13:42:54;IRP_MJ_CLOSE;UP;STATUS_SUCCESS;;"";;;COM3;;
294;27/08/2026 13:42:54;IRP_MJ_CREATE;DOWN;;;"C:\Program Files (x86)\CC\SolarPowerMonitor\SolarMonitor.exe";;;COM3;;
295;27/08/2026 13:42:54;IRP_MJ_CREATE;UP;STATUS_SUCCESS;;"C:\Program Files (x86)\CC\SolarPowerMonitor\SolarMonitor.exe";;;COM3;;
296;27/08/2026 13:42:54;IRP_MJ_DEVICE_CONTROL (IOCTL_SERIAL_GET_PROPERTIES);DOWN;;;"";;;COM3;;
297;27/08/2026 13:42:54;IRP_MJ_DEVICE_CONTROL (IOCTL_SERIAL_GET_PROPERTIES);UP;STATUS_SUCCESS;40 00 02 00 01 00 00 00 00 00 00 00 00 00 00 00 00 00 00 00 00 00 00 10 01 00 00 00 ff 00 00 00 7f 00 00 00 ff ff 07 10 0f 00 07 1f 00 00 00 00 d8 0c 01 00 00 00 00 00 23 55 48 43 00 00 00 00 ;"@...........................ˇ......ˇˇ..........ÿ.......#UHC....";64;;COM3;;
298;27/08/2026 13:42:54;IRP_MJ_DEVICE_CONTROL (IOCTL_SERIAL_GET_MODEMSTATUS);DOWN;;;"";;;COM3;;
299;27/08/2026 13:42:54;IRP_MJ_DEVICE_CONTROL (IOCTL_SERIAL_GET_MODEMSTATUS);UP;STATUS_SUCCESS;00 00 00 00 ;"....";4;;COM3;;
300;27/08/2026 13:42:54;IRP_MJ_DEVICE_CONTROL (IOCTL_SERIAL_GET_BAUD_RATE);DOWN;;;"";;;COM3;;
301;27/08/2026 13:42:54;IRP_MJ_DEVICE_CONTROL (IOCTL_SERIAL_GET_BAUD_RATE);UP;STATUS_SUCCESS;80 25 00 00 ;"Ä%..";4;;COM3;;
302;27/08/2026 13:42:54;IRP_MJ_DEVICE_CONTROL (IOCTL_SERIAL_GET_LINE_CONTROL);DOWN;;;"";;;COM3;;
303;27/08/2026 13:42:54;IRP_MJ_DEVICE_CONTROL (IOCTL_SERIAL_GET_LINE_CONTROL);UP;STATUS_SUCCESS;00 00 08 ;"...";3;;COM3;;
304;27/08/2026 13:42:54;IRP_MJ_DEVICE_CONTROL (IOCTL_SERIAL_GET_CHARS);DOWN;;;"";;;COM3;;
305;27/08/2026 13:42:54;IRP_MJ_DEVICE_CONTROL (IOCTL_SERIAL_GET_CHARS);UP;STATUS_SUCCESS;1a 00 00 1a 11 13 ;"......";6;;COM3;;
306;27/08/2026 13:42:54;IRP_MJ_DEVICE_CONTROL (IOCTL_SERIAL_GET_HANDFLOW);DOWN;;;"";;;COM3;;
307;27/08/2026 13:42:54;IRP_MJ_DEVICE_CONTROL (IOCTL_SERIAL_GET_HANDFLOW);UP;STATUS_SUCCESS;00 00 00 00 00 00 00 00 6c 86 00 00 9b 21 00 00 ;"........lÜ..õ!..";16;;COM3;;
308;27/08/2026 13:42:54;IRP_MJ_DEVICE_CONTROL (IOCTL_SERIAL_GET_BAUD_RATE);DOWN;;;"";;;COM3;;
309;27/08/2026 13:42:54;IRP_MJ_DEVICE_CONTROL (IOCTL_SERIAL_GET_BAUD_RATE);UP;STATUS_SUCCESS;80 25 00 00 ;"Ä%..";4;;COM3;;
310;27/08/2026 13:42:54;IRP_MJ_DEVICE_CONTROL (IOCTL_SERIAL_GET_LINE_CONTROL);DOWN;;;"";;;COM3;;
311;27/08/2026 13:42:54;IRP_MJ_DEVICE_CONTROL (IOCTL_SERIAL_GET_LINE_CONTROL);UP;STATUS_SUCCESS;00 00 08 ;"...";3;;COM3;;
312;27/08/2026 13:42:54;IRP_MJ_DEVICE_CONTROL (IOCTL_SERIAL_GET_CHARS);DOWN;;;"";;;COM3;;
313;27/08/2026 13:42:54;IRP_MJ_DEVICE_CONTROL (IOCTL_SERIAL_GET_CHARS);UP;STATUS_SUCCESS;1a 00 00 1a 11 13 ;"......";6;;COM3;;
314;27/08/2026 13:42:54;IRP_MJ_DEVICE_CONTROL (IOCTL_SERIAL_GET_HANDFLOW);DOWN;;;"";;;COM3;;
315;27/08/2026 13:42:54;IRP_MJ_DEVICE_CONTROL (IOCTL_SERIAL_GET_HANDFLOW);UP;STATUS_SUCCESS;00 00 00 00 00 00 00 00 6c 86 00 00 9b 21 00 00 ;"........lÜ..õ!..";16;;COM3;;
316;27/08/2026 13:42:54;IRP_MJ_DEVICE_CONTROL (IOCTL_SERIAL_SET_BAUD_RATE);DOWN;;80 25 00 00 ;"Ä%..";4;;COM3;;
317;27/08/2026 13:42:54;IRP_MJ_DEVICE_CONTROL (IOCTL_SERIAL_SET_BAUD_RATE);UP;STATUS_SUCCESS;;"";;;COM3;;
318;27/08/2026 13:42:54;IRP_MJ_DEVICE_CONTROL (IOCTL_SERIAL_CLR_RTS);DOWN;;;"";;;COM3;;
319;27/08/2026 13:42:54;IRP_MJ_DEVICE_CONTROL (IOCTL_SERIAL_CLR_RTS);UP;STATUS_SUCCESS;;"";;;COM3;;
320;27/08/2026 13:42:54;IRP_MJ_DEVICE_CONTROL (IOCTL_SERIAL_CLR_DTR);DOWN;;;"";;;COM3;;
321;27/08/2026 13:42:54;IRP_MJ_DEVICE_CONTROL (IOCTL_SERIAL_CLR_DTR);UP;STATUS_SUCCESS;;"";;;COM3;;
322;27/08/2026 13:42:54;IRP_MJ_DEVICE_CONTROL (IOCTL_SERIAL_SET_LINE_CONTROL);DOWN;;00 00 08 ;"...";3;;COM3;;
323;27/08/2026 13:42:54;IRP_MJ_DEVICE_CONTROL (IOCTL_SERIAL_SET_LINE_CONTROL);UP;STATUS_SUCCESS;;"";;;COM3;;
324;27/08/2026 13:42:54;IRP_MJ_DEVICE_CONTROL (IOCTL_SERIAL_SET_CHARS);DOWN;;1a 00 00 1a 11 13 ;"......";6;;COM3;;
325;27/08/2026 13:42:54;IRP_MJ_DEVICE_CONTROL (IOCTL_SERIAL_SET_CHARS);UP;STATUS_SUCCESS;;"";;;COM3;;
326;27/08/2026 13:42:54;IRP_MJ_DEVICE_CONTROL (IOCTL_SERIAL_SET_HANDFLOW);DOWN;;00 00 00 00 00 00 00 00 36 43 00 00 36 43 00 00 ;"........6C..6C..";16;;COM3;;
327;27/08/2026 13:42:54;IRP_MJ_DEVICE_CONTROL (IOCTL_SERIAL_SET_HANDFLOW);UP;STATUS_SUCCESS;;"";;;COM3;;
328;27/08/2026 13:42:54;IRP_MJ_DEVICE_CONTROL (IOCTL_SERIAL_GET_BAUD_RATE);DOWN;;;"";;;COM3;;
329;27/08/2026 13:42:54;IRP_MJ_DEVICE_CONTROL (IOCTL_SERIAL_GET_BAUD_RATE);UP;STATUS_SUCCESS;80 25 00 00 ;"Ä%..";4;;COM3;;
330;27/08/2026 13:42:54;IRP_MJ_DEVICE_CONTROL (IOCTL_SERIAL_GET_LINE_CONTROL);DOWN;;;"";;;COM3;;
331;27/08/2026 13:42:54;IRP_MJ_DEVICE_CONTROL (IOCTL_SERIAL_GET_LINE_CONTROL);UP;STATUS_SUCCESS;00 00 08 ;"...";3;;COM3;;
332;27/08/2026 13:42:54;IRP_MJ_DEVICE_CONTROL (IOCTL_SERIAL_GET_CHARS);DOWN;;;"";;;COM3;;
333;27/08/2026 13:42:54;IRP_MJ_DEVICE_CONTROL (IOCTL_SERIAL_GET_CHARS);UP;STATUS_SUCCESS;1a 00 00 1a 11 13 ;"......";6;;COM3;;
334;27/08/2026 13:42:54;IRP_MJ_DEVICE_CONTROL (IOCTL_SERIAL_GET_HANDFLOW);DOWN;;;"";;;COM3;;
335;27/08/2026 13:42:54;IRP_MJ_DEVICE_CONTROL (IOCTL_SERIAL_GET_HANDFLOW);UP;STATUS_SUCCESS;00 00 00 00 00 00 00 00 36 43 00 00 36 43 00 00 ;"........6C..6C..";16;;COM3;;
336;27/08/2026 13:42:54;IRP_MJ_DEVICE_CONTROL (IOCTL_SERIAL_SET_BAUD_RATE);DOWN;;80 25 00 00 ;"Ä%..";4;;COM3;;
337;27/08/2026 13:42:54;IRP_MJ_DEVICE_CONTROL (IOCTL_SERIAL_SET_BAUD_RATE);UP;STATUS_SUCCESS;;"";;;COM3;;
338;27/08/2026 13:42:54;IRP_MJ_DEVICE_CONTROL (IOCTL_SERIAL_CLR_RTS);DOWN;;;"";;;COM3;;
339;27/08/2026 13:42:54;IRP_MJ_DEVICE_CONTROL (IOCTL_SERIAL_CLR_RTS);UP;STATUS_SUCCESS;;"";;;COM3;;
340;27/08/2026 13:42:54;IRP_MJ_DEVICE_CONTROL (IOCTL_SERIAL_CLR_DTR);DOWN;;;"";;;COM3;;
341;27/08/2026 13:42:54;IRP_MJ_DEVICE_CONTROL (IOCTL_SERIAL_CLR_DTR);UP;STATUS_SUCCESS;;"";;;COM3;;
342;27/08/2026 13:42:54;IRP_MJ_DEVICE_CONTROL (IOCTL_SERIAL_SET_LINE_CONTROL);DOWN;;00 00 08 ;"...";3;;COM3;;
343;27/08/2026 13:42:54;IRP_MJ_DEVICE_CONTROL (IOCTL_SERIAL_SET_LINE_CONTROL);UP;STATUS_SUCCESS;;"";;;COM3;;
344;27/08/2026 13:42:54;IRP_MJ_DEVICE_CONTROL (IOCTL_SERIAL_SET_CHARS);DOWN;;1a 00 00 1a 11 13 ;"......";6;;COM3;;
345;27/08/2026 13:42:54;IRP_MJ_DEVICE_CONTROL (IOCTL_SERIAL_SET_CHARS);UP;STATUS_SUCCESS;;"";;;COM3;;
346;27/08/2026 13:42:54;IRP_MJ_DEVICE_CONTROL (IOCTL_SERIAL_SET_HANDFLOW);DOWN;;00 00 00 00 00 00 00 00 36 43 00 00 36 43 00 00 ;"........6C..6C..";16;;COM3;;
347;27/08/2026 13:42:54;IRP_MJ_DEVICE_CONTROL (IOCTL_SERIAL_SET_HANDFLOW);UP;STATUS_SUCCESS;;"";;;COM3;;
348;27/08/2026 13:42:54;IRP_MJ_DEVICE_CONTROL (IOCTL_SERIAL_CLR_DTR);DOWN;;;"";;;COM3;;
349;27/08/2026 13:42:54;IRP_MJ_DEVICE_CONTROL (IOCTL_SERIAL_CLR_DTR);UP;STATUS_SUCCESS;;"";;;COM3;;
350;27/08/2026 13:42:54;IRP_MJ_DEVICE_CONTROL (IOCTL_SERIAL_SET_TIMEOUTS);DOWN;;ff ff ff ff ff ff ff ff fe ff ff ff 00 00 00 00 00 00 00 00 ;"ˇˇˇˇˇˇˇˇ˛ˇˇˇ........";20;;COM3;;
351;27/08/2026 13:42:54;IRP_MJ_DEVICE_CONTROL (IOCTL_SERIAL_SET_TIMEOUTS);UP;STATUS_SUCCESS;;"";;;COM3;;
352;27/08/2026 13:42:54;IRP_MJ_DEVICE_CONTROL (IOCTL_SERIAL_SET_WAIT_MASK);DOWN;;fb 01 00 00 ;"˚...";4;;COM3;;
353;27/08/2026 13:42:54;IRP_MJ_DEVICE_CONTROL (IOCTL_SERIAL_SET_WAIT_MASK);UP;STATUS_SUCCESS;;"";;;COM3;;
354;27/08/2026 13:42:54;IRP_MJ_DEVICE_CONTROL (IOCTL_SERIAL_SET_QUEUE_SIZE);DOWN;;00 10 00 00 00 08 00 00 ;"........";8;;COM3;;
355;27/08/2026 13:42:54;IRP_MJ_DEVICE_CONTROL (IOCTL_SERIAL_SET_QUEUE_SIZE);UP;STATUS_SUCCESS;;"";;;COM3;;
356;27/08/2026 13:42:54;IRP_MJ_DEVICE_CONTROL (IOCTL_SERIAL_WAIT_ON_MASK);DOWN;;;"";;;COM3;;
357;27/08/2026 13:42:54;IRP_MJ_WRITE;DOWN;;0a 03 75 30 00 01 9f 72 ;"..u0..ür";8;8;COM3;;
358;27/08/2026 13:42:54;IRP_MJ_WRITE;UP;STATUS_SUCCESS;0a 03 75 30 00 01 9f 72 ;"..u0..ür";8;;COM3;;
359;27/08/2026 13:42:54;IRP_MJ_DEVICE_CONTROL (IOCTL_SERIAL_GET_COMMSTATUS);DOWN;;;"";;;COM3;;
360;27/08/2026 13:42:54;IRP_MJ_DEVICE_CONTROL (IOCTL_SERIAL_GET_COMMSTATUS);UP;STATUS_SUCCESS;00 00 00 00 00 00 00 00 00 00 00 00 00 00 00 00 00 00 00 00 ;"....................";20;;COM3;;
361;27/08/2026 13:42:54;IRP_MJ_DEVICE_CONTROL (IOCTL_SERIAL_GET_COMMSTATUS);DOWN;;;"";;;COM3;;
362;27/08/2026 13:42:54;IRP_MJ_DEVICE_CONTROL (IOCTL_SERIAL_GET_COMMSTATUS);UP;STATUS_SUCCESS;00 00 00 00 00 00 00 00 00 00 00 00 00 00 00 00 00 00 00 00 ;"....................";20;;COM3;;
363;27/08/2026 13:42:54;IRP_MJ_DEVICE_CONTROL (IOCTL_SERIAL_GET_COMMSTATUS);DOWN;;;"";;;COM3;;
364;27/08/2026 13:42:54;IRP_MJ_DEVICE_CONTROL (IOCTL_SERIAL_GET_COMMSTATUS);UP;STATUS_SUCCESS;00 00 00 00 00 00 00 00 00 00 00 00 00 00 00 00 00 00 00 00 ;"....................";20;;COM3;;
365;27/08/2026 13:42:54;IRP_MJ_DEVICE_CONTROL (IOCTL_SERIAL_GET_COMMSTATUS);DOWN;;;"";;;COM3;;
366;27/08/2026 13:42:54;IRP_MJ_DEVICE_CONTROL (IOCTL_SERIAL_GET_COMMSTATUS);UP;STATUS_SUCCESS;00 00 00 00 00 00 00 00 00 00 00 00 00 00 00 00 00 00 00 00 ;"....................";20;;COM3;;
367;27/08/2026 13:42:54;IRP_MJ_DEVICE_CONTROL (IOCTL_SERIAL_GET_COMMSTATUS);DOWN;;;"";;;COM3;;
368;27/08/2026 13:42:54;IRP_MJ_DEVICE_CONTROL (IOCTL_SERIAL_GET_COMMSTATUS);UP;STATUS_SUCCESS;00 00 00 00 00 00 00 00 00 00 00 00 00 00 00 00 00 00 00 00 ;"....................";20;;COM3;;
369;27/08/2026 13:42:54;IRP_MJ_DEVICE_CONTROL (IOCTL_SERIAL_GET_COMMSTATUS);DOWN;;;"";;;COM3;;
370;27/08/2026 13:42:54;IRP_MJ_DEVICE_CONTROL (IOCTL_SERIAL_GET_COMMSTATUS);UP;STATUS_SUCCESS;00 00 00 00 00 00 00 00 00 00 00 00 00 00 00 00 00 00 00 00 ;"....................";20;;COM3;;
371;27/08/2026 13:42:54;IRP_MJ_DEVICE_CONTROL (IOCTL_SERIAL_GET_COMMSTATUS);DOWN;;;"";;;COM3;;
372;27/08/2026 13:42:54;IRP_MJ_DEVICE_CONTROL (IOCTL_SERIAL_GET_COMMSTATUS);UP;STATUS_SUCCESS;00 00 00 00 00 00 00 00 00 00 00 00 00 00 00 00 00 00 00 00 ;"....................";20;;COM3;;
373;27/08/2026 13:42:54;IRP_MJ_DEVICE_CONTROL (IOCTL_SERIAL_GET_COMMSTATUS);DOWN;;;"";;;COM3;;
374;27/08/2026 13:42:54;IRP_MJ_DEVICE_CONTROL (IOCTL_SERIAL_GET_COMMSTATUS);UP;STATUS_SUCCESS;00 00 00 00 00 00 00 00 00 00 00 00 00 00 00 00 00 00 00 00 ;"....................";20;;COM3;;
375;27/08/2026 13:42:54;IRP_MJ_DEVICE_CONTROL (IOCTL_SERIAL_GET_COMMSTATUS);DOWN;;;"";;;COM3;;
376;27/08/2026 13:42:54;IRP_MJ_DEVICE_CONTROL (IOCTL_SERIAL_GET_COMMSTATUS);UP;STATUS_SUCCESS;00 00 00 00 00 00 00 00 00 00 00 00 00 00 00 00 00 00 00 00 ;"....................";20;;COM3;;
377;27/08/2026 13:42:54;IRP_MJ_DEVICE_CONTROL (IOCTL_SERIAL_GET_COMMSTATUS);DOWN;;;"";;;COM3;;
378;27/08/2026 13:42:54;IRP_MJ_DEVICE_CONTROL (IOCTL_SERIAL_GET_COMMSTATUS);UP;STATUS_SUCCESS;00 00 00 00 00 00 00 00 00 00 00 00 00 00 00 00 00 00 00 00 ;"....................";20;;COM3;;
379;27/08/2026 13:42:54;IRP_MJ_DEVICE_CONTROL (IOCTL_SERIAL_GET_COMMSTATUS);DOWN;;;"";;;COM3;;
380;27/08/2026 13:42:54;IRP_MJ_DEVICE_CONTROL (IOCTL_SERIAL_GET_COMMSTATUS);UP;STATUS_SUCCESS;00 00 00 00 00 00 00 00 00 00 00 00 00 00 00 00 00 00 00 00 ;"....................";20;;COM3;;
381;27/08/2026 13:42:54;IRP_MJ_DEVICE_CONTROL (IOCTL_SERIAL_SET_WAIT_MASK);DOWN;;00 00 00 00 ;"....";4;;COM3;;
382;27/08/2026 13:42:54;IRP_MJ_DEVICE_CONTROL (IOCTL_SERIAL_WAIT_ON_MASK);UP;STATUS_SUCCESS;00 00 00 00 ;"....";4;;COM3;;
383;27/08/2026 13:42:54;IRP_MJ_DEVICE_CONTROL (IOCTL_SERIAL_SET_WAIT_MASK);UP;STATUS_SUCCESS;;"";;;COM3;;
384;27/08/2026 13:42:54;IRP_MJ_DEVICE_CONTROL (IOCTL_SERIAL_CLR_DTR);DOWN;;;"";;;COM3;;
385;27/08/2026 13:42:54;IRP_MJ_DEVICE_CONTROL (IOCTL_SERIAL_CLR_DTR);UP;STATUS_SUCCESS;;"";;;COM3;;
386;27/08/2026 13:42:54;IRP_MJ_DEVICE_CONTROL (IOCTL_SERIAL_PURGE);DOWN;;0a 00 00 00 ;"....";4;;COM3;;
387;27/08/2026 13:42:54;IRP_MJ_DEVICE_CONTROL (IOCTL_SERIAL_PURGE);UP;STATUS_SUCCESS;;"";;;COM3;;
388;27/08/2026 13:42:54;IRP_MJ_DEVICE_CONTROL (IOCTL_SERIAL_PURGE);DOWN;;05 00 00 00 ;"....";4;;COM3;;
389;27/08/2026 13:42:54;IRP_MJ_DEVICE_CONTROL (IOCTL_SERIAL_PURGE);UP;STATUS_SUCCESS;;"";;;COM3;;
390;27/08/2026 13:42:54;IRP_MJ_CLOSE;DOWN;;;"";;;COM3;;
391;27/08/2026 13:42:54;IRP_MJ_CLOSE;UP;STATUS_SUCCESS;;"";;;COM3;;
392;27/08/2026 13:42:54;IRP_MJ_CREATE;DOWN;;;"C:\Program Files (x86)\CC\SolarPowerMonitor\SolarMonitor.exe";;;COM3;;
393;27/08/2026 13:42:54;IRP_MJ_CREATE;UP;STATUS_SUCCESS;;"C:\Program Files (x86)\CC\SolarPowerMonitor\SolarMonitor.exe";;;COM3;;
394;27/08/2026 13:42:54;IRP_MJ_DEVICE_CONTROL (IOCTL_SERIAL_GET_PROPERTIES);DOWN;;;"";;;COM3;;
395;27/08/2026 13:42:54;IRP_MJ_DEVICE_CONTROL (IOCTL_SERIAL_GET_PROPERTIES);UP;STATUS_SUCCESS;40 00 02 00 01 00 00 00 00 00 00 00 00 00 00 00 00 00 00 00 00 00 00 10 01 00 00 00 ff 00 00 00 7f 00 00 00 ff ff 07 10 0f 00 07 1f 00 00 00 00 d8 0c 01 00 00 00 00 00 23 55 48 43 00 00 00 00 ;"@...........................ˇ......ˇˇ..........ÿ.......#UHC....";64;;COM3;;
396;27/08/2026 13:42:54;IRP_MJ_DEVICE_CONTROL (IOCTL_SERIAL_GET_MODEMSTATUS);DOWN;;;"";;;COM3;;
397;27/08/2026 13:42:54;IRP_MJ_DEVICE_CONTROL (IOCTL_SERIAL_GET_MODEMSTATUS);UP;STATUS_SUCCESS;00 00 00 00 ;"....";4;;COM3;;
398;27/08/2026 13:42:54;IRP_MJ_DEVICE_CONTROL (IOCTL_SERIAL_GET_BAUD_RATE);DOWN;;;"";;;COM3;;
399;27/08/2026 13:42:54;IRP_MJ_DEVICE_CONTROL (IOCTL_SERIAL_GET_BAUD_RATE);UP;STATUS_SUCCESS;80 25 00 00 ;"Ä%..";4;;COM3;;
400;27/08/2026 13:42:54;IRP_MJ_DEVICE_CONTROL (IOCTL_SERIAL_GET_LINE_CONTROL);DOWN;;;"";;;COM3;;
401;27/08/2026 13:42:54;IRP_MJ_DEVICE_CONTROL (IOCTL_SERIAL_GET_LINE_CONTROL);UP;STATUS_SUCCESS;00 00 08 ;"...";3;;COM3;;
402;27/08/2026 13:42:54;IRP_MJ_DEVICE_CONTROL (IOCTL_SERIAL_GET_CHARS);DOWN;;;"";;;COM3;;
403;27/08/2026 13:42:54;IRP_MJ_DEVICE_CONTROL (IOCTL_SERIAL_GET_CHARS);UP;STATUS_SUCCESS;1a 00 00 1a 11 13 ;"......";6;;COM3;;
404;27/08/2026 13:42:54;IRP_MJ_DEVICE_CONTROL (IOCTL_SERIAL_GET_HANDFLOW);DOWN;;;"";;;COM3;;
405;27/08/2026 13:42:54;IRP_MJ_DEVICE_CONTROL (IOCTL_SERIAL_GET_HANDFLOW);UP;STATUS_SUCCESS;00 00 00 00 00 00 00 00 6c 86 00 00 9b 21 00 00 ;"........lÜ..õ!..";16;;COM3;;
406;27/08/2026 13:42:54;IRP_MJ_DEVICE_CONTROL (IOCTL_SERIAL_GET_BAUD_RATE);DOWN;;;"";;;COM3;;
407;27/08/2026 13:42:54;IRP_MJ_DEVICE_CONTROL (IOCTL_SERIAL_GET_BAUD_RATE);UP;STATUS_SUCCESS;80 25 00 00 ;"Ä%..";4;;COM3;;
408;27/08/2026 13:42:54;IRP_MJ_DEVICE_CONTROL (IOCTL_SERIAL_GET_LINE_CONTROL);DOWN;;;"";;;COM3;;
409;27/08/2026 13:42:54;IRP_MJ_DEVICE_CONTROL (IOCTL_SERIAL_GET_LINE_CONTROL);UP;STATUS_SUCCESS;00 00 08 ;"...";3;;COM3;;
410;27/08/2026 13:42:54;IRP_MJ_DEVICE_CONTROL (IOCTL_SERIAL_GET_CHARS);DOWN;;;"";;;COM3;;
411;27/08/2026 13:42:54;IRP_MJ_DEVICE_CONTROL (IOCTL_SERIAL_GET_CHARS);UP;STATUS_SUCCESS;1a 00 00 1a 11 13 ;"......";6;;COM3;;
412;27/08/2026 13:42:54;IRP_MJ_DEVICE_CONTROL (IOCTL_SERIAL_GET_HANDFLOW);DOWN;;;"";;;COM3;;
413;27/08/2026 13:42:54;IRP_MJ_DEVICE_CONTROL (IOCTL_SERIAL_GET_HANDFLOW);UP;STATUS_SUCCESS;00 00 00 00 00 00 00 00 6c 86 00 00 9b 21 00 00 ;"........lÜ..õ!..";16;;COM3;;
414;27/08/2026 13:42:54;IRP_MJ_DEVICE_CONTROL (IOCTL_SERIAL_SET_BAUD_RATE);DOWN;;00 4b 00 00 ;".K..";4;;COM3;;
415;27/08/2026 13:42:54;IRP_MJ_DEVICE_CONTROL (IOCTL_SERIAL_SET_BAUD_RATE);UP;STATUS_SUCCESS;;"";;;COM3;;
416;27/08/2026 13:42:54;IRP_MJ_DEVICE_CONTROL (IOCTL_SERIAL_CLR_RTS);DOWN;;;"";;;COM3;;
417;27/08/2026 13:42:54;IRP_MJ_DEVICE_CONTROL (IOCTL_SERIAL_CLR_RTS);UP;STATUS_SUCCESS;;"";;;COM3;;
418;27/08/2026 13:42:54;IRP_MJ_DEVICE_CONTROL (IOCTL_SERIAL_CLR_DTR);DOWN;;;"";;;COM3;;
419;27/08/2026 13:42:54;IRP_MJ_DEVICE_CONTROL (IOCTL_SERIAL_CLR_DTR);UP;STATUS_SUCCESS;;"";;;COM3;;
420;27/08/2026 13:42:54;IRP_MJ_DEVICE_CONTROL (IOCTL_SERIAL_SET_LINE_CONTROL);DOWN;;00 00 08 ;"...";3;;COM3;;
421;27/08/2026 13:42:54;IRP_MJ_DEVICE_CONTROL (IOCTL_SERIAL_SET_LINE_CONTROL);UP;STATUS_SUCCESS;;"";;;COM3;;
422;27/08/2026 13:42:54;IRP_MJ_DEVICE_CONTROL (IOCTL_SERIAL_SET_CHARS);DOWN;;1a 00 00 1a 11 13 ;"......";6;;COM3;;
423;27/08/2026 13:42:54;IRP_MJ_DEVICE_CONTROL (IOCTL_SERIAL_SET_CHARS);UP;STATUS_SUCCESS;;"";;;COM3;;
424;27/08/2026 13:42:54;IRP_MJ_DEVICE_CONTROL (IOCTL_SERIAL_SET_HANDFLOW);DOWN;;00 00 00 00 00 00 00 00 36 43 00 00 36 43 00 00 ;"........6C..6C..";16;;COM3;;
425;27/08/2026 13:42:54;IRP_MJ_DEVICE_CONTROL (IOCTL_SERIAL_SET_HANDFLOW);UP;STATUS_SUCCESS;;"";;;COM3;;
426;27/08/2026 13:42:54;IRP_MJ_DEVICE_CONTROL (IOCTL_SERIAL_GET_BAUD_RATE);DOWN;;;"";;;COM3;;
427;27/08/2026 13:42:54;IRP_MJ_DEVICE_CONTROL (IOCTL_SERIAL_GET_BAUD_RATE);UP;STATUS_SUCCESS;00 4b 00 00 ;".K..";4;;COM3;;
428;27/08/2026 13:42:54;IRP_MJ_DEVICE_CONTROL (IOCTL_SERIAL_GET_LINE_CONTROL);DOWN;;;"";;;COM3;;
429;27/08/2026 13:42:54;IRP_MJ_DEVICE_CONTROL (IOCTL_SERIAL_GET_LINE_CONTROL);UP;STATUS_SUCCESS;00 00 08 ;"...";3;;COM3;;
430;27/08/2026 13:42:54;IRP_MJ_DEVICE_CONTROL (IOCTL_SERIAL_GET_CHARS);DOWN;;;"";;;COM3;;
431;27/08/2026 13:42:54;IRP_MJ_DEVICE_CONTROL (IOCTL_SERIAL_GET_CHARS);UP;STATUS_SUCCESS;1a 00 00 1a 11 13 ;"......";6;;COM3;;
432;27/08/2026 13:42:54;IRP_MJ_DEVICE_CONTROL (IOCTL_SERIAL_GET_HANDFLOW);DOWN;;;"";;;COM3;;
433;27/08/2026 13:42:54;IRP_MJ_DEVICE_CONTROL (IOCTL_SERIAL_GET_HANDFLOW);UP;STATUS_SUCCESS;00 00 00 00 00 00 00 00 36 43 00 00 36 43 00 00 ;"........6C..6C..";16;;COM3;;
434;27/08/2026 13:42:54;IRP_MJ_DEVICE_CONTROL (IOCTL_SERIAL_SET_BAUD_RATE);DOWN;;00 4b 00 00 ;".K..";4;;COM3;;
435;27/08/2026 13:42:54;IRP_MJ_DEVICE_CONTROL (IOCTL_SERIAL_SET_BAUD_RATE);UP;STATUS_SUCCESS;;"";;;COM3;;
436;27/08/2026 13:42:54;IRP_MJ_DEVICE_CONTROL (IOCTL_SERIAL_CLR_RTS);DOWN;;;"";;;COM3;;
437;27/08/2026 13:42:54;IRP_MJ_DEVICE_CONTROL (IOCTL_SERIAL_CLR_RTS);UP;STATUS_SUCCESS;;"";;;COM3;;
438;27/08/2026 13:42:54;IRP_MJ_DEVICE_CONTROL (IOCTL_SERIAL_CLR_DTR);DOWN;;;"";;;COM3;;
439;27/08/2026 13:42:54;IRP_MJ_DEVICE_CONTROL (IOCTL_SERIAL_CLR_DTR);UP;STATUS_SUCCESS;;"";;;COM3;;
440;27/08/2026 13:42:54;IRP_MJ_DEVICE_CONTROL (IOCTL_SERIAL_SET_LINE_CONTROL);DOWN;;00 00 08 ;"...";3;;COM3;;
441;27/08/2026 13:42:54;IRP_MJ_DEVICE_CONTROL (IOCTL_SERIAL_SET_LINE_CONTROL);UP;STATUS_SUCCESS;;"";;;COM3;;
442;27/08/2026 13:42:54;IRP_MJ_DEVICE_CONTROL (IOCTL_SERIAL_SET_CHARS);DOWN;;1a 00 00 1a 11 13 ;"......";6;;COM3;;
443;27/08/2026 13:42:54;IRP_MJ_DEVICE_CONTROL (IOCTL_SERIAL_SET_CHARS);UP;STATUS_SUCCESS;;"";;;COM3;;
444;27/08/2026 13:42:54;IRP_MJ_DEVICE_CONTROL (IOCTL_SERIAL_SET_HANDFLOW);DOWN;;00 00 00 00 00 00 00 00 36 43 00 00 36 43 00 00 ;"........6C..6C..";16;;COM3;;
445;27/08/2026 13:42:54;IRP_MJ_DEVICE_CONTROL (IOCTL_SERIAL_SET_HANDFLOW);UP;STATUS_SUCCESS;;"";;;COM3;;
446;27/08/2026 13:42:54;IRP_MJ_DEVICE_CONTROL (IOCTL_SERIAL_CLR_DTR);DOWN;;;"";;;COM3;;
447;27/08/2026 13:42:54;IRP_MJ_DEVICE_CONTROL (IOCTL_SERIAL_CLR_DTR);UP;STATUS_SUCCESS;;"";;;COM3;;
448;27/08/2026 13:42:54;IRP_MJ_DEVICE_CONTROL (IOCTL_SERIAL_SET_TIMEOUTS);DOWN;;ff ff ff ff ff ff ff ff fe ff ff ff 00 00 00 00 00 00 00 00 ;"ˇˇˇˇˇˇˇˇ˛ˇˇˇ........";20;;COM3;;
449;27/08/2026 13:42:54;IRP_MJ_DEVICE_CONTROL (IOCTL_SERIAL_SET_TIMEOUTS);UP;STATUS_SUCCESS;;"";;;COM3;;
450;27/08/2026 13:42:54;IRP_MJ_DEVICE_CONTROL (IOCTL_SERIAL_SET_WAIT_MASK);DOWN;;fb 01 00 00 ;"˚...";4;;COM3;;
451;27/08/2026 13:42:54;IRP_MJ_DEVICE_CONTROL (IOCTL_SERIAL_SET_WAIT_MASK);UP;STATUS_SUCCESS;;"";;;COM3;;
452;27/08/2026 13:42:54;IRP_MJ_DEVICE_CONTROL (IOCTL_SERIAL_SET_QUEUE_SIZE);DOWN;;00 10 00 00 00 08 00 00 ;"........";8;;COM3;;
453;27/08/2026 13:42:54;IRP_MJ_DEVICE_CONTROL (IOCTL_SERIAL_SET_QUEUE_SIZE);UP;STATUS_SUCCESS;;"";;;COM3;;
454;27/08/2026 13:42:54;IRP_MJ_DEVICE_CONTROL (IOCTL_SERIAL_WAIT_ON_MASK);DOWN;;;"";;;COM3;;
455;27/08/2026 13:42:54;IRP_MJ_WRITE;DOWN;;04 03 4e 20 00 07 12 bf ;"..N ...ø";8;8;COM3;;
456;27/08/2026 13:42:54;IRP_MJ_WRITE;UP;STATUS_SUCCESS;04 03 4e 20 00 07 12 bf ;"..N ...ø";8;;COM3;;
457;27/08/2026 13:42:54;IRP_MJ_DEVICE_CONTROL (IOCTL_SERIAL_GET_COMMSTATUS);DOWN;;;"";;;COM3;;
458;27/08/2026 13:42:54;IRP_MJ_DEVICE_CONTROL (IOCTL_SERIAL_GET_COMMSTATUS);UP;STATUS_SUCCESS;00 00 00 00 00 00 00 00 00 00 00 00 00 00 00 00 00 00 00 00 ;"....................";20;;COM3;;
459;27/08/2026 13:42:54;IRP_MJ_DEVICE_CONTROL (IOCTL_SERIAL_GET_COMMSTATUS);DOWN;;;"";;;COM3;;
460;27/08/2026 13:42:54;IRP_MJ_DEVICE_CONTROL (IOCTL_SERIAL_GET_COMMSTATUS);UP;STATUS_SUCCESS;00 00 00 00 00 00 00 00 00 00 00 00 00 00 00 00 00 00 00 00 ;"....................";20;;COM3;;
461;27/08/2026 13:42:54;IRP_MJ_DEVICE_CONTROL (IOCTL_SERIAL_GET_COMMSTATUS);DOWN;;;"";;;COM3;;
462;27/08/2026 13:42:54;IRP_MJ_DEVICE_CONTROL (IOCTL_SERIAL_GET_COMMSTATUS);UP;STATUS_SUCCESS;00 00 00 00 00 00 00 00 00 00 00 00 00 00 00 00 00 00 00 00 ;"....................";20;;COM3;;
463;27/08/2026 13:42:54;IRP_MJ_DEVICE_CONTROL (IOCTL_SERIAL_GET_COMMSTATUS);DOWN;;;"";;;COM3;;
464;27/08/2026 13:42:54;IRP_MJ_DEVICE_CONTROL (IOCTL_SERIAL_GET_COMMSTATUS);UP;STATUS_SUCCESS;00 00 00 00 00 00 00 00 00 00 00 00 00 00 00 00 00 00 00 00 ;"....................";20;;COM3;;
465;27/08/2026 13:42:54;IRP_MJ_DEVICE_CONTROL (IOCTL_SERIAL_GET_COMMSTATUS);DOWN;;;"";;;COM3;;
466;27/08/2026 13:42:54;IRP_MJ_DEVICE_CONTROL (IOCTL_SERIAL_GET_COMMSTATUS);UP;STATUS_SUCCESS;00 00 00 00 00 00 00 00 00 00 00 00 00 00 00 00 00 00 00 00 ;"....................";20;;COM3;;
467;27/08/2026 13:42:54;IRP_MJ_DEVICE_CONTROL (IOCTL_SERIAL_GET_COMMSTATUS);DOWN;;;"";;;COM3;;
468;27/08/2026 13:42:54;IRP_MJ_DEVICE_CONTROL (IOCTL_SERIAL_GET_COMMSTATUS);UP;STATUS_SUCCESS;00 00 00 00 00 00 00 00 00 00 00 00 00 00 00 00 00 00 00 00 ;"....................";20;;COM3;;
469;27/08/2026 13:42:54;IRP_MJ_DEVICE_CONTROL (IOCTL_SERIAL_GET_COMMSTATUS);DOWN;;;"";;;COM3;;
470;27/08/2026 13:42:54;IRP_MJ_DEVICE_CONTROL (IOCTL_SERIAL_GET_COMMSTATUS);UP;STATUS_SUCCESS;00 00 00 00 00 00 00 00 00 00 00 00 00 00 00 00 00 00 00 00 ;"....................";20;;COM3;;
471;27/08/2026 13:42:54;IRP_MJ_DEVICE_CONTROL (IOCTL_SERIAL_GET_COMMSTATUS);DOWN;;;"";;;COM3;;
472;27/08/2026 13:42:54;IRP_MJ_DEVICE_CONTROL (IOCTL_SERIAL_GET_COMMSTATUS);UP;STATUS_SUCCESS;00 00 00 00 00 00 00 00 00 00 00 00 00 00 00 00 00 00 00 00 ;"....................";20;;COM3;;
473;27/08/2026 13:42:54;IRP_MJ_DEVICE_CONTROL (IOCTL_SERIAL_GET_COMMSTATUS);DOWN;;;"";;;COM3;;
474;27/08/2026 13:42:54;IRP_MJ_DEVICE_CONTROL (IOCTL_SERIAL_GET_COMMSTATUS);UP;STATUS_SUCCESS;00 00 00 00 00 00 00 00 00 00 00 00 00 00 00 00 00 00 00 00 ;"....................";20;;COM3;;
475;27/08/2026 13:42:54;IRP_MJ_DEVICE_CONTROL (IOCTL_SERIAL_GET_COMMSTATUS);DOWN;;;"";;;COM3;;
476;27/08/2026 13:42:54;IRP_MJ_DEVICE_CONTROL (IOCTL_SERIAL_GET_COMMSTATUS);UP;STATUS_SUCCESS;00 00 00 00 00 00 00 00 00 00 00 00 00 00 00 00 00 00 00 00 ;"....................";20;;COM3;;
477;27/08/2026 13:42:54;IRP_MJ_DEVICE_CONTROL (IOCTL_SERIAL_GET_COMMSTATUS);DOWN;;;"";;;COM3;;
478;27/08/2026 13:42:54;IRP_MJ_DEVICE_CONTROL (IOCTL_SERIAL_GET_COMMSTATUS);UP;STATUS_SUCCESS;00 00 00 00 00 00 00 00 00 00 00 00 00 00 00 00 00 00 00 00 ;"....................";20;;COM3;;
479;27/08/2026 13:42:54;IRP_MJ_DEVICE_CONTROL (IOCTL_SERIAL_GET_COMMSTATUS);DOWN;;;"";;;COM3;;
480;27/08/2026 13:42:54;IRP_MJ_DEVICE_CONTROL (IOCTL_SERIAL_GET_COMMSTATUS);UP;STATUS_SUCCESS;00 00 00 00 00 00 00 00 00 00 00 00 00 00 00 00 00 00 00 00 ;"....................";20;;COM3;;
481;27/08/2026 13:42:54;IRP_MJ_DEVICE_CONTROL (IOCTL_SERIAL_GET_COMMSTATUS);DOWN;;;"";;;COM3;;
482;27/08/2026 13:42:54;IRP_MJ_DEVICE_CONTROL (IOCTL_SERIAL_GET_COMMSTATUS);UP;STATUS_SUCCESS;00 00 00 00 00 00 00 00 00 00 00 00 00 00 00 00 00 00 00 00 ;"....................";20;;COM3;;
483;27/08/2026 13:42:54;IRP_MJ_DEVICE_CONTROL (IOCTL_SERIAL_GET_COMMSTATUS);DOWN;;;"";;;COM3;;
484;27/08/2026 13:42:54;IRP_MJ_DEVICE_CONTROL (IOCTL_SERIAL_GET_COMMSTATUS);UP;STATUS_SUCCESS;00 00 00 00 00 00 00 00 00 00 00 00 00 00 00 00 00 00 00 00 ;"....................";20;;COM3;;
485;27/08/2026 13:42:54;IRP_MJ_DEVICE_CONTROL (IOCTL_SERIAL_GET_COMMSTATUS);DOWN;;;"";;;COM3;;
486;27/08/2026 13:42:54;IRP_MJ_DEVICE_CONTROL (IOCTL_SERIAL_GET_COMMSTATUS);UP;STATUS_SUCCESS;00 00 00 00 00 00 00 00 00 00 00 00 00 00 00 00 00 00 00 00 ;"....................";20;;COM3;;
487;27/08/2026 13:42:54;IRP_MJ_DEVICE_CONTROL (IOCTL_SERIAL_GET_COMMSTATUS);DOWN;;;"";;;COM3;;
488;27/08/2026 13:42:54;IRP_MJ_DEVICE_CONTROL (IOCTL_SERIAL_GET_COMMSTATUS);UP;STATUS_SUCCESS;00 00 00 00 00 00 00 00 00 00 00 00 00 00 00 00 00 00 00 00 ;"....................";20;;COM3;;
489;27/08/2026 13:42:54;IRP_MJ_DEVICE_CONTROL (IOCTL_SERIAL_GET_COMMSTATUS);DOWN;;;"";;;COM3;;
490;27/08/2026 13:42:54;IRP_MJ_DEVICE_CONTROL (IOCTL_SERIAL_GET_COMMSTATUS);UP;STATUS_SUCCESS;00 00 00 00 00 00 00 00 00 00 00 00 00 00 00 00 00 00 00 00 ;"....................";20;;COM3;;
491;27/08/2026 13:42:54;IRP_MJ_DEVICE_CONTROL (IOCTL_SERIAL_GET_COMMSTATUS);DOWN;;;"";;;COM3;;
492;27/08/2026 13:42:54;IRP_MJ_DEVICE_CONTROL (IOCTL_SERIAL_GET_COMMSTATUS);UP;STATUS_SUCCESS;00 00 00 00 00 00 00 00 00 00 00 00 00 00 00 00 00 00 00 00 ;"....................";20;;COM3;;
493;27/08/2026 13:42:54;IRP_MJ_DEVICE_CONTROL (IOCTL_SERIAL_GET_COMMSTATUS);DOWN;;;"";;;COM3;;
494;27/08/2026 13:42:54;IRP_MJ_DEVICE_CONTROL (IOCTL_SERIAL_GET_COMMSTATUS);UP;STATUS_SUCCESS;00 00 00 00 00 00 00 00 00 00 00 00 00 00 00 00 00 00 00 00 ;"....................";20;;COM3;;
495;27/08/2026 13:42:54;IRP_MJ_DEVICE_CONTROL (IOCTL_SERIAL_GET_COMMSTATUS);DOWN;;;"";;;COM3;;
496;27/08/2026 13:42:54;IRP_MJ_DEVICE_CONTROL (IOCTL_SERIAL_GET_COMMSTATUS);UP;STATUS_SUCCESS;00 00 00 00 00 00 00 00 00 00 00 00 00 00 00 00 00 00 00 00 ;"....................";20;;COM3;;
497;27/08/2026 13:42:54;IRP_MJ_DEVICE_CONTROL (IOCTL_SERIAL_GET_COMMSTATUS);DOWN;;;"";;;COM3;;
498;27/08/2026 13:42:54;IRP_MJ_DEVICE_CONTROL (IOCTL_SERIAL_GET_COMMSTATUS);UP;STATUS_SUCCESS;00 00 00 00 00 00 00 00 00 00 00 00 00 00 00 00 00 00 00 00 ;"....................";20;;COM3;;
499;27/08/2026 13:42:54;IRP_MJ_DEVICE_CONTROL (IOCTL_SERIAL_GET_COMMSTATUS);DOWN;;;"";;;COM3;;
500;27/08/2026 13:42:54;IRP_MJ_DEVICE_CONTROL (IOCTL_SERIAL_GET_COMMSTATUS);UP;STATUS_SUCCESS;00 00 00 00 00 00 00 00 00 00 00 00 00 00 00 00 00 00 00 00 ;"....................";20;;COM3;;
501;27/08/2026 13:42:54;IRP_MJ_DEVICE_CONTROL (IOCTL_SERIAL_GET_COMMSTATUS);DOWN;;;"";;;COM3;;
502;27/08/2026 13:42:54;IRP_MJ_DEVICE_CONTROL (IOCTL_SERIAL_GET_COMMSTATUS);UP;STATUS_SUCCESS;00 00 00 00 00 00 00 00 00 00 00 00 00 00 00 00 00 00 00 00 ;"....................";20;;COM3;;
503;27/08/2026 13:42:54;IRP_MJ_DEVICE_CONTROL (IOCTL_SERIAL_GET_COMMSTATUS);DOWN;;;"";;;COM3;;
504;27/08/2026 13:42:54;IRP_MJ_DEVICE_CONTROL (IOCTL_SERIAL_GET_COMMSTATUS);UP;STATUS_SUCCESS;00 00 00 00 00 00 00 00 00 00 00 00 00 00 00 00 00 00 00 00 ;"....................";20;;COM3;;
505;27/08/2026 13:42:54;IRP_MJ_DEVICE_CONTROL (IOCTL_SERIAL_GET_COMMSTATUS);DOWN;;;"";;;COM3;;
506;27/08/2026 13:42:54;IRP_MJ_DEVICE_CONTROL (IOCTL_SERIAL_GET_COMMSTATUS);UP;STATUS_SUCCESS;00 00 00 00 00 00 00 00 00 00 00 00 00 00 00 00 00 00 00 00 ;"....................";20;;COM3;;
507;27/08/2026 13:42:54;IRP_MJ_DEVICE_CONTROL (IOCTL_SERIAL_GET_COMMSTATUS);DOWN;;;"";;;COM3;;
508;27/08/2026 13:42:54;IRP_MJ_DEVICE_CONTROL (IOCTL_SERIAL_GET_COMMSTATUS);UP;STATUS_SUCCESS;00 00 00 00 00 00 00 00 00 00 00 00 00 00 00 00 00 00 00 00 ;"....................";20;;COM3;;
509;27/08/2026 13:42:54;IRP_MJ_DEVICE_CONTROL (IOCTL_SERIAL_GET_COMMSTATUS);DOWN;;;"";;;COM3;;
510;27/08/2026 13:42:54;IRP_MJ_DEVICE_CONTROL (IOCTL_SERIAL_GET_COMMSTATUS);UP;STATUS_SUCCESS;00 00 00 00 00 00 00 00 00 00 00 00 00 00 00 00 00 00 00 00 ;"....................";20;;COM3;;
511;27/08/2026 13:42:54;IRP_MJ_DEVICE_CONTROL (IOCTL_SERIAL_GET_COMMSTATUS);DOWN;;;"";;;COM3;;
512;27/08/2026 13:42:54;IRP_MJ_DEVICE_CONTROL (IOCTL_SERIAL_GET_COMMSTATUS);UP;STATUS_SUCCESS;00 00 00 00 00 00 00 00 00 00 00 00 00 00 00 00 00 00 00 00 ;"....................";20;;COM3;;
513;27/08/2026 13:42:54;IRP_MJ_DEVICE_CONTROL (IOCTL_SERIAL_GET_COMMSTATUS);DOWN;;;"";;;COM3;;
514;27/08/2026 13:42:54;IRP_MJ_DEVICE_CONTROL (IOCTL_SERIAL_GET_COMMSTATUS);UP;STATUS_SUCCESS;00 00 00 00 00 00 00 00 00 00 00 00 00 00 00 00 00 00 00 00 ;"....................";20;;COM3;;
515;27/08/2026 13:42:54;IRP_MJ_DEVICE_CONTROL (IOCTL_SERIAL_GET_COMMSTATUS);DOWN;;;"";;;COM3;;
516;27/08/2026 13:42:54;IRP_MJ_DEVICE_CONTROL (IOCTL_SERIAL_GET_COMMSTATUS);UP;STATUS_SUCCESS;00 00 00 00 00 00 00 00 00 00 00 00 00 00 00 00 00 00 00 00 ;"....................";20;;COM3;;
517;27/08/2026 13:42:54;IRP_MJ_DEVICE_CONTROL (IOCTL_SERIAL_GET_COMMSTATUS);DOWN;;;"";;;COM3;;
518;27/08/2026 13:42:54;IRP_MJ_DEVICE_CONTROL (IOCTL_SERIAL_GET_COMMSTATUS);UP;STATUS_SUCCESS;00 00 00 00 00 00 00 00 00 00 00 00 00 00 00 00 00 00 00 00 ;"....................";20;;COM3;;
519;27/08/2026 13:42:54;IRP_MJ_DEVICE_CONTROL (IOCTL_SERIAL_SET_WAIT_MASK);DOWN;;00 00 00 00 ;"....";4;;COM3;;
520;27/08/2026 13:42:54;IRP_MJ_DEVICE_CONTROL (IOCTL_SERIAL_WAIT_ON_MASK);UP;STATUS_SUCCESS;00 00 00 00 ;"....";4;;COM3;;
521;27/08/2026 13:42:54;IRP_MJ_DEVICE_CONTROL (IOCTL_SERIAL_SET_WAIT_MASK);UP;STATUS_SUCCESS;;"";;;COM3;;
522;27/08/2026 13:42:54;IRP_MJ_DEVICE_CONTROL (IOCTL_SERIAL_CLR_DTR);DOWN;;;"";;;COM3;;
523;27/08/2026 13:42:54;IRP_MJ_DEVICE_CONTROL (IOCTL_SERIAL_CLR_DTR);UP;STATUS_SUCCESS;;"";;;COM3;;
524;27/08/2026 13:42:54;IRP_MJ_DEVICE_CONTROL (IOCTL_SERIAL_PURGE);DOWN;;0a 00 00 00 ;"....";4;;COM3;;
525;27/08/2026 13:42:54;IRP_MJ_DEVICE_CONTROL (IOCTL_SERIAL_PURGE);UP;STATUS_SUCCESS;;"";;;COM3;;
526;27/08/2026 13:42:54;IRP_MJ_DEVICE_CONTROL (IOCTL_SERIAL_PURGE);DOWN;;05 00 00 00 ;"....";4;;COM3;;
527;27/08/2026 13:42:54;IRP_MJ_DEVICE_CONTROL (IOCTL_SERIAL_PURGE);UP;STATUS_SUCCESS;;"";;;COM3;;
528;27/08/2026 13:42:54;IRP_MJ_CLOSE;DOWN;;;"";;;COM3;;
529;27/08/2026 13:42:54;IRP_MJ_CLOSE;UP;STATUS_SUCCESS;;"";;;COM3;;
530;27/08/2026 13:42:55;IRP_MJ_CREATE;DOWN;;;"C:\Program Files (x86)\CC\SolarPowerMonitor\SolarMonitor.exe";;;COM3;;
531;27/08/2026 13:42:55;IRP_MJ_CREATE;UP;STATUS_SUCCESS;;"C:\Program Files (x86)\CC\SolarPowerMonitor\SolarMonitor.exe";;;COM3;;
532;27/08/2026 13:42:55;IRP_MJ_DEVICE_CONTROL (IOCTL_SERIAL_GET_PROPERTIES);DOWN;;;"";;;COM3;;
533;27/08/2026 13:42:55;IRP_MJ_DEVICE_CONTROL (IOCTL_SERIAL_GET_PROPERTIES);UP;STATUS_SUCCESS;40 00 02 00 01 00 00 00 00 00 00 00 00 00 00 00 00 00 00 00 00 00 00 10 01 00 00 00 ff 00 00 00 7f 00 00 00 ff ff 07 10 0f 00 07 1f 00 00 00 00 d8 0c 01 00 00 00 00 00 23 55 48 43 00 00 00 00 ;"@...........................ˇ......ˇˇ..........ÿ.......#UHC....";64;;COM3;;
534;27/08/2026 13:42:55;IRP_MJ_DEVICE_CONTROL (IOCTL_SERIAL_GET_MODEMSTATUS);DOWN;;;"";;;COM3;;
535;27/08/2026 13:42:55;IRP_MJ_DEVICE_CONTROL (IOCTL_SERIAL_GET_MODEMSTATUS);UP;STATUS_SUCCESS;00 00 00 00 ;"....";4;;COM3;;
536;27/08/2026 13:42:55;IRP_MJ_DEVICE_CONTROL (IOCTL_SERIAL_GET_BAUD_RATE);DOWN;;;"";;;COM3;;
537;27/08/2026 13:42:55;IRP_MJ_DEVICE_CONTROL (IOCTL_SERIAL_GET_BAUD_RATE);UP;STATUS_SUCCESS;00 4b 00 00 ;".K..";4;;COM3;;
538;27/08/2026 13:42:55;IRP_MJ_DEVICE_CONTROL (IOCTL_SERIAL_GET_LINE_CONTROL);DOWN;;;"";;;COM3;;
539;27/08/2026 13:42:55;IRP_MJ_DEVICE_CONTROL (IOCTL_SERIAL_GET_LINE_CONTROL);UP;STATUS_SUCCESS;00 00 08 ;"...";3;;COM3;;
540;27/08/2026 13:42:55;IRP_MJ_DEVICE_CONTROL (IOCTL_SERIAL_GET_CHARS);DOWN;;;"";;;COM3;;
541;27/08/2026 13:42:55;IRP_MJ_DEVICE_CONTROL (IOCTL_SERIAL_GET_CHARS);UP;STATUS_SUCCESS;1a 00 00 1a 11 13 ;"......";6;;COM3;;
542;27/08/2026 13:42:55;IRP_MJ_DEVICE_CONTROL (IOCTL_SERIAL_GET_HANDFLOW);DOWN;;;"";;;COM3;;
543;27/08/2026 13:42:55;IRP_MJ_DEVICE_CONTROL (IOCTL_SERIAL_GET_HANDFLOW);UP;STATUS_SUCCESS;00 00 00 00 00 00 00 00 6c 86 00 00 9b 21 00 00 ;"........lÜ..õ!..";16;;COM3;;
544;27/08/2026 13:42:55;IRP_MJ_DEVICE_CONTROL (IOCTL_SERIAL_GET_BAUD_RATE);DOWN;;;"";;;COM3;;
545;27/08/2026 13:42:55;IRP_MJ_DEVICE_CONTROL (IOCTL_SERIAL_GET_BAUD_RATE);UP;STATUS_SUCCESS;00 4b 00 00 ;".K..";4;;COM3;;
546;27/08/2026 13:42:55;IRP_MJ_DEVICE_CONTROL (IOCTL_SERIAL_GET_LINE_CONTROL);DOWN;;;"";;;COM3;;
547;27/08/2026 13:42:55;IRP_MJ_DEVICE_CONTROL (IOCTL_SERIAL_GET_LINE_CONTROL);UP;STATUS_SUCCESS;00 00 08 ;"...";3;;COM3;;
548;27/08/2026 13:42:55;IRP_MJ_DEVICE_CONTROL (IOCTL_SERIAL_GET_CHARS);DOWN;;;"";;;COM3;;
549;27/08/2026 13:42:55;IRP_MJ_DEVICE_CONTROL (IOCTL_SERIAL_GET_CHARS);UP;STATUS_SUCCESS;1a 00 00 1a 11 13 ;"......";6;;COM3;;
550;27/08/2026 13:42:55;IRP_MJ_DEVICE_CONTROL (IOCTL_SERIAL_GET_HANDFLOW);DOWN;;;"";;;COM3;;
551;27/08/2026 13:42:55;IRP_MJ_DEVICE_CONTROL (IOCTL_SERIAL_GET_HANDFLOW);UP;STATUS_SUCCESS;00 00 00 00 00 00 00 00 6c 86 00 00 9b 21 00 00 ;"........lÜ..õ!..";16;;COM3;;
552;27/08/2026 13:42:55;IRP_MJ_DEVICE_CONTROL (IOCTL_SERIAL_SET_BAUD_RATE);DOWN;;80 25 00 00 ;"Ä%..";4;;COM3;;
553;27/08/2026 13:42:55;IRP_MJ_DEVICE_CONTROL (IOCTL_SERIAL_SET_BAUD_RATE);UP;STATUS_SUCCESS;;"";;;COM3;;
554;27/08/2026 13:42:55;IRP_MJ_DEVICE_CONTROL (IOCTL_SERIAL_CLR_RTS);DOWN;;;"";;;COM3;;
555;27/08/2026 13:42:55;IRP_MJ_DEVICE_CONTROL (IOCTL_SERIAL_CLR_RTS);UP;STATUS_SUCCESS;;"";;;COM3;;
556;27/08/2026 13:42:55;IRP_MJ_DEVICE_CONTROL (IOCTL_SERIAL_CLR_DTR);DOWN;;;"";;;COM3;;
557;27/08/2026 13:42:55;IRP_MJ_DEVICE_CONTROL (IOCTL_SERIAL_CLR_DTR);UP;STATUS_SUCCESS;;"";;;COM3;;
558;27/08/2026 13:42:55;IRP_MJ_DEVICE_CONTROL (IOCTL_SERIAL_SET_LINE_CONTROL);DOWN;;00 00 08 ;"...";3;;COM3;;
559;27/08/2026 13:42:55;IRP_MJ_DEVICE_CONTROL (IOCTL_SERIAL_SET_LINE_CONTROL);UP;STATUS_SUCCESS;;"";;;COM3;;
560;27/08/2026 13:42:55;IRP_MJ_DEVICE_CONTROL (IOCTL_SERIAL_SET_CHARS);DOWN;;1a 00 00 1a 11 13 ;"......";6;;COM3;;
561;27/08/2026 13:42:55;IRP_MJ_DEVICE_CONTROL (IOCTL_SERIAL_SET_CHARS);UP;STATUS_SUCCESS;;"";;;COM3;;
562;27/08/2026 13:42:55;IRP_MJ_DEVICE_CONTROL (IOCTL_SERIAL_SET_HANDFLOW);DOWN;;00 00 00 00 00 00 00 00 36 43 00 00 36 43 00 00 ;"........6C..6C..";16;;COM3;;
563;27/08/2026 13:42:55;IRP_MJ_DEVICE_CONTROL (IOCTL_SERIAL_SET_HANDFLOW);UP;STATUS_SUCCESS;;"";;;COM3;;
564;27/08/2026 13:42:55;IRP_MJ_DEVICE_CONTROL (IOCTL_SERIAL_GET_BAUD_RATE);DOWN;;;"";;;COM3;;
565;27/08/2026 13:42:55;IRP_MJ_DEVICE_CONTROL (IOCTL_SERIAL_GET_BAUD_RATE);UP;STATUS_SUCCESS;80 25 00 00 ;"Ä%..";4;;COM3;;
566;27/08/2026 13:42:55;IRP_MJ_DEVICE_CONTROL (IOCTL_SERIAL_GET_LINE_CONTROL);DOWN;;;"";;;COM3;;
567;27/08/2026 13:42:55;IRP_MJ_DEVICE_CONTROL (IOCTL_SERIAL_GET_LINE_CONTROL);UP;STATUS_SUCCESS;00 00 08 ;"...";3;;COM3;;
568;27/08/2026 13:42:55;IRP_MJ_DEVICE_CONTROL (IOCTL_SERIAL_GET_CHARS);DOWN;;;"";;;COM3;;
569;27/08/2026 13:42:55;IRP_MJ_DEVICE_CONTROL (IOCTL_SERIAL_GET_CHARS);UP;STATUS_SUCCESS;1a 00 00 1a 11 13 ;"......";6;;COM3;;
570;27/08/2026 13:42:55;IRP_MJ_DEVICE_CONTROL (IOCTL_SERIAL_GET_HANDFLOW);DOWN;;;"";;;COM3;;
571;27/08/2026 13:42:55;IRP_MJ_DEVICE_CONTROL (IOCTL_SERIAL_GET_HANDFLOW);UP;STATUS_SUCCESS;00 00 00 00 00 00 00 00 36 43 00 00 36 43 00 00 ;"........6C..6C..";16;;COM3;;
572;27/08/2026 13:42:55;IRP_MJ_DEVICE_CONTROL (IOCTL_SERIAL_SET_BAUD_RATE);DOWN;;80 25 00 00 ;"Ä%..";4;;COM3;;
573;27/08/2026 13:42:55;IRP_MJ_DEVICE_CONTROL (IOCTL_SERIAL_SET_BAUD_RATE);UP;STATUS_SUCCESS;;"";;;COM3;;
574;27/08/2026 13:42:55;IRP_MJ_DEVICE_CONTROL (IOCTL_SERIAL_CLR_RTS);DOWN;;;"";;;COM3;;
575;27/08/2026 13:42:55;IRP_MJ_DEVICE_CONTROL (IOCTL_SERIAL_CLR_RTS);UP;STATUS_SUCCESS;;"";;;COM3;;
576;27/08/2026 13:42:55;IRP_MJ_DEVICE_CONTROL (IOCTL_SERIAL_CLR_DTR);DOWN;;;"";;;COM3;;
577;27/08/2026 13:42:55;IRP_MJ_DEVICE_CONTROL (IOCTL_SERIAL_CLR_DTR);UP;STATUS_SUCCESS;;"";;;COM3;;
578;27/08/2026 13:42:55;IRP_MJ_DEVICE_CONTROL (IOCTL_SERIAL_SET_LINE_CONTROL);DOWN;;00 00 08 ;"...";3;;COM3;;
579;27/08/2026 13:42:55;IRP_MJ_DEVICE_CONTROL (IOCTL_SERIAL_SET_LINE_CONTROL);UP;STATUS_SUCCESS;;"";;;COM3;;
580;27/08/2026 13:42:55;IRP_MJ_DEVICE_CONTROL (IOCTL_SERIAL_SET_CHARS);DOWN;;1a 00 00 1a 11 13 ;"......";6;;COM3;;
581;27/08/2026 13:42:55;IRP_MJ_DEVICE_CONTROL (IOCTL_SERIAL_SET_CHARS);UP;STATUS_SUCCESS;;"";;;COM3;;
582;27/08/2026 13:42:55;IRP_MJ_DEVICE_CONTROL (IOCTL_SERIAL_SET_HANDFLOW);DOWN;;00 00 00 00 00 00 00 00 36 43 00 00 36 43 00 00 ;"........6C..6C..";16;;COM3;;
583;27/08/2026 13:42:55;IRP_MJ_DEVICE_CONTROL (IOCTL_SERIAL_SET_HANDFLOW);UP;STATUS_SUCCESS;;"";;;COM3;;
584;27/08/2026 13:42:55;IRP_MJ_DEVICE_CONTROL (IOCTL_SERIAL_CLR_DTR);DOWN;;;"";;;COM3;;
585;27/08/2026 13:42:55;IRP_MJ_DEVICE_CONTROL (IOCTL_SERIAL_CLR_DTR);UP;STATUS_SUCCESS;;"";;;COM3;;
586;27/08/2026 13:42:55;IRP_MJ_DEVICE_CONTROL (IOCTL_SERIAL_SET_TIMEOUTS);DOWN;;ff ff ff ff ff ff ff ff fe ff ff ff 00 00 00 00 00 00 00 00 ;"ˇˇˇˇˇˇˇˇ˛ˇˇˇ........";20;;COM3;;
587;27/08/2026 13:42:55;IRP_MJ_DEVICE_CONTROL (IOCTL_SERIAL_SET_TIMEOUTS);UP;STATUS_SUCCESS;;"";;;COM3;;
588;27/08/2026 13:42:55;IRP_MJ_DEVICE_CONTROL (IOCTL_SERIAL_SET_WAIT_MASK);DOWN;;fb 01 00 00 ;"˚...";4;;COM3;;
589;27/08/2026 13:42:55;IRP_MJ_DEVICE_CONTROL (IOCTL_SERIAL_SET_WAIT_MASK);UP;STATUS_SUCCESS;;"";;;COM3;;
590;27/08/2026 13:42:55;IRP_MJ_DEVICE_CONTROL (IOCTL_SERIAL_SET_QUEUE_SIZE);DOWN;;00 10 00 00 00 08 00 00 ;"........";8;;COM3;;
591;27/08/2026 13:42:55;IRP_MJ_DEVICE_CONTROL (IOCTL_SERIAL_SET_QUEUE_SIZE);UP;STATUS_SUCCESS;;"";;;COM3;;
592;27/08/2026 13:42:55;IRP_MJ_DEVICE_CONTROL (IOCTL_SERIAL_WAIT_ON_MASK);DOWN;;;"";;;COM3;;
593;27/08/2026 13:42:55;IRP_MJ_WRITE;DOWN;;01 03 27 10 00 01 8f 7b ;"..'...è{";8;8;COM3;;
594;27/08/2026 13:42:55;IRP_MJ_WRITE;UP;STATUS_SUCCESS;01 03 27 10 00 01 8f 7b ;"..'...è{";8;;COM3;;
595;27/08/2026 13:42:55;IRP_MJ_DEVICE_CONTROL (IOCTL_SERIAL_GET_COMMSTATUS);DOWN;;;"";;;COM3;;
596;27/08/2026 13:42:55;IRP_MJ_DEVICE_CONTROL (IOCTL_SERIAL_GET_COMMSTATUS);UP;STATUS_SUCCESS;00 00 00 00 00 00 00 00 00 00 00 00 00 00 00 00 00 00 00 00 ;"....................";20;;COM3;;
597;27/08/2026 13:42:55;IRP_MJ_DEVICE_CONTROL (IOCTL_SERIAL_GET_COMMSTATUS);DOWN;;;"";;;COM3;;
598;27/08/2026 13:42:55;IRP_MJ_DEVICE_CONTROL (IOCTL_SERIAL_GET_COMMSTATUS);UP;STATUS_SUCCESS;00 00 00 00 00 00 00 00 00 00 00 00 00 00 00 00 00 00 00 00 ;"....................";20;;COM3;;
599;27/08/2026 13:42:55;IRP_MJ_DEVICE_CONTROL (IOCTL_SERIAL_GET_COMMSTATUS);DOWN;;;"";;;COM3;;
600;27/08/2026 13:42:55;IRP_MJ_DEVICE_CONTROL (IOCTL_SERIAL_GET_COMMSTATUS);UP;STATUS_SUCCESS;00 00 00 00 00 00 00 00 00 00 00 00 00 00 00 00 00 00 00 00 ;"....................";20;;COM3;;
601;27/08/2026 13:42:55;IRP_MJ_DEVICE_CONTROL (IOCTL_SERIAL_GET_COMMSTATUS);DOWN;;;"";;;COM3;;
602;27/08/2026 13:42:55;IRP_MJ_DEVICE_CONTROL (IOCTL_SERIAL_GET_COMMSTATUS);UP;STATUS_SUCCESS;00 00 00 00 00 00 00 00 00 00 00 00 00 00 00 00 00 00 00 00 ;"....................";20;;COM3;;
603;27/08/2026 13:42:55;IRP_MJ_DEVICE_CONTROL (IOCTL_SERIAL_GET_COMMSTATUS);DOWN;;;"";;;COM3;;
604;27/08/2026 13:42:55;IRP_MJ_DEVICE_CONTROL (IOCTL_SERIAL_GET_COMMSTATUS);UP;STATUS_SUCCESS;00 00 00 00 00 00 00 00 00 00 00 00 00 00 00 00 00 00 00 00 ;"....................";20;;COM3;;
605;27/08/2026 13:42:55;IRP_MJ_DEVICE_CONTROL (IOCTL_SERIAL_GET_COMMSTATUS);DOWN;;;"";;;COM3;;
606;27/08/2026 13:42:55;IRP_MJ_DEVICE_CONTROL (IOCTL_SERIAL_GET_COMMSTATUS);UP;STATUS_SUCCESS;00 00 00 00 00 00 00 00 00 00 00 00 00 00 00 00 00 00 00 00 ;"....................";20;;COM3;;
607;27/08/2026 13:42:55;IRP_MJ_DEVICE_CONTROL (IOCTL_SERIAL_GET_COMMSTATUS);DOWN;;;"";;;COM3;;
608;27/08/2026 13:42:55;IRP_MJ_DEVICE_CONTROL (IOCTL_SERIAL_GET_COMMSTATUS);UP;STATUS_SUCCESS;00 00 00 00 00 00 00 00 00 00 00 00 00 00 00 00 00 00 00 00 ;"....................";20;;COM3;;
609;27/08/2026 13:42:55;IRP_MJ_DEVICE_CONTROL (IOCTL_SERIAL_GET_COMMSTATUS);DOWN;;;"";;;COM3;;
610;27/08/2026 13:42:55;IRP_MJ_DEVICE_CONTROL (IOCTL_SERIAL_GET_COMMSTATUS);UP;STATUS_SUCCESS;00 00 00 00 00 00 00 00 00 00 00 00 00 00 00 00 00 00 00 00 ;"....................";20;;COM3;;
611;27/08/2026 13:42:55;IRP_MJ_DEVICE_CONTROL (IOCTL_SERIAL_GET_COMMSTATUS);DOWN;;;"";;;COM3;;
612;27/08/2026 13:42:55;IRP_MJ_DEVICE_CONTROL (IOCTL_SERIAL_GET_COMMSTATUS);UP;STATUS_SUCCESS;00 00 00 00 00 00 00 00 00 00 00 00 00 00 00 00 00 00 00 00 ;"....................";20;;COM3;;
613;27/08/2026 13:42:55;IRP_MJ_DEVICE_CONTROL (IOCTL_SERIAL_GET_COMMSTATUS);DOWN;;;"";;;COM3;;
614;27/08/2026 13:42:55;IRP_MJ_DEVICE_CONTROL (IOCTL_SERIAL_GET_COMMSTATUS);UP;STATUS_SUCCESS;00 00 00 00 00 00 00 00 00 00 00 00 00 00 00 00 00 00 00 00 ;"....................";20;;COM3;;
615;27/08/2026 13:42:55;IRP_MJ_DEVICE_CONTROL (IOCTL_SERIAL_GET_COMMSTATUS);DOWN;;;"";;;COM3;;
616;27/08/2026 13:42:55;IRP_MJ_DEVICE_CONTROL (IOCTL_SERIAL_GET_COMMSTATUS);UP;STATUS_SUCCESS;00 00 00 00 00 00 00 00 00 00 00 00 00 00 00 00 00 00 00 00 ;"....................";20;;COM3;;
617;27/08/2026 13:42:55;IRP_MJ_DEVICE_CONTROL (IOCTL_SERIAL_SET_WAIT_MASK);DOWN;;00 00 00 00 ;"....";4;;COM3;;
618;27/08/2026 13:42:55;IRP_MJ_DEVICE_CONTROL (IOCTL_SERIAL_WAIT_ON_MASK);UP;STATUS_SUCCESS;00 00 00 00 ;"....";4;;COM3;;
619;27/08/2026 13:42:55;IRP_MJ_DEVICE_CONTROL (IOCTL_SERIAL_SET_WAIT_MASK);UP;STATUS_SUCCESS;;"";;;COM3;;
620;27/08/2026 13:42:55;IRP_MJ_DEVICE_CONTROL (IOCTL_SERIAL_CLR_DTR);DOWN;;;"";;;COM3;;
621;27/08/2026 13:42:55;IRP_MJ_DEVICE_CONTROL (IOCTL_SERIAL_CLR_DTR);UP;STATUS_SUCCESS;;"";;;COM3;;
622;27/08/2026 13:42:55;IRP_MJ_DEVICE_CONTROL (IOCTL_SERIAL_PURGE);DOWN;;0a 00 00 00 ;"....";4;;COM3;;
623;27/08/2026 13:42:55;IRP_MJ_DEVICE_CONTROL (IOCTL_SERIAL_PURGE);UP;STATUS_SUCCESS;;"";;;COM3;;
624;27/08/2026 13:42:55;IRP_MJ_DEVICE_CONTROL (IOCTL_SERIAL_PURGE);DOWN;;05 00 00 00 ;"....";4;;COM3;;
625;27/08/2026 13:42:55;IRP_MJ_DEVICE_CONTROL (IOCTL_SERIAL_PURGE);UP;STATUS_SUCCESS;;"";;;COM3;;
626;27/08/2026 13:42:55;IRP_MJ_CLOSE;DOWN;;;"";;;COM3;;
627;27/08/2026 13:42:55;IRP_MJ_CLOSE;UP;STATUS_SUCCESS;;"";;;COM3;;
628;27/08/2026 13:42:55;IRP_MJ_CREATE;DOWN;;;"C:\Program Files (x86)\CC\SolarPowerMonitor\SolarMonitor.exe";;;COM3;;
629;27/08/2026 13:42:55;IRP_MJ_CREATE;UP;STATUS_SUCCESS;;"C:\Program Files (x86)\CC\SolarPowerMonitor\SolarMonitor.exe";;;COM3;;
630;27/08/2026 13:42:55;IRP_MJ_DEVICE_CONTROL (IOCTL_SERIAL_GET_PROPERTIES);DOWN;;;"";;;COM3;;
631;27/08/2026 13:42:55;IRP_MJ_DEVICE_CONTROL (IOCTL_SERIAL_GET_PROPERTIES);UP;STATUS_SUCCESS;40 00 02 00 01 00 00 00 00 00 00 00 00 00 00 00 00 00 00 00 00 00 00 10 01 00 00 00 ff 00 00 00 7f 00 00 00 ff ff 07 10 0f 00 07 1f 00 00 00 00 d8 0c 01 00 00 00 00 00 23 55 48 43 00 00 00 00 ;"@...........................ˇ......ˇˇ..........ÿ.......#UHC....";64;;COM3;;
632;27/08/2026 13:42:55;IRP_MJ_DEVICE_CONTROL (IOCTL_SERIAL_GET_MODEMSTATUS);DOWN;;;"";;;COM3;;
633;27/08/2026 13:42:55;IRP_MJ_DEVICE_CONTROL (IOCTL_SERIAL_GET_MODEMSTATUS);UP;STATUS_SUCCESS;00 00 00 00 ;"....";4;;COM3;;
634;27/08/2026 13:42:55;IRP_MJ_DEVICE_CONTROL (IOCTL_SERIAL_GET_BAUD_RATE);DOWN;;;"";;;COM3;;
635;27/08/2026 13:42:55;IRP_MJ_DEVICE_CONTROL (IOCTL_SERIAL_GET_BAUD_RATE);UP;STATUS_SUCCESS;80 25 00 00 ;"Ä%..";4;;COM3;;
636;27/08/2026 13:42:55;IRP_MJ_DEVICE_CONTROL (IOCTL_SERIAL_GET_LINE_CONTROL);DOWN;;;"";;;COM3;;
637;27/08/2026 13:42:55;IRP_MJ_DEVICE_CONTROL (IOCTL_SERIAL_GET_LINE_CONTROL);UP;STATUS_SUCCESS;00 00 08 ;"...";3;;COM3;;
638;27/08/2026 13:42:55;IRP_MJ_DEVICE_CONTROL (IOCTL_SERIAL_GET_CHARS);DOWN;;;"";;;COM3;;
639;27/08/2026 13:42:55;IRP_MJ_DEVICE_CONTROL (IOCTL_SERIAL_GET_CHARS);UP;STATUS_SUCCESS;1a 00 00 1a 11 13 ;"......";6;;COM3;;
640;27/08/2026 13:42:55;IRP_MJ_DEVICE_CONTROL (IOCTL_SERIAL_GET_HANDFLOW);DOWN;;;"";;;COM3;;
641;27/08/2026 13:42:55;IRP_MJ_DEVICE_CONTROL (IOCTL_SERIAL_GET_HANDFLOW);UP;STATUS_SUCCESS;00 00 00 00 00 00 00 00 6c 86 00 00 9b 21 00 00 ;"........lÜ..õ!..";16;;COM3;;
642;27/08/2026 13:42:55;IRP_MJ_DEVICE_CONTROL (IOCTL_SERIAL_GET_BAUD_RATE);DOWN;;;"";;;COM3;;
643;27/08/2026 13:42:55;IRP_MJ_DEVICE_CONTROL (IOCTL_SERIAL_GET_BAUD_RATE);UP;STATUS_SUCCESS;80 25 00 00 ;"Ä%..";4;;COM3;;
644;27/08/2026 13:42:55;IRP_MJ_DEVICE_CONTROL (IOCTL_SERIAL_GET_LINE_CONTROL);DOWN;;;"";;;COM3;;
645;27/08/2026 13:42:55;IRP_MJ_DEVICE_CONTROL (IOCTL_SERIAL_GET_LINE_CONTROL);UP;STATUS_SUCCESS;00 00 08 ;"...";3;;COM3;;
646;27/08/2026 13:42:55;IRP_MJ_DEVICE_CONTROL (IOCTL_SERIAL_GET_CHARS);DOWN;;;"";;;COM3;;
647;27/08/2026 13:42:55;IRP_MJ_DEVICE_CONTROL (IOCTL_SERIAL_GET_CHARS);UP;STATUS_SUCCESS;1a 00 00 1a 11 13 ;"......";6;;COM3;;
648;27/08/2026 13:42:55;IRP_MJ_DEVICE_CONTROL (IOCTL_SERIAL_GET_HANDFLOW);DOWN;;;"";;;COM3;;
649;27/08/2026 13:42:55;IRP_MJ_DEVICE_CONTROL (IOCTL_SERIAL_GET_HANDFLOW);UP;STATUS_SUCCESS;00 00 00 00 00 00 00 00 6c 86 00 00 9b 21 00 00 ;"........lÜ..õ!..";16;;COM3;;
650;27/08/2026 13:42:55;IRP_MJ_DEVICE_CONTROL (IOCTL_SERIAL_SET_BAUD_RATE);DOWN;;80 25 00 00 ;"Ä%..";4;;COM3;;
651;27/08/2026 13:42:55;IRP_MJ_DEVICE_CONTROL (IOCTL_SERIAL_SET_BAUD_RATE);UP;STATUS_SUCCESS;;"";;;COM3;;
652;27/08/2026 13:42:55;IRP_MJ_DEVICE_CONTROL (IOCTL_SERIAL_CLR_RTS);DOWN;;;"";;;COM3;;
653;27/08/2026 13:42:55;IRP_MJ_DEVICE_CONTROL (IOCTL_SERIAL_CLR_RTS);UP;STATUS_SUCCESS;;"";;;COM3;;
654;27/08/2026 13:42:55;IRP_MJ_DEVICE_CONTROL (IOCTL_SERIAL_CLR_DTR);DOWN;;;"";;;COM3;;
655;27/08/2026 13:42:55;IRP_MJ_DEVICE_CONTROL (IOCTL_SERIAL_CLR_DTR);UP;STATUS_SUCCESS;;"";;;COM3;;
656;27/08/2026 13:42:55;IRP_MJ_DEVICE_CONTROL (IOCTL_SERIAL_SET_LINE_CONTROL);DOWN;;00 00 08 ;"...";3;;COM3;;
657;27/08/2026 13:42:55;IRP_MJ_DEVICE_CONTROL (IOCTL_SERIAL_SET_LINE_CONTROL);UP;STATUS_SUCCESS;;"";;;COM3;;
658;27/08/2026 13:42:55;IRP_MJ_DEVICE_CONTROL (IOCTL_SERIAL_SET_CHARS);DOWN;;1a 00 00 1a 11 13 ;"......";6;;COM3;;
659;27/08/2026 13:42:55;IRP_MJ_DEVICE_CONTROL (IOCTL_SERIAL_SET_CHARS);UP;STATUS_SUCCESS;;"";;;COM3;;
660;27/08/2026 13:42:55;IRP_MJ_DEVICE_CONTROL (IOCTL_SERIAL_SET_HANDFLOW);DOWN;;00 00 00 00 00 00 00 00 36 43 00 00 36 43 00 00 ;"........6C..6C..";16;;COM3;;
661;27/08/2026 13:42:55;IRP_MJ_DEVICE_CONTROL (IOCTL_SERIAL_SET_HANDFLOW);UP;STATUS_SUCCESS;;"";;;COM3;;
662;27/08/2026 13:42:55;IRP_MJ_DEVICE_CONTROL (IOCTL_SERIAL_GET_BAUD_RATE);DOWN;;;"";;;COM3;;
663;27/08/2026 13:42:55;IRP_MJ_DEVICE_CONTROL (IOCTL_SERIAL_GET_BAUD_RATE);UP;STATUS_SUCCESS;80 25 00 00 ;"Ä%..";4;;COM3;;
664;27/08/2026 13:42:55;IRP_MJ_DEVICE_CONTROL (IOCTL_SERIAL_GET_LINE_CONTROL);DOWN;;;"";;;COM3;;
665;27/08/2026 13:42:55;IRP_MJ_DEVICE_CONTROL (IOCTL_SERIAL_GET_LINE_CONTROL);UP;STATUS_SUCCESS;00 00 08 ;"...";3;;COM3;;
666;27/08/2026 13:42:55;IRP_MJ_DEVICE_CONTROL (IOCTL_SERIAL_GET_CHARS);DOWN;;;"";;;COM3;;
667;27/08/2026 13:42:55;IRP_MJ_DEVICE_CONTROL (IOCTL_SERIAL_GET_CHARS);UP;STATUS_SUCCESS;1a 00 00 1a 11 13 ;"......";6;;COM3;;
668;27/08/2026 13:42:55;IRP_MJ_DEVICE_CONTROL (IOCTL_SERIAL_GET_HANDFLOW);DOWN;;;"";;;COM3;;
669;27/08/2026 13:42:55;IRP_MJ_DEVICE_CONTROL (IOCTL_SERIAL_GET_HANDFLOW);UP;STATUS_SUCCESS;00 00 00 00 00 00 00 00 36 43 00 00 36 43 00 00 ;"........6C..6C..";16;;COM3;;
670;27/08/2026 13:42:55;IRP_MJ_DEVICE_CONTROL (IOCTL_SERIAL_SET_BAUD_RATE);DOWN;;80 25 00 00 ;"Ä%..";4;;COM3;;
671;27/08/2026 13:42:55;IRP_MJ_DEVICE_CONTROL (IOCTL_SERIAL_SET_BAUD_RATE);UP;STATUS_SUCCESS;;"";;;COM3;;
672;27/08/2026 13:42:55;IRP_MJ_DEVICE_CONTROL (IOCTL_SERIAL_CLR_RTS);DOWN;;;"";;;COM3;;
673;27/08/2026 13:42:55;IRP_MJ_DEVICE_CONTROL (IOCTL_SERIAL_CLR_RTS);UP;STATUS_SUCCESS;;"";;;COM3;;
674;27/08/2026 13:42:55;IRP_MJ_DEVICE_CONTROL (IOCTL_SERIAL_CLR_DTR);DOWN;;;"";;;COM3;;
675;27/08/2026 13:42:55;IRP_MJ_DEVICE_CONTROL (IOCTL_SERIAL_CLR_DTR);UP;STATUS_SUCCESS;;"";;;COM3;;
676;27/08/2026 13:42:55;IRP_MJ_DEVICE_CONTROL (IOCTL_SERIAL_SET_LINE_CONTROL);DOWN;;00 00 08 ;"...";3;;COM3;;
677;27/08/2026 13:42:55;IRP_MJ_DEVICE_CONTROL (IOCTL_SERIAL_SET_LINE_CONTROL);UP;STATUS_SUCCESS;;"";;;COM3;;
678;27/08/2026 13:42:55;IRP_MJ_DEVICE_CONTROL (IOCTL_SERIAL_SET_CHARS);DOWN;;1a 00 00 1a 11 13 ;"......";6;;COM3;;
679;27/08/2026 13:42:55;IRP_MJ_DEVICE_CONTROL (IOCTL_SERIAL_SET_CHARS);UP;STATUS_SUCCESS;;"";;;COM3;;
680;27/08/2026 13:42:55;IRP_MJ_DEVICE_CONTROL (IOCTL_SERIAL_SET_HANDFLOW);DOWN;;00 00 00 00 00 00 00 00 36 43 00 00 36 43 00 00 ;"........6C..6C..";16;;COM3;;
681;27/08/2026 13:42:55;IRP_MJ_DEVICE_CONTROL (IOCTL_SERIAL_SET_HANDFLOW);UP;STATUS_SUCCESS;;"";;;COM3;;
682;27/08/2026 13:42:55;IRP_MJ_DEVICE_CONTROL (IOCTL_SERIAL_CLR_DTR);DOWN;;;"";;;COM3;;
683;27/08/2026 13:42:55;IRP_MJ_DEVICE_CONTROL (IOCTL_SERIAL_CLR_DTR);UP;STATUS_SUCCESS;;"";;;COM3;;
684;27/08/2026 13:42:55;IRP_MJ_DEVICE_CONTROL (IOCTL_SERIAL_SET_TIMEOUTS);DOWN;;ff ff ff ff ff ff ff ff fe ff ff ff 00 00 00 00 00 00 00 00 ;"ˇˇˇˇˇˇˇˇ˛ˇˇˇ........";20;;COM3;;
685;27/08/2026 13:42:55;IRP_MJ_DEVICE_CONTROL (IOCTL_SERIAL_SET_TIMEOUTS);UP;STATUS_SUCCESS;;"";;;COM3;;
686;27/08/2026 13:42:55;IRP_MJ_DEVICE_CONTROL (IOCTL_SERIAL_SET_WAIT_MASK);DOWN;;fb 01 00 00 ;"˚...";4;;COM3;;
687;27/08/2026 13:42:55;IRP_MJ_DEVICE_CONTROL (IOCTL_SERIAL_SET_WAIT_MASK);UP;STATUS_SUCCESS;;"";;;COM3;;
688;27/08/2026 13:42:55;IRP_MJ_DEVICE_CONTROL (IOCTL_SERIAL_SET_QUEUE_SIZE);DOWN;;00 10 00 00 00 08 00 00 ;"........";8;;COM3;;
689;27/08/2026 13:42:55;IRP_MJ_DEVICE_CONTROL (IOCTL_SERIAL_SET_QUEUE_SIZE);UP;STATUS_SUCCESS;;"";;;COM3;;
690;27/08/2026 13:42:55;IRP_MJ_DEVICE_CONTROL (IOCTL_SERIAL_WAIT_ON_MASK);DOWN;;;"";;;COM3;;
691;27/08/2026 13:42:55;IRP_MJ_WRITE;DOWN;;05 03 4e 21 00 01 c2 ac ;"..N!..¬¨";8;8;COM3;;
692;27/08/2026 13:42:55;IRP_MJ_WRITE;UP;STATUS_SUCCESS;05 03 4e 21 00 01 c2 ac ;"..N!..¬¨";8;;COM3;;
693;27/08/2026 13:42:55;IRP_MJ_DEVICE_CONTROL (IOCTL_SERIAL_GET_COMMSTATUS);DOWN;;;"";;;COM3;;
694;27/08/2026 13:42:55;IRP_MJ_DEVICE_CONTROL (IOCTL_SERIAL_GET_COMMSTATUS);UP;STATUS_SUCCESS;00 00 00 00 00 00 00 00 00 00 00 00 00 00 00 00 00 00 00 00 ;"....................";20;;COM3;;
695;27/08/2026 13:42:55;IRP_MJ_DEVICE_CONTROL (IOCTL_SERIAL_GET_COMMSTATUS);DOWN;;;"";;;COM3;;
696;27/08/2026 13:42:55;IRP_MJ_DEVICE_CONTROL (IOCTL_SERIAL_GET_COMMSTATUS);UP;STATUS_SUCCESS;00 00 00 00 00 00 00 00 00 00 00 00 00 00 00 00 00 00 00 00 ;"....................";20;;COM3;;
697;27/08/2026 13:42:55;IRP_MJ_DEVICE_CONTROL (IOCTL_SERIAL_GET_COMMSTATUS);DOWN;;;"";;;COM3;;
698;27/08/2026 13:42:55;IRP_MJ_DEVICE_CONTROL (IOCTL_SERIAL_GET_COMMSTATUS);UP;STATUS_SUCCESS;00 00 00 00 00 00 00 00 00 00 00 00 00 00 00 00 00 00 00 00 ;"....................";20;;COM3;;
699;27/08/2026 13:42:55;IRP_MJ_DEVICE_CONTROL (IOCTL_SERIAL_GET_COMMSTATUS);DOWN;;;"";;;COM3;;
700;27/08/2026 13:42:55;IRP_MJ_DEVICE_CONTROL (IOCTL_SERIAL_GET_COMMSTATUS);UP;STATUS_SUCCESS;00 00 00 00 00 00 00 00 00 00 00 00 00 00 00 00 00 00 00 00 ;"....................";20;;COM3;;
701;27/08/2026 13:42:55;IRP_MJ_DEVICE_CONTROL (IOCTL_SERIAL_GET_COMMSTATUS);DOWN;;;"";;;COM3;;
702;27/08/2026 13:42:55;IRP_MJ_DEVICE_CONTROL (IOCTL_SERIAL_GET_COMMSTATUS);UP;STATUS_SUCCESS;00 00 00 00 00 00 00 00 00 00 00 00 00 00 00 00 00 00 00 00 ;"....................";20;;COM3;;
703;27/08/2026 13:42:55;IRP_MJ_DEVICE_CONTROL (IOCTL_SERIAL_GET_COMMSTATUS);DOWN;;;"";;;COM3;;
704;27/08/2026 13:42:55;IRP_MJ_DEVICE_CONTROL (IOCTL_SERIAL_GET_COMMSTATUS);UP;STATUS_SUCCESS;00 00 00 00 00 00 00 00 00 00 00 00 00 00 00 00 00 00 00 00 ;"....................";20;;COM3;;
705;27/08/2026 13:42:55;IRP_MJ_DEVICE_CONTROL (IOCTL_SERIAL_GET_COMMSTATUS);DOWN;;;"";;;COM3;;
706;27/08/2026 13:42:55;IRP_MJ_DEVICE_CONTROL (IOCTL_SERIAL_GET_COMMSTATUS);UP;STATUS_SUCCESS;00 00 00 00 00 00 00 00 00 00 00 00 00 00 00 00 00 00 00 00 ;"....................";20;;COM3;;
707;27/08/2026 13:42:55;IRP_MJ_DEVICE_CONTROL (IOCTL_SERIAL_GET_COMMSTATUS);DOWN;;;"";;;COM3;;
708;27/08/2026 13:42:55;IRP_MJ_DEVICE_CONTROL (IOCTL_SERIAL_GET_COMMSTATUS);UP;STATUS_SUCCESS;00 00 00 00 00 00 00 00 00 00 00 00 00 00 00 00 00 00 00 00 ;"....................";20;;COM3;;
709;27/08/2026 13:42:56;IRP_MJ_DEVICE_CONTROL (IOCTL_SERIAL_GET_COMMSTATUS);DOWN;;;"";;;COM3;;
710;27/08/2026 13:42:56;IRP_MJ_DEVICE_CONTROL (IOCTL_SERIAL_GET_COMMSTATUS);UP;STATUS_SUCCESS;00 00 00 00 00 00 00 00 00 00 00 00 00 00 00 00 00 00 00 00 ;"....................";20;;COM3;;
711;27/08/2026 13:42:56;IRP_MJ_DEVICE_CONTROL (IOCTL_SERIAL_GET_COMMSTATUS);DOWN;;;"";;;COM3;;
712;27/08/2026 13:42:56;IRP_MJ_DEVICE_CONTROL (IOCTL_SERIAL_GET_COMMSTATUS);UP;STATUS_SUCCESS;00 00 00 00 00 00 00 00 00 00 00 00 00 00 00 00 00 00 00 00 ;"....................";20;;COM3;;
713;27/08/2026 13:42:56;IRP_MJ_DEVICE_CONTROL (IOCTL_SERIAL_GET_COMMSTATUS);DOWN;;;"";;;COM3;;
714;27/08/2026 13:42:56;IRP_MJ_DEVICE_CONTROL (IOCTL_SERIAL_GET_COMMSTATUS);UP;STATUS_SUCCESS;00 00 00 00 00 00 00 00 00 00 00 00 00 00 00 00 00 00 00 00 ;"....................";20;;COM3;;
715;27/08/2026 13:42:56;IRP_MJ_DEVICE_CONTROL (IOCTL_SERIAL_SET_WAIT_MASK);DOWN;;00 00 00 00 ;"....";4;;COM3;;
716;27/08/2026 13:42:56;IRP_MJ_DEVICE_CONTROL (IOCTL_SERIAL_WAIT_ON_MASK);UP;STATUS_SUCCESS;00 00 00 00 ;"....";4;;COM3;;
717;27/08/2026 13:42:56;IRP_MJ_DEVICE_CONTROL (IOCTL_SERIAL_SET_WAIT_MASK);UP;STATUS_SUCCESS;;"";;;COM3;;
718;27/08/2026 13:42:56;IRP_MJ_DEVICE_CONTROL (IOCTL_SERIAL_CLR_DTR);DOWN;;;"";;;COM3;;
719;27/08/2026 13:42:56;IRP_MJ_DEVICE_CONTROL (IOCTL_SERIAL_CLR_DTR);UP;STATUS_SUCCESS;;"";;;COM3;;
720;27/08/2026 13:42:56;IRP_MJ_DEVICE_CONTROL (IOCTL_SERIAL_PURGE);DOWN;;0a 00 00 00 ;"....";4;;COM3;;
721;27/08/2026 13:42:56;IRP_MJ_DEVICE_CONTROL (IOCTL_SERIAL_PURGE);UP;STATUS_SUCCESS;;"";;;COM3;;
722;27/08/2026 13:42:56;IRP_MJ_DEVICE_CONTROL (IOCTL_SERIAL_PURGE);DOWN;;05 00 00 00 ;"....";4;;COM3;;
723;27/08/2026 13:42:56;IRP_MJ_DEVICE_CONTROL (IOCTL_SERIAL_PURGE);UP;STATUS_SUCCESS;;"";;;COM3;;
724;27/08/2026 13:42:56;IRP_MJ_CLOSE;DOWN;;;"";;;COM3;;
725;27/08/2026 13:42:56;IRP_MJ_CLOSE;UP;STATUS_SUCCESS;;"";;;COM3;;
726;27/08/2026 13:42:56;IRP_MJ_CREATE;DOWN;;;"C:\Program Files (x86)\CC\SolarPowerMonitor\SolarMonitor.exe";;;COM3;;
727;27/08/2026 13:42:56;IRP_MJ_CREATE;UP;STATUS_SUCCESS;;"C:\Program Files (x86)\CC\SolarPowerMonitor\SolarMonitor.exe";;;COM3;;
728;27/08/2026 13:42:56;IRP_MJ_DEVICE_CONTROL (IOCTL_SERIAL_GET_PROPERTIES);DOWN;;;"";;;COM3;;
729;27/08/2026 13:42:56;IRP_MJ_DEVICE_CONTROL (IOCTL_SERIAL_GET_PROPERTIES);UP;STATUS_SUCCESS;40 00 02 00 01 00 00 00 00 00 00 00 00 00 00 00 00 00 00 00 00 00 00 10 01 00 00 00 ff 00 00 00 7f 00 00 00 ff ff 07 10 0f 00 07 1f 00 00 00 00 d8 0c 01 00 00 00 00 00 23 55 48 43 00 00 00 00 ;"@...........................ˇ......ˇˇ..........ÿ.......#UHC....";64;;COM3;;
730;27/08/2026 13:42:56;IRP_MJ_DEVICE_CONTROL (IOCTL_SERIAL_GET_MODEMSTATUS);DOWN;;;"";;;COM3;;
731;27/08/2026 13:42:56;IRP_MJ_DEVICE_CONTROL (IOCTL_SERIAL_GET_MODEMSTATUS);UP;STATUS_SUCCESS;00 00 00 00 ;"....";4;;COM3;;
732;27/08/2026 13:42:56;IRP_MJ_DEVICE_CONTROL (IOCTL_SERIAL_GET_BAUD_RATE);DOWN;;;"";;;COM3;;
733;27/08/2026 13:42:56;IRP_MJ_DEVICE_CONTROL (IOCTL_SERIAL_GET_BAUD_RATE);UP;STATUS_SUCCESS;80 25 00 00 ;"Ä%..";4;;COM3;;
734;27/08/2026 13:42:56;IRP_MJ_DEVICE_CONTROL (IOCTL_SERIAL_GET_LINE_CONTROL);DOWN;;;"";;;COM3;;
735;27/08/2026 13:42:56;IRP_MJ_DEVICE_CONTROL (IOCTL_SERIAL_GET_LINE_CONTROL);UP;STATUS_SUCCESS;00 00 08 ;"...";3;;COM3;;
736;27/08/2026 13:42:56;IRP_MJ_DEVICE_CONTROL (IOCTL_SERIAL_GET_CHARS);DOWN;;;"";;;COM3;;
737;27/08/2026 13:42:56;IRP_MJ_DEVICE_CONTROL (IOCTL_SERIAL_GET_CHARS);UP;STATUS_SUCCESS;1a 00 00 1a 11 13 ;"......";6;;COM3;;
738;27/08/2026 13:42:56;IRP_MJ_DEVICE_CONTROL (IOCTL_SERIAL_GET_HANDFLOW);DOWN;;;"";;;COM3;;
739;27/08/2026 13:42:56;IRP_MJ_DEVICE_CONTROL (IOCTL_SERIAL_GET_HANDFLOW);UP;STATUS_SUCCESS;00 00 00 00 00 00 00 00 6c 86 00 00 9b 21 00 00 ;"........lÜ..õ!..";16;;COM3;;
740;27/08/2026 13:42:56;IRP_MJ_DEVICE_CONTROL (IOCTL_SERIAL_GET_BAUD_RATE);DOWN;;;"";;;COM3;;
741;27/08/2026 13:42:56;IRP_MJ_DEVICE_CONTROL (IOCTL_SERIAL_GET_BAUD_RATE);UP;STATUS_SUCCESS;80 25 00 00 ;"Ä%..";4;;COM3;;
742;27/08/2026 13:42:56;IRP_MJ_DEVICE_CONTROL (IOCTL_SERIAL_GET_LINE_CONTROL);DOWN;;;"";;;COM3;;
743;27/08/2026 13:42:56;IRP_MJ_DEVICE_CONTROL (IOCTL_SERIAL_GET_LINE_CONTROL);UP;STATUS_SUCCESS;00 00 08 ;"...";3;;COM3;;
744;27/08/2026 13:42:56;IRP_MJ_DEVICE_CONTROL (IOCTL_SERIAL_GET_CHARS);DOWN;;;"";;;COM3;;
745;27/08/2026 13:42:56;IRP_MJ_DEVICE_CONTROL (IOCTL_SERIAL_GET_CHARS);UP;STATUS_SUCCESS;1a 00 00 1a 11 13 ;"......";6;;COM3;;
746;27/08/2026 13:42:56;IRP_MJ_DEVICE_CONTROL (IOCTL_SERIAL_GET_HANDFLOW);DOWN;;;"";;;COM3;;
747;27/08/2026 13:42:56;IRP_MJ_DEVICE_CONTROL (IOCTL_SERIAL_GET_HANDFLOW);UP;STATUS_SUCCESS;00 00 00 00 00 00 00 00 6c 86 00 00 9b 21 00 00 ;"........lÜ..õ!..";16;;COM3;;
748;27/08/2026 13:42:56;IRP_MJ_DEVICE_CONTROL (IOCTL_SERIAL_SET_BAUD_RATE);DOWN;;80 25 00 00 ;"Ä%..";4;;COM3;;
749;27/08/2026 13:42:56;IRP_MJ_DEVICE_CONTROL (IOCTL_SERIAL_SET_BAUD_RATE);UP;STATUS_SUCCESS;;"";;;COM3;;
750;27/08/2026 13:42:56;IRP_MJ_DEVICE_CONTROL (IOCTL_SERIAL_CLR_RTS);DOWN;;;"";;;COM3;;
751;27/08/2026 13:42:56;IRP_MJ_DEVICE_CONTROL (IOCTL_SERIAL_CLR_RTS);UP;STATUS_SUCCESS;;"";;;COM3;;
752;27/08/2026 13:42:56;IRP_MJ_DEVICE_CONTROL (IOCTL_SERIAL_CLR_DTR);DOWN;;;"";;;COM3;;
753;27/08/2026 13:42:56;IRP_MJ_DEVICE_CONTROL (IOCTL_SERIAL_CLR_DTR);UP;STATUS_SUCCESS;;"";;;COM3;;
754;27/08/2026 13:42:56;IRP_MJ_DEVICE_CONTROL (IOCTL_SERIAL_SET_LINE_CONTROL);DOWN;;00 00 08 ;"...";3;;COM3;;
755;27/08/2026 13:42:56;IRP_MJ_DEVICE_CONTROL (IOCTL_SERIAL_SET_LINE_CONTROL);UP;STATUS_SUCCESS;;"";;;COM3;;
756;27/08/2026 13:42:56;IRP_MJ_DEVICE_CONTROL (IOCTL_SERIAL_SET_CHARS);DOWN;;1a 00 00 1a 11 13 ;"......";6;;COM3;;
757;27/08/2026 13:42:56;IRP_MJ_DEVICE_CONTROL (IOCTL_SERIAL_SET_CHARS);UP;STATUS_SUCCESS;;"";;;COM3;;
758;27/08/2026 13:42:56;IRP_MJ_DEVICE_CONTROL (IOCTL_SERIAL_SET_HANDFLOW);DOWN;;00 00 00 00 00 00 00 00 36 43 00 00 36 43 00 00 ;"........6C..6C..";16;;COM3;;
759;27/08/2026 13:42:56;IRP_MJ_DEVICE_CONTROL (IOCTL_SERIAL_SET_HANDFLOW);UP;STATUS_SUCCESS;;"";;;COM3;;
760;27/08/2026 13:42:56;IRP_MJ_DEVICE_CONTROL (IOCTL_SERIAL_GET_BAUD_RATE);DOWN;;;"";;;COM3;;
761;27/08/2026 13:42:56;IRP_MJ_DEVICE_CONTROL (IOCTL_SERIAL_GET_BAUD_RATE);UP;STATUS_SUCCESS;80 25 00 00 ;"Ä%..";4;;COM3;;
762;27/08/2026 13:42:56;IRP_MJ_DEVICE_CONTROL (IOCTL_SERIAL_GET_LINE_CONTROL);DOWN;;;"";;;COM3;;
763;27/08/2026 13:42:56;IRP_MJ_DEVICE_CONTROL (IOCTL_SERIAL_GET_LINE_CONTROL);UP;STATUS_SUCCESS;00 00 08 ;"...";3;;COM3;;
764;27/08/2026 13:42:56;IRP_MJ_DEVICE_CONTROL (IOCTL_SERIAL_GET_CHARS);DOWN;;;"";;;COM3;;
765;27/08/2026 13:42:56;IRP_MJ_DEVICE_CONTROL (IOCTL_SERIAL_GET_CHARS);UP;STATUS_SUCCESS;1a 00 00 1a 11 13 ;"......";6;;COM3;;
766;27/08/2026 13:42:56;IRP_MJ_DEVICE_CONTROL (IOCTL_SERIAL_GET_HANDFLOW);DOWN;;;"";;;COM3;;
767;27/08/2026 13:42:56;IRP_MJ_DEVICE_CONTROL (IOCTL_SERIAL_GET_HANDFLOW);UP;STATUS_SUCCESS;00 00 00 00 00 00 00 00 36 43 00 00 36 43 00 00 ;"........6C..6C..";16;;COM3;;
768;27/08/2026 13:42:56;IRP_MJ_DEVICE_CONTROL (IOCTL_SERIAL_SET_BAUD_RATE);DOWN;;80 25 00 00 ;"Ä%..";4;;COM3;;
769;27/08/2026 13:42:56;IRP_MJ_DEVICE_CONTROL (IOCTL_SERIAL_SET_BAUD_RATE);UP;STATUS_SUCCESS;;"";;;COM3;;
770;27/08/2026 13:42:56;IRP_MJ_DEVICE_CONTROL (IOCTL_SERIAL_CLR_RTS);DOWN;;;"";;;COM3;;
771;27/08/2026 13:42:56;IRP_MJ_DEVICE_CONTROL (IOCTL_SERIAL_CLR_RTS);UP;STATUS_SUCCESS;;"";;;COM3;;
772;27/08/2026 13:42:56;IRP_MJ_DEVICE_CONTROL (IOCTL_SERIAL_CLR_DTR);DOWN;;;"";;;COM3;;
773;27/08/2026 13:42:56;IRP_MJ_DEVICE_CONTROL (IOCTL_SERIAL_CLR_DTR);UP;STATUS_SUCCESS;;"";;;COM3;;
774;27/08/2026 13:42:56;IRP_MJ_DEVICE_CONTROL (IOCTL_SERIAL_SET_LINE_CONTROL);DOWN;;00 00 08 ;"...";3;;COM3;;
775;27/08/2026 13:42:56;IRP_MJ_DEVICE_CONTROL (IOCTL_SERIAL_SET_LINE_CONTROL);UP;STATUS_SUCCESS;;"";;;COM3;;
776;27/08/2026 13:42:56;IRP_MJ_DEVICE_CONTROL (IOCTL_SERIAL_SET_CHARS);DOWN;;1a 00 00 1a 11 13 ;"......";6;;COM3;;
777;27/08/2026 13:42:56;IRP_MJ_DEVICE_CONTROL (IOCTL_SERIAL_SET_CHARS);UP;STATUS_SUCCESS;;"";;;COM3;;
778;27/08/2026 13:42:56;IRP_MJ_DEVICE_CONTROL (IOCTL_SERIAL_SET_HANDFLOW);DOWN;;00 00 00 00 00 00 00 00 36 43 00 00 36 43 00 00 ;"........6C..6C..";16;;COM3;;
779;27/08/2026 13:42:56;IRP_MJ_DEVICE_CONTROL (IOCTL_SERIAL_SET_HANDFLOW);UP;STATUS_SUCCESS;;"";;;COM3;;
780;27/08/2026 13:42:56;IRP_MJ_DEVICE_CONTROL (IOCTL_SERIAL_CLR_DTR);DOWN;;;"";;;COM3;;
781;27/08/2026 13:42:56;IRP_MJ_DEVICE_CONTROL (IOCTL_SERIAL_CLR_DTR);UP;STATUS_SUCCESS;;"";;;COM3;;
782;27/08/2026 13:42:56;IRP_MJ_DEVICE_CONTROL (IOCTL_SERIAL_SET_TIMEOUTS);DOWN;;ff ff ff ff ff ff ff ff fe ff ff ff 00 00 00 00 00 00 00 00 ;"ˇˇˇˇˇˇˇˇ˛ˇˇˇ........";20;;COM3;;
783;27/08/2026 13:42:56;IRP_MJ_DEVICE_CONTROL (IOCTL_SERIAL_SET_TIMEOUTS);UP;STATUS_SUCCESS;;"";;;COM3;;
784;27/08/2026 13:42:56;IRP_MJ_DEVICE_CONTROL (IOCTL_SERIAL_SET_WAIT_MASK);DOWN;;fb 01 00 00 ;"˚...";4;;COM3;;
785;27/08/2026 13:42:56;IRP_MJ_DEVICE_CONTROL (IOCTL_SERIAL_SET_WAIT_MASK);UP;STATUS_SUCCESS;;"";;;COM3;;
786;27/08/2026 13:42:56;IRP_MJ_DEVICE_CONTROL (IOCTL_SERIAL_SET_QUEUE_SIZE);DOWN;;00 10 00 00 00 08 00 00 ;"........";8;;COM3;;
787;27/08/2026 13:42:56;IRP_MJ_DEVICE_CONTROL (IOCTL_SERIAL_SET_QUEUE_SIZE);UP;STATUS_SUCCESS;;"";;;COM3;;
788;27/08/2026 13:42:56;IRP_MJ_DEVICE_CONTROL (IOCTL_SERIAL_WAIT_ON_MASK);DOWN;;;"";;;COM3;;
789;27/08/2026 13:42:56;IRP_MJ_WRITE;DOWN;;06 03 4e 21 00 01 c2 9f ;"..N!..¬ü";8;8;COM3;;
790;27/08/2026 13:42:56;IRP_MJ_WRITE;UP;STATUS_SUCCESS;06 03 4e 21 00 01 c2 9f ;"..N!..¬ü";8;;COM3;;
791;27/08/2026 13:42:56;IRP_MJ_DEVICE_CONTROL (IOCTL_SERIAL_GET_COMMSTATUS);DOWN;;;"";;;COM3;;
792;27/08/2026 13:42:56;IRP_MJ_DEVICE_CONTROL (IOCTL_SERIAL_GET_COMMSTATUS);UP;STATUS_SUCCESS;00 00 00 00 00 00 00 00 00 00 00 00 00 00 00 00 00 00 00 00 ;"....................";20;;COM3;;
793;27/08/2026 13:42:56;IRP_MJ_DEVICE_CONTROL (IOCTL_SERIAL_GET_COMMSTATUS);DOWN;;;"";;;COM3;;
794;27/08/2026 13:42:56;IRP_MJ_DEVICE_CONTROL (IOCTL_SERIAL_GET_COMMSTATUS);UP;STATUS_SUCCESS;00 00 00 00 00 00 00 00 00 00 00 00 00 00 00 00 00 00 00 00 ;"....................";20;;COM3;;
795;27/08/2026 13:42:56;IRP_MJ_DEVICE_CONTROL (IOCTL_SERIAL_GET_COMMSTATUS);DOWN;;;"";;;COM3;;
796;27/08/2026 13:42:56;IRP_MJ_DEVICE_CONTROL (IOCTL_SERIAL_GET_COMMSTATUS);UP;STATUS_SUCCESS;00 00 00 00 00 00 00 00 00 00 00 00 00 00 00 00 00 00 00 00 ;"....................";20;;COM3;;
797;27/08/2026 13:42:56;IRP_MJ_DEVICE_CONTROL (IOCTL_SERIAL_GET_COMMSTATUS);DOWN;;;"";;;COM3;;
798;27/08/2026 13:42:56;IRP_MJ_DEVICE_CONTROL (IOCTL_SERIAL_GET_COMMSTATUS);UP;STATUS_SUCCESS;00 00 00 00 00 00 00 00 00 00 00 00 00 00 00 00 00 00 00 00 ;"....................";20;;COM3;;
799;27/08/2026 13:42:56;IRP_MJ_DEVICE_CONTROL (IOCTL_SERIAL_GET_COMMSTATUS);DOWN;;;"";;;COM3;;
800;27/08/2026 13:42:56;IRP_MJ_DEVICE_CONTROL (IOCTL_SERIAL_GET_COMMSTATUS);UP;STATUS_SUCCESS;00 00 00 00 00 00 00 00 00 00 00 00 00 00 00 00 00 00 00 00 ;"....................";20;;COM3;;
801;27/08/2026 13:42:56;IRP_MJ_DEVICE_CONTROL (IOCTL_SERIAL_GET_COMMSTATUS);DOWN;;;"";;;COM3;;
802;27/08/2026 13:42:56;IRP_MJ_DEVICE_CONTROL (IOCTL_SERIAL_GET_COMMSTATUS);UP;STATUS_SUCCESS;00 00 00 00 00 00 00 00 00 00 00 00 00 00 00 00 00 00 00 00 ;"....................";20;;COM3;;
803;27/08/2026 13:42:56;IRP_MJ_DEVICE_CONTROL (IOCTL_SERIAL_GET_COMMSTATUS);DOWN;;;"";;;COM3;;
804;27/08/2026 13:42:56;IRP_MJ_DEVICE_CONTROL (IOCTL_SERIAL_GET_COMMSTATUS);UP;STATUS_SUCCESS;00 00 00 00 00 00 00 00 00 00 00 00 00 00 00 00 00 00 00 00 ;"....................";20;;COM3;;
805;27/08/2026 13:42:56;IRP_MJ_DEVICE_CONTROL (IOCTL_SERIAL_GET_COMMSTATUS);DOWN;;;"";;;COM3;;
806;27/08/2026 13:42:56;IRP_MJ_DEVICE_CONTROL (IOCTL_SERIAL_GET_COMMSTATUS);UP;STATUS_SUCCESS;00 00 00 00 00 00 00 00 00 00 00 00 00 00 00 00 00 00 00 00 ;"....................";20;;COM3;;
807;27/08/2026 13:42:56;IRP_MJ_DEVICE_CONTROL (IOCTL_SERIAL_GET_COMMSTATUS);DOWN;;;"";;;COM3;;
808;27/08/2026 13:42:56;IRP_MJ_DEVICE_CONTROL (IOCTL_SERIAL_GET_COMMSTATUS);UP;STATUS_SUCCESS;00 00 00 00 00 00 00 00 00 00 00 00 00 00 00 00 00 00 00 00 ;"....................";20;;COM3;;
809;27/08/2026 13:42:56;IRP_MJ_DEVICE_CONTROL (IOCTL_SERIAL_GET_COMMSTATUS);DOWN;;;"";;;COM3;;
810;27/08/2026 13:42:56;IRP_MJ_DEVICE_CONTROL (IOCTL_SERIAL_GET_COMMSTATUS);UP;STATUS_SUCCESS;00 00 00 00 00 00 00 00 00 00 00 00 00 00 00 00 00 00 00 00 ;"....................";20;;COM3;;
811;27/08/2026 13:42:56;IRP_MJ_DEVICE_CONTROL (IOCTL_SERIAL_GET_COMMSTATUS);DOWN;;;"";;;COM3;;
812;27/08/2026 13:42:56;IRP_MJ_DEVICE_CONTROL (IOCTL_SERIAL_GET_COMMSTATUS);UP;STATUS_SUCCESS;00 00 00 00 00 00 00 00 00 00 00 00 00 00 00 00 00 00 00 00 ;"....................";20;;COM3;;
813;27/08/2026 13:42:56;IRP_MJ_DEVICE_CONTROL (IOCTL_SERIAL_SET_WAIT_MASK);DOWN;;00 00 00 00 ;"....";4;;COM3;;
814;27/08/2026 13:42:56;IRP_MJ_DEVICE_CONTROL (IOCTL_SERIAL_WAIT_ON_MASK);UP;STATUS_SUCCESS;00 00 00 00 ;"....";4;;COM3;;
815;27/08/2026 13:42:56;IRP_MJ_DEVICE_CONTROL (IOCTL_SERIAL_SET_WAIT_MASK);UP;STATUS_SUCCESS;;"";;;COM3;;
816;27/08/2026 13:42:56;IRP_MJ_DEVICE_CONTROL (IOCTL_SERIAL_CLR_DTR);DOWN;;;"";;;COM3;;
817;27/08/2026 13:42:56;IRP_MJ_DEVICE_CONTROL (IOCTL_SERIAL_CLR_DTR);UP;STATUS_SUCCESS;;"";;;COM3;;
818;27/08/2026 13:42:56;IRP_MJ_DEVICE_CONTROL (IOCTL_SERIAL_PURGE);DOWN;;0a 00 00 00 ;"....";4;;COM3;;
819;27/08/2026 13:42:56;IRP_MJ_DEVICE_CONTROL (IOCTL_SERIAL_PURGE);UP;STATUS_SUCCESS;;"";;;COM3;;
820;27/08/2026 13:42:56;IRP_MJ_DEVICE_CONTROL (IOCTL_SERIAL_PURGE);DOWN;;05 00 00 00 ;"....";4;;COM3;;
821;27/08/2026 13:42:56;IRP_MJ_DEVICE_CONTROL (IOCTL_SERIAL_PURGE);UP;STATUS_SUCCESS;;"";;;COM3;;
822;27/08/2026 13:42:56;IRP_MJ_CLOSE;DOWN;;;"";;;COM3;;
823;27/08/2026 13:42:56;IRP_MJ_CLOSE;UP;STATUS_SUCCESS;;"";;;COM3;;
824;27/08/2026 13:42:56;IRP_MJ_CREATE;DOWN;;;"C:\Program Files (x86)\CC\SolarPowerMonitor\SolarMonitor.exe";;;COM3;;
825;27/08/2026 13:42:56;IRP_MJ_CREATE;UP;STATUS_SUCCESS;;"C:\Program Files (x86)\CC\SolarPowerMonitor\SolarMonitor.exe";;;COM3;;
826;27/08/2026 13:42:56;IRP_MJ_DEVICE_CONTROL (IOCTL_SERIAL_GET_PROPERTIES);DOWN;;;"";;;COM3;;
827;27/08/2026 13:42:56;IRP_MJ_DEVICE_CONTROL (IOCTL_SERIAL_GET_PROPERTIES);UP;STATUS_SUCCESS;40 00 02 00 01 00 00 00 00 00 00 00 00 00 00 00 00 00 00 00 00 00 00 10 01 00 00 00 ff 00 00 00 7f 00 00 00 ff ff 07 10 0f 00 07 1f 00 00 00 00 d8 0c 01 00 00 00 00 00 23 55 48 43 00 00 00 00 ;"@...........................ˇ......ˇˇ..........ÿ.......#UHC....";64;;COM3;;
828;27/08/2026 13:42:56;IRP_MJ_DEVICE_CONTROL (IOCTL_SERIAL_GET_MODEMSTATUS);DOWN;;;"";;;COM3;;
829;27/08/2026 13:42:56;IRP_MJ_DEVICE_CONTROL (IOCTL_SERIAL_GET_MODEMSTATUS);UP;STATUS_SUCCESS;00 00 00 00 ;"....";4;;COM3;;
830;27/08/2026 13:42:56;IRP_MJ_DEVICE_CONTROL (IOCTL_SERIAL_GET_BAUD_RATE);DOWN;;;"";;;COM3;;
831;27/08/2026 13:42:56;IRP_MJ_DEVICE_CONTROL (IOCTL_SERIAL_GET_BAUD_RATE);UP;STATUS_SUCCESS;80 25 00 00 ;"Ä%..";4;;COM3;;
832;27/08/2026 13:42:56;IRP_MJ_DEVICE_CONTROL (IOCTL_SERIAL_GET_LINE_CONTROL);DOWN;;;"";;;COM3;;
833;27/08/2026 13:42:56;IRP_MJ_DEVICE_CONTROL (IOCTL_SERIAL_GET_LINE_CONTROL);UP;STATUS_SUCCESS;00 00 08 ;"...";3;;COM3;;
834;27/08/2026 13:42:56;IRP_MJ_DEVICE_CONTROL (IOCTL_SERIAL_GET_CHARS);DOWN;;;"";;;COM3;;
835;27/08/2026 13:42:56;IRP_MJ_DEVICE_CONTROL (IOCTL_SERIAL_GET_CHARS);UP;STATUS_SUCCESS;1a 00 00 1a 11 13 ;"......";6;;COM3;;
836;27/08/2026 13:42:56;IRP_MJ_DEVICE_CONTROL (IOCTL_SERIAL_GET_HANDFLOW);DOWN;;;"";;;COM3;;
837;27/08/2026 13:42:56;IRP_MJ_DEVICE_CONTROL (IOCTL_SERIAL_GET_HANDFLOW);UP;STATUS_SUCCESS;00 00 00 00 00 00 00 00 6c 86 00 00 9b 21 00 00 ;"........lÜ..õ!..";16;;COM3;;
838;27/08/2026 13:42:56;IRP_MJ_DEVICE_CONTROL (IOCTL_SERIAL_GET_BAUD_RATE);DOWN;;;"";;;COM3;;
839;27/08/2026 13:42:56;IRP_MJ_DEVICE_CONTROL (IOCTL_SERIAL_GET_BAUD_RATE);UP;STATUS_SUCCESS;80 25 00 00 ;"Ä%..";4;;COM3;;
840;27/08/2026 13:42:56;IRP_MJ_DEVICE_CONTROL (IOCTL_SERIAL_GET_LINE_CONTROL);DOWN;;;"";;;COM3;;
841;27/08/2026 13:42:56;IRP_MJ_DEVICE_CONTROL (IOCTL_SERIAL_GET_LINE_CONTROL);UP;STATUS_SUCCESS;00 00 08 ;"...";3;;COM3;;
842;27/08/2026 13:42:56;IRP_MJ_DEVICE_CONTROL (IOCTL_SERIAL_GET_CHARS);DOWN;;;"";;;COM3;;
843;27/08/2026 13:42:56;IRP_MJ_DEVICE_CONTROL (IOCTL_SERIAL_GET_CHARS);UP;STATUS_SUCCESS;1a 00 00 1a 11 13 ;"......";6;;COM3;;
844;27/08/2026 13:42:56;IRP_MJ_DEVICE_CONTROL (IOCTL_SERIAL_GET_HANDFLOW);DOWN;;;"";;;COM3;;
845;27/08/2026 13:42:56;IRP_MJ_DEVICE_CONTROL (IOCTL_SERIAL_GET_HANDFLOW);UP;STATUS_SUCCESS;00 00 00 00 00 00 00 00 6c 86 00 00 9b 21 00 00 ;"........lÜ..õ!..";16;;COM3;;
846;27/08/2026 13:42:56;IRP_MJ_DEVICE_CONTROL (IOCTL_SERIAL_SET_BAUD_RATE);DOWN;;80 25 00 00 ;"Ä%..";4;;COM3;;
847;27/08/2026 13:42:56;IRP_MJ_DEVICE_CONTROL (IOCTL_SERIAL_SET_BAUD_RATE);UP;STATUS_SUCCESS;;"";;;COM3;;
848;27/08/2026 13:42:56;IRP_MJ_DEVICE_CONTROL (IOCTL_SERIAL_CLR_RTS);DOWN;;;"";;;COM3;;
849;27/08/2026 13:42:56;IRP_MJ_DEVICE_CONTROL (IOCTL_SERIAL_CLR_RTS);UP;STATUS_SUCCESS;;"";;;COM3;;
850;27/08/2026 13:42:56;IRP_MJ_DEVICE_CONTROL (IOCTL_SERIAL_CLR_DTR);DOWN;;;"";;;COM3;;
851;27/08/2026 13:42:56;IRP_MJ_DEVICE_CONTROL (IOCTL_SERIAL_CLR_DTR);UP;STATUS_SUCCESS;;"";;;COM3;;
852;27/08/2026 13:42:56;IRP_MJ_DEVICE_CONTROL (IOCTL_SERIAL_SET_LINE_CONTROL);DOWN;;00 00 08 ;"...";3;;COM3;;
853;27/08/2026 13:42:56;IRP_MJ_DEVICE_CONTROL (IOCTL_SERIAL_SET_LINE_CONTROL);UP;STATUS_SUCCESS;;"";;;COM3;;
854;27/08/2026 13:42:56;IRP_MJ_DEVICE_CONTROL (IOCTL_SERIAL_SET_CHARS);DOWN;;1a 00 00 1a 11 13 ;"......";6;;COM3;;
855;27/08/2026 13:42:56;IRP_MJ_DEVICE_CONTROL (IOCTL_SERIAL_SET_CHARS);UP;STATUS_SUCCESS;;"";;;COM3;;
856;27/08/2026 13:42:56;IRP_MJ_DEVICE_CONTROL (IOCTL_SERIAL_SET_HANDFLOW);DOWN;;00 00 00 00 00 00 00 00 36 43 00 00 36 43 00 00 ;"........6C..6C..";16;;COM3;;
857;27/08/2026 13:42:56;IRP_MJ_DEVICE_CONTROL (IOCTL_SERIAL_SET_HANDFLOW);UP;STATUS_SUCCESS;;"";;;COM3;;
858;27/08/2026 13:42:56;IRP_MJ_DEVICE_CONTROL (IOCTL_SERIAL_GET_BAUD_RATE);DOWN;;;"";;;COM3;;
859;27/08/2026 13:42:56;IRP_MJ_DEVICE_CONTROL (IOCTL_SERIAL_GET_BAUD_RATE);UP;STATUS_SUCCESS;80 25 00 00 ;"Ä%..";4;;COM3;;
860;27/08/2026 13:42:56;IRP_MJ_DEVICE_CONTROL (IOCTL_SERIAL_GET_LINE_CONTROL);DOWN;;;"";;;COM3;;
861;27/08/2026 13:42:56;IRP_MJ_DEVICE_CONTROL (IOCTL_SERIAL_GET_LINE_CONTROL);UP;STATUS_SUCCESS;00 00 08 ;"...";3;;COM3;;
862;27/08/2026 13:42:56;IRP_MJ_DEVICE_CONTROL (IOCTL_SERIAL_GET_CHARS);DOWN;;;"";;;COM3;;
863;27/08/2026 13:42:56;IRP_MJ_DEVICE_CONTROL (IOCTL_SERIAL_GET_CHARS);UP;STATUS_SUCCESS;1a 00 00 1a 11 13 ;"......";6;;COM3;;
864;27/08/2026 13:42:56;IRP_MJ_DEVICE_CONTROL (IOCTL_SERIAL_GET_HANDFLOW);DOWN;;;"";;;COM3;;
865;27/08/2026 13:42:56;IRP_MJ_DEVICE_CONTROL (IOCTL_SERIAL_GET_HANDFLOW);UP;STATUS_SUCCESS;00 00 00 00 00 00 00 00 36 43 00 00 36 43 00 00 ;"........6C..6C..";16;;COM3;;
866;27/08/2026 13:42:56;IRP_MJ_DEVICE_CONTROL (IOCTL_SERIAL_SET_BAUD_RATE);DOWN;;80 25 00 00 ;"Ä%..";4;;COM3;;
867;27/08/2026 13:42:56;IRP_MJ_DEVICE_CONTROL (IOCTL_SERIAL_SET_BAUD_RATE);UP;STATUS_SUCCESS;;"";;;COM3;;
868;27/08/2026 13:42:56;IRP_MJ_DEVICE_CONTROL (IOCTL_SERIAL_CLR_RTS);DOWN;;;"";;;COM3;;
869;27/08/2026 13:42:56;IRP_MJ_DEVICE_CONTROL (IOCTL_SERIAL_CLR_RTS);UP;STATUS_SUCCESS;;"";;;COM3;;
870;27/08/2026 13:42:56;IRP_MJ_DEVICE_CONTROL (IOCTL_SERIAL_CLR_DTR);DOWN;;;"";;;COM3;;
871;27/08/2026 13:42:56;IRP_MJ_DEVICE_CONTROL (IOCTL_SERIAL_CLR_DTR);UP;STATUS_SUCCESS;;"";;;COM3;;
872;27/08/2026 13:42:56;IRP_MJ_DEVICE_CONTROL (IOCTL_SERIAL_SET_LINE_CONTROL);DOWN;;00 00 08 ;"...";3;;COM3;;
873;27/08/2026 13:42:56;IRP_MJ_DEVICE_CONTROL (IOCTL_SERIAL_SET_LINE_CONTROL);UP;STATUS_SUCCESS;;"";;;COM3;;
874;27/08/2026 13:42:56;IRP_MJ_DEVICE_CONTROL (IOCTL_SERIAL_SET_CHARS);DOWN;;1a 00 00 1a 11 13 ;"......";6;;COM3;;
875;27/08/2026 13:42:56;IRP_MJ_DEVICE_CONTROL (IOCTL_SERIAL_SET_CHARS);UP;STATUS_SUCCESS;;"";;;COM3;;
876;27/08/2026 13:42:56;IRP_MJ_DEVICE_CONTROL (IOCTL_SERIAL_SET_HANDFLOW);DOWN;;00 00 00 00 00 00 00 00 36 43 00 00 36 43 00 00 ;"........6C..6C..";16;;COM3;;
877;27/08/2026 13:42:56;IRP_MJ_DEVICE_CONTROL (IOCTL_SERIAL_SET_HANDFLOW);UP;STATUS_SUCCESS;;"";;;COM3;;
878;27/08/2026 13:42:56;IRP_MJ_DEVICE_CONTROL (IOCTL_SERIAL_CLR_DTR);DOWN;;;"";;;COM3;;
879;27/08/2026 13:42:56;IRP_MJ_DEVICE_CONTROL (IOCTL_SERIAL_CLR_DTR);UP;STATUS_SUCCESS;;"";;;COM3;;
880;27/08/2026 13:42:56;IRP_MJ_DEVICE_CONTROL (IOCTL_SERIAL_SET_TIMEOUTS);DOWN;;ff ff ff ff ff ff ff ff fe ff ff ff 00 00 00 00 00 00 00 00 ;"ˇˇˇˇˇˇˇˇ˛ˇˇˇ........";20;;COM3;;
881;27/08/2026 13:42:56;IRP_MJ_DEVICE_CONTROL (IOCTL_SERIAL_SET_TIMEOUTS);UP;STATUS_SUCCESS;;"";;;COM3;;
882;27/08/2026 13:42:56;IRP_MJ_DEVICE_CONTROL (IOCTL_SERIAL_SET_WAIT_MASK);DOWN;;fb 01 00 00 ;"˚...";4;;COM3;;
883;27/08/2026 13:42:56;IRP_MJ_DEVICE_CONTROL (IOCTL_SERIAL_SET_WAIT_MASK);UP;STATUS_SUCCESS;;"";;;COM3;;
884;27/08/2026 13:42:56;IRP_MJ_DEVICE_CONTROL (IOCTL_SERIAL_SET_QUEUE_SIZE);DOWN;;00 10 00 00 00 08 00 00 ;"........";8;;COM3;;
885;27/08/2026 13:42:56;IRP_MJ_DEVICE_CONTROL (IOCTL_SERIAL_SET_QUEUE_SIZE);UP;STATUS_SUCCESS;;"";;;COM3;;
886;27/08/2026 13:42:56;IRP_MJ_DEVICE_CONTROL (IOCTL_SERIAL_WAIT_ON_MASK);DOWN;;;"";;;COM3;;
887;27/08/2026 13:42:56;IRP_MJ_WRITE;DOWN;;0a 03 75 30 00 01 9f 72 ;"..u0..ür";8;8;COM3;;
888;27/08/2026 13:42:56;IRP_MJ_WRITE;UP;STATUS_SUCCESS;0a 03 75 30 00 01 9f 72 ;"..u0..ür";8;;COM3;;
889;27/08/2026 13:42:56;IRP_MJ_DEVICE_CONTROL (IOCTL_SERIAL_GET_COMMSTATUS);DOWN;;;"";;;COM3;;
890;27/08/2026 13:42:56;IRP_MJ_DEVICE_CONTROL (IOCTL_SERIAL_GET_COMMSTATUS);UP;STATUS_SUCCESS;00 00 00 00 00 00 00 00 00 00 00 00 00 00 00 00 00 00 00 00 ;"....................";20;;COM3;;
891;27/08/2026 13:42:56;IRP_MJ_DEVICE_CONTROL (IOCTL_SERIAL_GET_COMMSTATUS);DOWN;;;"";;;COM3;;
892;27/08/2026 13:42:56;IRP_MJ_DEVICE_CONTROL (IOCTL_SERIAL_GET_COMMSTATUS);UP;STATUS_SUCCESS;00 00 00 00 00 00 00 00 00 00 00 00 00 00 00 00 00 00 00 00 ;"....................";20;;COM3;;
893;27/08/2026 13:42:56;IRP_MJ_DEVICE_CONTROL (IOCTL_SERIAL_GET_COMMSTATUS);DOWN;;;"";;;COM3;;
894;27/08/2026 13:42:56;IRP_MJ_DEVICE_CONTROL (IOCTL_SERIAL_GET_COMMSTATUS);UP;STATUS_SUCCESS;00 00 00 00 00 00 00 00 00 00 00 00 00 00 00 00 00 00 00 00 ;"....................";20;;COM3;;
895;27/08/2026 13:42:56;IRP_MJ_DEVICE_CONTROL (IOCTL_SERIAL_GET_COMMSTATUS);DOWN;;;"";;;COM3;;
896;27/08/2026 13:42:56;IRP_MJ_DEVICE_CONTROL (IOCTL_SERIAL_GET_COMMSTATUS);UP;STATUS_SUCCESS;00 00 00 00 00 00 00 00 00 00 00 00 00 00 00 00 00 00 00 00 ;"....................";20;;COM3;;
897;27/08/2026 13:42:56;IRP_MJ_DEVICE_CONTROL (IOCTL_SERIAL_GET_COMMSTATUS);DOWN;;;"";;;COM3;;
898;27/08/2026 13:42:56;IRP_MJ_DEVICE_CONTROL (IOCTL_SERIAL_GET_COMMSTATUS);UP;STATUS_SUCCESS;00 00 00 00 00 00 00 00 00 00 00 00 00 00 00 00 00 00 00 00 ;"....................";20;;COM3;;
899;27/08/2026 13:42:56;IRP_MJ_DEVICE_CONTROL (IOCTL_SERIAL_GET_COMMSTATUS);DOWN;;;"";;;COM3;;
900;27/08/2026 13:42:56;IRP_MJ_DEVICE_CONTROL (IOCTL_SERIAL_GET_COMMSTATUS);UP;STATUS_SUCCESS;00 00 00 00 00 00 00 00 00 00 00 00 00 00 00 00 00 00 00 00 ;"....................";20;;COM3;;
901;27/08/2026 13:42:56;IRP_MJ_DEVICE_CONTROL (IOCTL_SERIAL_GET_COMMSTATUS);DOWN;;;"";;;COM3;;
902;27/08/2026 13:42:56;IRP_MJ_DEVICE_CONTROL (IOCTL_SERIAL_GET_COMMSTATUS);UP;STATUS_SUCCESS;00 00 00 00 00 00 00 00 00 00 00 00 00 00 00 00 00 00 00 00 ;"....................";20;;COM3;;
903;27/08/2026 13:42:56;IRP_MJ_DEVICE_CONTROL (IOCTL_SERIAL_GET_COMMSTATUS);DOWN;;;"";;;COM3;;
904;27/08/2026 13:42:56;IRP_MJ_DEVICE_CONTROL (IOCTL_SERIAL_GET_COMMSTATUS);UP;STATUS_SUCCESS;00 00 00 00 00 00 00 00 00 00 00 00 00 00 00 00 00 00 00 00 ;"....................";20;;COM3;;
905;27/08/2026 13:42:56;IRP_MJ_DEVICE_CONTROL (IOCTL_SERIAL_GET_COMMSTATUS);DOWN;;;"";;;COM3;;
906;27/08/2026 13:42:56;IRP_MJ_DEVICE_CONTROL (IOCTL_SERIAL_GET_COMMSTATUS);UP;STATUS_SUCCESS;00 00 00 00 00 00 00 00 00 00 00 00 00 00 00 00 00 00 00 00 ;"....................";20;;COM3;;
907;27/08/2026 13:42:56;IRP_MJ_DEVICE_CONTROL (IOCTL_SERIAL_GET_COMMSTATUS);DOWN;;;"";;;COM3;;
908;27/08/2026 13:42:56;IRP_MJ_DEVICE_CONTROL (IOCTL_SERIAL_GET_COMMSTATUS);UP;STATUS_SUCCESS;00 00 00 00 00 00 00 00 00 00 00 00 00 00 00 00 00 00 00 00 ;"....................";20;;COM3;;
909;27/08/2026 13:42:56;IRP_MJ_DEVICE_CONTROL (IOCTL_SERIAL_GET_COMMSTATUS);DOWN;;;"";;;COM3;;
910;27/08/2026 13:42:56;IRP_MJ_DEVICE_CONTROL (IOCTL_SERIAL_GET_COMMSTATUS);UP;STATUS_SUCCESS;00 00 00 00 00 00 00 00 00 00 00 00 00 00 00 00 00 00 00 00 ;"....................";20;;COM3;;
911;27/08/2026 13:42:56;IRP_MJ_DEVICE_CONTROL (IOCTL_SERIAL_SET_WAIT_MASK);DOWN;;00 00 00 00 ;"....";4;;COM3;;
912;27/08/2026 13:42:56;IRP_MJ_DEVICE_CONTROL (IOCTL_SERIAL_WAIT_ON_MASK);UP;STATUS_SUCCESS;00 00 00 00 ;"....";4;;COM3;;
913;27/08/2026 13:42:56;IRP_MJ_DEVICE_CONTROL (IOCTL_SERIAL_SET_WAIT_MASK);UP;STATUS_SUCCESS;;"";;;COM3;;
914;27/08/2026 13:42:56;IRP_MJ_DEVICE_CONTROL (IOCTL_SERIAL_CLR_DTR);DOWN;;;"";;;COM3;;
915;27/08/2026 13:42:56;IRP_MJ_DEVICE_CONTROL (IOCTL_SERIAL_CLR_DTR);UP;STATUS_SUCCESS;;"";;;COM3;;
916;27/08/2026 13:42:56;IRP_MJ_DEVICE_CONTROL (IOCTL_SERIAL_PURGE);DOWN;;0a 00 00 00 ;"....";4;;COM3;;
917;27/08/2026 13:42:56;IRP_MJ_DEVICE_CONTROL (IOCTL_SERIAL_PURGE);UP;STATUS_SUCCESS;;"";;;COM3;;
918;27/08/2026 13:42:56;IRP_MJ_DEVICE_CONTROL (IOCTL_SERIAL_PURGE);DOWN;;05 00 00 00 ;"....";4;;COM3;;
919;27/08/2026 13:42:56;IRP_MJ_DEVICE_CONTROL (IOCTL_SERIAL_PURGE);UP;STATUS_SUCCESS;;"";;;COM3;;
920;27/08/2026 13:42:56;IRP_MJ_CLOSE;DOWN;;;"";;;COM3;;
921;27/08/2026 13:42:56;IRP_MJ_CLOSE;UP;STATUS_SUCCESS;;"";;;COM3;;
922;27/08/2026 13:42:56;IRP_MJ_CREATE;DOWN;;;"C:\Program Files (x86)\CC\SolarPowerMonitor\SolarMonitor.exe";;;COM3;;
923;27/08/2026 13:42:56;IRP_MJ_CREATE;UP;STATUS_SUCCESS;;"C:\Program Files (x86)\CC\SolarPowerMonitor\SolarMonitor.exe";;;COM3;;
924;27/08/2026 13:42:56;IRP_MJ_DEVICE_CONTROL (IOCTL_SERIAL_GET_PROPERTIES);DOWN;;;"";;;COM3;;
925;27/08/2026 13:42:56;IRP_MJ_DEVICE_CONTROL (IOCTL_SERIAL_GET_PROPERTIES);UP;STATUS_SUCCESS;40 00 02 00 01 00 00 00 00 00 00 00 00 00 00 00 00 00 00 00 00 00 00 10 01 00 00 00 ff 00 00 00 7f 00 00 00 ff ff 07 10 0f 00 07 1f 00 00 00 00 d8 0c 01 00 00 00 00 00 23 55 48 43 00 00 00 00 ;"@...........................ˇ......ˇˇ..........ÿ.......#UHC....";64;;COM3;;
926;27/08/2026 13:42:56;IRP_MJ_DEVICE_CONTROL (IOCTL_SERIAL_GET_MODEMSTATUS);DOWN;;;"";;;COM3;;
927;27/08/2026 13:42:56;IRP_MJ_DEVICE_CONTROL (IOCTL_SERIAL_GET_MODEMSTATUS);UP;STATUS_SUCCESS;00 00 00 00 ;"....";4;;COM3;;
928;27/08/2026 13:42:56;IRP_MJ_DEVICE_CONTROL (IOCTL_SERIAL_GET_BAUD_RATE);DOWN;;;"";;;COM3;;
929;27/08/2026 13:42:56;IRP_MJ_DEVICE_CONTROL (IOCTL_SERIAL_GET_BAUD_RATE);UP;STATUS_SUCCESS;80 25 00 00 ;"Ä%..";4;;COM3;;
930;27/08/2026 13:42:56;IRP_MJ_DEVICE_CONTROL (IOCTL_SERIAL_GET_LINE_CONTROL);DOWN;;;"";;;COM3;;
931;27/08/2026 13:42:56;IRP_MJ_DEVICE_CONTROL (IOCTL_SERIAL_GET_LINE_CONTROL);UP;STATUS_SUCCESS;00 00 08 ;"...";3;;COM3;;
932;27/08/2026 13:42:56;IRP_MJ_DEVICE_CONTROL (IOCTL_SERIAL_GET_CHARS);DOWN;;;"";;;COM3;;
933;27/08/2026 13:42:56;IRP_MJ_DEVICE_CONTROL (IOCTL_SERIAL_GET_CHARS);UP;STATUS_SUCCESS;1a 00 00 1a 11 13 ;"......";6;;COM3;;
934;27/08/2026 13:42:56;IRP_MJ_DEVICE_CONTROL (IOCTL_SERIAL_GET_HANDFLOW);DOWN;;;"";;;COM3;;
935;27/08/2026 13:42:56;IRP_MJ_DEVICE_CONTROL (IOCTL_SERIAL_GET_HANDFLOW);UP;STATUS_SUCCESS;00 00 00 00 00 00 00 00 6c 86 00 00 9b 21 00 00 ;"........lÜ..õ!..";16;;COM3;;
936;27/08/2026 13:42:56;IRP_MJ_DEVICE_CONTROL (IOCTL_SERIAL_GET_BAUD_RATE);DOWN;;;"";;;COM3;;
937;27/08/2026 13:42:56;IRP_MJ_DEVICE_CONTROL (IOCTL_SERIAL_GET_BAUD_RATE);UP;STATUS_SUCCESS;80 25 00 00 ;"Ä%..";4;;COM3;;
938;27/08/2026 13:42:56;IRP_MJ_DEVICE_CONTROL (IOCTL_SERIAL_GET_LINE_CONTROL);DOWN;;;"";;;COM3;;
939;27/08/2026 13:42:56;IRP_MJ_DEVICE_CONTROL (IOCTL_SERIAL_GET_LINE_CONTROL);UP;STATUS_SUCCESS;00 00 08 ;"...";3;;COM3;;
940;27/08/2026 13:42:56;IRP_MJ_DEVICE_CONTROL (IOCTL_SERIAL_GET_CHARS);DOWN;;;"";;;COM3;;
941;27/08/2026 13:42:56;IRP_MJ_DEVICE_CONTROL (IOCTL_SERIAL_GET_CHARS);UP;STATUS_SUCCESS;1a 00 00 1a 11 13 ;"......";6;;COM3;;
942;27/08/2026 13:42:56;IRP_MJ_DEVICE_CONTROL (IOCTL_SERIAL_GET_HANDFLOW);DOWN;;;"";;;COM3;;
943;27/08/2026 13:42:56;IRP_MJ_DEVICE_CONTROL (IOCTL_SERIAL_GET_HANDFLOW);UP;STATUS_SUCCESS;00 00 00 00 00 00 00 00 6c 86 00 00 9b 21 00 00 ;"........lÜ..õ!..";16;;COM3;;
944;27/08/2026 13:42:56;IRP_MJ_DEVICE_CONTROL (IOCTL_SERIAL_SET_BAUD_RATE);DOWN;;00 4b 00 00 ;".K..";4;;COM3;;
945;27/08/2026 13:42:56;IRP_MJ_DEVICE_CONTROL (IOCTL_SERIAL_SET_BAUD_RATE);UP;STATUS_SUCCESS;;"";;;COM3;;
946;27/08/2026 13:42:56;IRP_MJ_DEVICE_CONTROL (IOCTL_SERIAL_CLR_RTS);DOWN;;;"";;;COM3;;
947;27/08/2026 13:42:56;IRP_MJ_DEVICE_CONTROL (IOCTL_SERIAL_CLR_RTS);UP;STATUS_SUCCESS;;"";;;COM3;;
948;27/08/2026 13:42:56;IRP_MJ_DEVICE_CONTROL (IOCTL_SERIAL_CLR_DTR);DOWN;;;"";;;COM3;;
949;27/08/2026 13:42:56;IRP_MJ_DEVICE_CONTROL (IOCTL_SERIAL_CLR_DTR);UP;STATUS_SUCCESS;;"";;;COM3;;
950;27/08/2026 13:42:56;IRP_MJ_DEVICE_CONTROL (IOCTL_SERIAL_SET_LINE_CONTROL);DOWN;;00 00 08 ;"...";3;;COM3;;
951;27/08/2026 13:42:56;IRP_MJ_DEVICE_CONTROL (IOCTL_SERIAL_SET_LINE_CONTROL);UP;STATUS_SUCCESS;;"";;;COM3;;
952;27/08/2026 13:42:56;IRP_MJ_DEVICE_CONTROL (IOCTL_SERIAL_SET_CHARS);DOWN;;1a 00 00 1a 11 13 ;"......";6;;COM3;;
953;27/08/2026 13:42:56;IRP_MJ_DEVICE_CONTROL (IOCTL_SERIAL_SET_CHARS);UP;STATUS_SUCCESS;;"";;;COM3;;
954;27/08/2026 13:42:56;IRP_MJ_DEVICE_CONTROL (IOCTL_SERIAL_SET_HANDFLOW);DOWN;;00 00 00 00 00 00 00 00 36 43 00 00 36 43 00 00 ;"........6C..6C..";16;;COM3;;
955;27/08/2026 13:42:56;IRP_MJ_DEVICE_CONTROL (IOCTL_SERIAL_SET_HANDFLOW);UP;STATUS_SUCCESS;;"";;;COM3;;
956;27/08/2026 13:42:56;IRP_MJ_DEVICE_CONTROL (IOCTL_SERIAL_GET_BAUD_RATE);DOWN;;;"";;;COM3;;
957;27/08/2026 13:42:56;IRP_MJ_DEVICE_CONTROL (IOCTL_SERIAL_GET_BAUD_RATE);UP;STATUS_SUCCESS;00 4b 00 00 ;".K..";4;;COM3;;
958;27/08/2026 13:42:56;IRP_MJ_DEVICE_CONTROL (IOCTL_SERIAL_GET_LINE_CONTROL);DOWN;;;"";;;COM3;;
959;27/08/2026 13:42:56;IRP_MJ_DEVICE_CONTROL (IOCTL_SERIAL_GET_LINE_CONTROL);UP;STATUS_SUCCESS;00 00 08 ;"...";3;;COM3;;
960;27/08/2026 13:42:56;IRP_MJ_DEVICE_CONTROL (IOCTL_SERIAL_GET_CHARS);DOWN;;;"";;;COM3;;
961;27/08/2026 13:42:56;IRP_MJ_DEVICE_CONTROL (IOCTL_SERIAL_GET_CHARS);UP;STATUS_SUCCESS;1a 00 00 1a 11 13 ;"......";6;;COM3;;
962;27/08/2026 13:42:56;IRP_MJ_DEVICE_CONTROL (IOCTL_SERIAL_GET_HANDFLOW);DOWN;;;"";;;COM3;;
963;27/08/2026 13:42:56;IRP_MJ_DEVICE_CONTROL (IOCTL_SERIAL_GET_HANDFLOW);UP;STATUS_SUCCESS;00 00 00 00 00 00 00 00 36 43 00 00 36 43 00 00 ;"........6C..6C..";16;;COM3;;
964;27/08/2026 13:42:56;IRP_MJ_DEVICE_CONTROL (IOCTL_SERIAL_SET_BAUD_RATE);DOWN;;00 4b 00 00 ;".K..";4;;COM3;;
965;27/08/2026 13:42:56;IRP_MJ_DEVICE_CONTROL (IOCTL_SERIAL_SET_BAUD_RATE);UP;STATUS_SUCCESS;;"";;;COM3;;
966;27/08/2026 13:42:56;IRP_MJ_DEVICE_CONTROL (IOCTL_SERIAL_CLR_RTS);DOWN;;;"";;;COM3;;
967;27/08/2026 13:42:56;IRP_MJ_DEVICE_CONTROL (IOCTL_SERIAL_CLR_RTS);UP;STATUS_SUCCESS;;"";;;COM3;;
968;27/08/2026 13:42:56;IRP_MJ_DEVICE_CONTROL (IOCTL_SERIAL_CLR_DTR);DOWN;;;"";;;COM3;;
969;27/08/2026 13:42:56;IRP_MJ_DEVICE_CONTROL (IOCTL_SERIAL_CLR_DTR);UP;STATUS_SUCCESS;;"";;;COM3;;
970;27/08/2026 13:42:56;IRP_MJ_DEVICE_CONTROL (IOCTL_SERIAL_SET_LINE_CONTROL);DOWN;;00 00 08 ;"...";3;;COM3;;
971;27/08/2026 13:42:56;IRP_MJ_DEVICE_CONTROL (IOCTL_SERIAL_SET_LINE_CONTROL);UP;STATUS_SUCCESS;;"";;;COM3;;
972;27/08/2026 13:42:56;IRP_MJ_DEVICE_CONTROL (IOCTL_SERIAL_SET_CHARS);DOWN;;1a 00 00 1a 11 13 ;"......";6;;COM3;;
973;27/08/2026 13:42:56;IRP_MJ_DEVICE_CONTROL (IOCTL_SERIAL_SET_CHARS);UP;STATUS_SUCCESS;;"";;;COM3;;
974;27/08/2026 13:42:56;IRP_MJ_DEVICE_CONTROL (IOCTL_SERIAL_SET_HANDFLOW);DOWN;;00 00 00 00 00 00 00 00 36 43 00 00 36 43 00 00 ;"........6C..6C..";16;;COM3;;
975;27/08/2026 13:42:56;IRP_MJ_DEVICE_CONTROL (IOCTL_SERIAL_SET_HANDFLOW);UP;STATUS_SUCCESS;;"";;;COM3;;
976;27/08/2026 13:42:56;IRP_MJ_DEVICE_CONTROL (IOCTL_SERIAL_CLR_DTR);DOWN;;;"";;;COM3;;
977;27/08/2026 13:42:56;IRP_MJ_DEVICE_CONTROL (IOCTL_SERIAL_CLR_DTR);UP;STATUS_SUCCESS;;"";;;COM3;;
978;27/08/2026 13:42:56;IRP_MJ_DEVICE_CONTROL (IOCTL_SERIAL_SET_TIMEOUTS);DOWN;;ff ff ff ff ff ff ff ff fe ff ff ff 00 00 00 00 00 00 00 00 ;"ˇˇˇˇˇˇˇˇ˛ˇˇˇ........";20;;COM3;;
979;27/08/2026 13:42:56;IRP_MJ_DEVICE_CONTROL (IOCTL_SERIAL_SET_TIMEOUTS);UP;STATUS_SUCCESS;;"";;;COM3;;
980;27/08/2026 13:42:56;IRP_MJ_DEVICE_CONTROL (IOCTL_SERIAL_SET_WAIT_MASK);DOWN;;fb 01 00 00 ;"˚...";4;;COM3;;
981;27/08/2026 13:42:56;IRP_MJ_DEVICE_CONTROL (IOCTL_SERIAL_SET_WAIT_MASK);UP;STATUS_SUCCESS;;"";;;COM3;;
982;27/08/2026 13:42:56;IRP_MJ_DEVICE_CONTROL (IOCTL_SERIAL_SET_QUEUE_SIZE);DOWN;;00 10 00 00 00 08 00 00 ;"........";8;;COM3;;
983;27/08/2026 13:42:56;IRP_MJ_DEVICE_CONTROL (IOCTL_SERIAL_SET_QUEUE_SIZE);UP;STATUS_SUCCESS;;"";;;COM3;;
984;27/08/2026 13:42:56;IRP_MJ_DEVICE_CONTROL (IOCTL_SERIAL_WAIT_ON_MASK);DOWN;;;"";;;COM3;;
985;27/08/2026 13:42:56;IRP_MJ_WRITE;DOWN;;04 03 4e 20 00 07 12 bf ;"..N ...ø";8;8;COM3;;
986;27/08/2026 13:42:56;IRP_MJ_WRITE;UP;STATUS_SUCCESS;04 03 4e 20 00 07 12 bf ;"..N ...ø";8;;COM3;;
987;27/08/2026 13:42:56;IRP_MJ_DEVICE_CONTROL (IOCTL_SERIAL_GET_COMMSTATUS);DOWN;;;"";;;COM3;;
988;27/08/2026 13:42:56;IRP_MJ_DEVICE_CONTROL (IOCTL_SERIAL_GET_COMMSTATUS);UP;STATUS_SUCCESS;00 00 00 00 00 00 00 00 00 00 00 00 00 00 00 00 00 00 00 00 ;"....................";20;;COM3;;
989;27/08/2026 13:42:56;IRP_MJ_DEVICE_CONTROL (IOCTL_SERIAL_GET_COMMSTATUS);DOWN;;;"";;;COM3;;
990;27/08/2026 13:42:56;IRP_MJ_DEVICE_CONTROL (IOCTL_SERIAL_GET_COMMSTATUS);UP;STATUS_SUCCESS;00 00 00 00 00 00 00 00 00 00 00 00 00 00 00 00 00 00 00 00 ;"....................";20;;COM3;;
991;27/08/2026 13:42:56;IRP_MJ_DEVICE_CONTROL (IOCTL_SERIAL_GET_COMMSTATUS);DOWN;;;"";;;COM3;;
992;27/08/2026 13:42:56;IRP_MJ_DEVICE_CONTROL (IOCTL_SERIAL_GET_COMMSTATUS);UP;STATUS_SUCCESS;00 00 00 00 00 00 00 00 00 00 00 00 00 00 00 00 00 00 00 00 ;"....................";20;;COM3;;
993;27/08/2026 13:42:56;IRP_MJ_DEVICE_CONTROL (IOCTL_SERIAL_GET_COMMSTATUS);DOWN;;;"";;;COM3;;
994;27/08/2026 13:42:56;IRP_MJ_DEVICE_CONTROL (IOCTL_SERIAL_GET_COMMSTATUS);UP;STATUS_SUCCESS;00 00 00 00 00 00 00 00 00 00 00 00 00 00 00 00 00 00 00 00 ;"....................";20;;COM3;;
995;27/08/2026 13:42:56;IRP_MJ_DEVICE_CONTROL (IOCTL_SERIAL_GET_COMMSTATUS);DOWN;;;"";;;COM3;;
996;27/08/2026 13:42:56;IRP_MJ_DEVICE_CONTROL (IOCTL_SERIAL_GET_COMMSTATUS);UP;STATUS_SUCCESS;00 00 00 00 00 00 00 00 00 00 00 00 00 00 00 00 00 00 00 00 ;"....................";20;;COM3;;
997;27/08/2026 13:42:56;IRP_MJ_DEVICE_CONTROL (IOCTL_SERIAL_GET_COMMSTATUS);DOWN;;;"";;;COM3;;
998;27/08/2026 13:42:56;IRP_MJ_DEVICE_CONTROL (IOCTL_SERIAL_GET_COMMSTATUS);UP;STATUS_SUCCESS;00 00 00 00 00 00 00 00 00 00 00 00 00 00 00 00 00 00 00 00 ;"....................";20;;COM3;;
999;27/08/2026 13:42:56;IRP_MJ_DEVICE_CONTROL (IOCTL_SERIAL_GET_COMMSTATUS);DOWN;;;"";;;COM3;;
1000;27/08/2026 13:42:56;IRP_MJ_DEVICE_CONTROL (IOCTL_SERIAL_GET_COMMSTATUS);UP;STATUS_SUCCESS;00 00 00 00 00 00 00 00 00 00 00 00 00 00 00 00 00 00 00 00 ;"....................";20;;COM3;;
1001;27/08/2026 13:42:56;IRP_MJ_DEVICE_CONTROL (IOCTL_SERIAL_GET_COMMSTATUS);DOWN;;;"";;;COM3;;
1002;27/08/2026 13:42:56;IRP_MJ_DEVICE_CONTROL (IOCTL_SERIAL_GET_COMMSTATUS);UP;STATUS_SUCCESS;00 00 00 00 00 00 00 00 00 00 00 00 00 00 00 00 00 00 00 00 ;"....................";20;;COM3;;
1003;27/08/2026 13:42:56;IRP_MJ_DEVICE_CONTROL (IOCTL_SERIAL_GET_COMMSTATUS);DOWN;;;"";;;COM3;;
1004;27/08/2026 13:42:56;IRP_MJ_DEVICE_CONTROL (IOCTL_SERIAL_GET_COMMSTATUS);UP;STATUS_SUCCESS;00 00 00 00 00 00 00 00 00 00 00 00 00 00 00 00 00 00 00 00 ;"....................";20;;COM3;;
1005;27/08/2026 13:42:56;IRP_MJ_DEVICE_CONTROL (IOCTL_SERIAL_GET_COMMSTATUS);DOWN;;;"";;;COM3;;
1006;27/08/2026 13:42:56;IRP_MJ_DEVICE_CONTROL (IOCTL_SERIAL_GET_COMMSTATUS);UP;STATUS_SUCCESS;00 00 00 00 00 00 00 00 00 00 00 00 00 00 00 00 00 00 00 00 ;"....................";20;;COM3;;
1007;27/08/2026 13:42:56;IRP_MJ_DEVICE_CONTROL (IOCTL_SERIAL_GET_COMMSTATUS);DOWN;;;"";;;COM3;;
1008;27/08/2026 13:42:56;IRP_MJ_DEVICE_CONTROL (IOCTL_SERIAL_GET_COMMSTATUS);UP;STATUS_SUCCESS;00 00 00 00 00 00 00 00 00 00 00 00 00 00 00 00 00 00 00 00 ;"....................";20;;COM3;;
1009;27/08/2026 13:42:56;IRP_MJ_DEVICE_CONTROL (IOCTL_SERIAL_GET_COMMSTATUS);DOWN;;;"";;;COM3;;
1010;27/08/2026 13:42:56;IRP_MJ_DEVICE_CONTROL (IOCTL_SERIAL_GET_COMMSTATUS);UP;STATUS_SUCCESS;00 00 00 00 00 00 00 00 00 00 00 00 00 00 00 00 00 00 00 00 ;"....................";20;;COM3;;
1011;27/08/2026 13:42:56;IRP_MJ_DEVICE_CONTROL (IOCTL_SERIAL_GET_COMMSTATUS);DOWN;;;"";;;COM3;;
1012;27/08/2026 13:42:56;IRP_MJ_DEVICE_CONTROL (IOCTL_SERIAL_GET_COMMSTATUS);UP;STATUS_SUCCESS;00 00 00 00 00 00 00 00 00 00 00 00 00 00 00 00 00 00 00 00 ;"....................";20;;COM3;;
1013;27/08/2026 13:42:56;IRP_MJ_DEVICE_CONTROL (IOCTL_SERIAL_GET_COMMSTATUS);DOWN;;;"";;;COM3;;
1014;27/08/2026 13:42:56;IRP_MJ_DEVICE_CONTROL (IOCTL_SERIAL_GET_COMMSTATUS);UP;STATUS_SUCCESS;00 00 00 00 00 00 00 00 00 00 00 00 00 00 00 00 00 00 00 00 ;"....................";20;;COM3;;
1015;27/08/2026 13:42:56;IRP_MJ_DEVICE_CONTROL (IOCTL_SERIAL_GET_COMMSTATUS);DOWN;;;"";;;COM3;;
1016;27/08/2026 13:42:56;IRP_MJ_DEVICE_CONTROL (IOCTL_SERIAL_GET_COMMSTATUS);UP;STATUS_SUCCESS;00 00 00 00 00 00 00 00 00 00 00 00 00 00 00 00 00 00 00 00 ;"....................";20;;COM3;;
1017;27/08/2026 13:42:56;IRP_MJ_DEVICE_CONTROL (IOCTL_SERIAL_GET_COMMSTATUS);DOWN;;;"";;;COM3;;
1018;27/08/2026 13:42:56;IRP_MJ_DEVICE_CONTROL (IOCTL_SERIAL_GET_COMMSTATUS);UP;STATUS_SUCCESS;00 00 00 00 00 00 00 00 00 00 00 00 00 00 00 00 00 00 00 00 ;"....................";20;;COM3;;
1019;27/08/2026 13:42:56;IRP_MJ_DEVICE_CONTROL (IOCTL_SERIAL_GET_COMMSTATUS);DOWN;;;"";;;COM3;;
1020;27/08/2026 13:42:56;IRP_MJ_DEVICE_CONTROL (IOCTL_SERIAL_GET_COMMSTATUS);UP;STATUS_SUCCESS;00 00 00 00 00 00 00 00 00 00 00 00 00 00 00 00 00 00 00 00 ;"....................";20;;COM3;;
1021;27/08/2026 13:42:56;IRP_MJ_DEVICE_CONTROL (IOCTL_SERIAL_GET_COMMSTATUS);DOWN;;;"";;;COM3;;
1022;27/08/2026 13:42:56;IRP_MJ_DEVICE_CONTROL (IOCTL_SERIAL_GET_COMMSTATUS);UP;STATUS_SUCCESS;00 00 00 00 00 00 00 00 00 00 00 00 00 00 00 00 00 00 00 00 ;"....................";20;;COM3;;
1023;27/08/2026 13:42:56;IRP_MJ_DEVICE_CONTROL (IOCTL_SERIAL_GET_COMMSTATUS);DOWN;;;"";;;COM3;;
1024;27/08/2026 13:42:56;IRP_MJ_DEVICE_CONTROL (IOCTL_SERIAL_GET_COMMSTATUS);UP;STATUS_SUCCESS;00 00 00 00 00 00 00 00 00 00 00 00 00 00 00 00 00 00 00 00 ;"....................";20;;COM3;;
1025;27/08/2026 13:42:56;IRP_MJ_DEVICE_CONTROL (IOCTL_SERIAL_GET_COMMSTATUS);DOWN;;;"";;;COM3;;
1026;27/08/2026 13:42:56;IRP_MJ_DEVICE_CONTROL (IOCTL_SERIAL_GET_COMMSTATUS);UP;STATUS_SUCCESS;00 00 00 00 00 00 00 00 00 00 00 00 00 00 00 00 00 00 00 00 ;"....................";20;;COM3;;
1027;27/08/2026 13:42:56;IRP_MJ_DEVICE_CONTROL (IOCTL_SERIAL_GET_COMMSTATUS);DOWN;;;"";;;COM3;;
1028;27/08/2026 13:42:56;IRP_MJ_DEVICE_CONTROL (IOCTL_SERIAL_GET_COMMSTATUS);UP;STATUS_SUCCESS;00 00 00 00 00 00 00 00 00 00 00 00 00 00 00 00 00 00 00 00 ;"....................";20;;COM3;;
1029;27/08/2026 13:42:56;IRP_MJ_DEVICE_CONTROL (IOCTL_SERIAL_GET_COMMSTATUS);DOWN;;;"";;;COM3;;
1030;27/08/2026 13:42:56;IRP_MJ_DEVICE_CONTROL (IOCTL_SERIAL_GET_COMMSTATUS);UP;STATUS_SUCCESS;00 00 00 00 00 00 00 00 00 00 00 00 00 00 00 00 00 00 00 00 ;"....................";20;;COM3;;
1031;27/08/2026 13:42:56;IRP_MJ_DEVICE_CONTROL (IOCTL_SERIAL_GET_COMMSTATUS);DOWN;;;"";;;COM3;;
1032;27/08/2026 13:42:56;IRP_MJ_DEVICE_CONTROL (IOCTL_SERIAL_GET_COMMSTATUS);UP;STATUS_SUCCESS;00 00 00 00 00 00 00 00 00 00 00 00 00 00 00 00 00 00 00 00 ;"....................";20;;COM3;;
1033;27/08/2026 13:42:56;IRP_MJ_DEVICE_CONTROL (IOCTL_SERIAL_GET_COMMSTATUS);DOWN;;;"";;;COM3;;
1034;27/08/2026 13:42:56;IRP_MJ_DEVICE_CONTROL (IOCTL_SERIAL_GET_COMMSTATUS);UP;STATUS_SUCCESS;00 00 00 00 00 00 00 00 00 00 00 00 00 00 00 00 00 00 00 00 ;"....................";20;;COM3;;
1035;27/08/2026 13:42:56;IRP_MJ_DEVICE_CONTROL (IOCTL_SERIAL_GET_COMMSTATUS);DOWN;;;"";;;COM3;;
1036;27/08/2026 13:42:56;IRP_MJ_DEVICE_CONTROL (IOCTL_SERIAL_GET_COMMSTATUS);UP;STATUS_SUCCESS;00 00 00 00 00 00 00 00 00 00 00 00 00 00 00 00 00 00 00 00 ;"....................";20;;COM3;;
1037;27/08/2026 13:42:56;IRP_MJ_DEVICE_CONTROL (IOCTL_SERIAL_GET_COMMSTATUS);DOWN;;;"";;;COM3;;
1038;27/08/2026 13:42:56;IRP_MJ_DEVICE_CONTROL (IOCTL_SERIAL_GET_COMMSTATUS);UP;STATUS_SUCCESS;00 00 00 00 00 00 00 00 00 00 00 00 00 00 00 00 00 00 00 00 ;"....................";20;;COM3;;
1039;27/08/2026 13:42:56;IRP_MJ_DEVICE_CONTROL (IOCTL_SERIAL_GET_COMMSTATUS);DOWN;;;"";;;COM3;;
1040;27/08/2026 13:42:56;IRP_MJ_DEVICE_CONTROL (IOCTL_SERIAL_GET_COMMSTATUS);UP;STATUS_SUCCESS;00 00 00 00 00 00 00 00 00 00 00 00 00 00 00 00 00 00 00 00 ;"....................";20;;COM3;;
1041;27/08/2026 13:42:56;IRP_MJ_DEVICE_CONTROL (IOCTL_SERIAL_GET_COMMSTATUS);DOWN;;;"";;;COM3;;
1042;27/08/2026 13:42:56;IRP_MJ_DEVICE_CONTROL (IOCTL_SERIAL_GET_COMMSTATUS);UP;STATUS_SUCCESS;00 00 00 00 00 00 00 00 00 00 00 00 00 00 00 00 00 00 00 00 ;"....................";20;;COM3;;
1043;27/08/2026 13:42:56;IRP_MJ_DEVICE_CONTROL (IOCTL_SERIAL_GET_COMMSTATUS);DOWN;;;"";;;COM3;;
1044;27/08/2026 13:42:56;IRP_MJ_DEVICE_CONTROL (IOCTL_SERIAL_GET_COMMSTATUS);UP;STATUS_SUCCESS;00 00 00 00 00 00 00 00 00 00 00 00 00 00 00 00 00 00 00 00 ;"....................";20;;COM3;;
1045;27/08/2026 13:42:56;IRP_MJ_DEVICE_CONTROL (IOCTL_SERIAL_GET_COMMSTATUS);DOWN;;;"";;;COM3;;
1046;27/08/2026 13:42:56;IRP_MJ_DEVICE_CONTROL (IOCTL_SERIAL_GET_COMMSTATUS);UP;STATUS_SUCCESS;00 00 00 00 00 00 00 00 00 00 00 00 00 00 00 00 00 00 00 00 ;"....................";20;;COM3;;
1047;27/08/2026 13:42:56;IRP_MJ_DEVICE_CONTROL (IOCTL_SERIAL_GET_COMMSTATUS);DOWN;;;"";;;COM3;;
1048;27/08/2026 13:42:56;IRP_MJ_DEVICE_CONTROL (IOCTL_SERIAL_GET_COMMSTATUS);UP;STATUS_SUCCESS;00 00 00 00 00 00 00 00 00 00 00 00 00 00 00 00 00 00 00 00 ;"....................";20;;COM3;;
1049;27/08/2026 13:42:56;IRP_MJ_DEVICE_CONTROL (IOCTL_SERIAL_SET_WAIT_MASK);DOWN;;00 00 00 00 ;"....";4;;COM3;;
1050;27/08/2026 13:42:56;IRP_MJ_DEVICE_CONTROL (IOCTL_SERIAL_WAIT_ON_MASK);UP;STATUS_SUCCESS;00 00 00 00 ;"....";4;;COM3;;
1051;27/08/2026 13:42:56;IRP_MJ_DEVICE_CONTROL (IOCTL_SERIAL_SET_WAIT_MASK);UP;STATUS_SUCCESS;;"";;;COM3;;
1052;27/08/2026 13:42:56;IRP_MJ_DEVICE_CONTROL (IOCTL_SERIAL_CLR_DTR);DOWN;;;"";;;COM3;;
1053;27/08/2026 13:42:56;IRP_MJ_DEVICE_CONTROL (IOCTL_SERIAL_CLR_DTR);UP;STATUS_SUCCESS;;"";;;COM3;;
1054;27/08/2026 13:42:56;IRP_MJ_DEVICE_CONTROL (IOCTL_SERIAL_PURGE);DOWN;;0a 00 00 00 ;"....";4;;COM3;;
1055;27/08/2026 13:42:56;IRP_MJ_DEVICE_CONTROL (IOCTL_SERIAL_PURGE);UP;STATUS_SUCCESS;;"";;;COM3;;
1056;27/08/2026 13:42:56;IRP_MJ_DEVICE_CONTROL (IOCTL_SERIAL_PURGE);DOWN;;05 00 00 00 ;"....";4;;COM3;;
1057;27/08/2026 13:42:56;IRP_MJ_DEVICE_CONTROL (IOCTL_SERIAL_PURGE);UP;STATUS_SUCCESS;;"";;;COM3;;
1058;27/08/2026 13:42:56;IRP_MJ_CLOSE;DOWN;;;"";;;COM3;;
1059;27/08/2026 13:42:56;IRP_MJ_CLOSE;UP;STATUS_SUCCESS;;"";;;COM3;;
1060;27/08/2026 13:42:57;IRP_MJ_CREATE;DOWN;;;"C:\Program Files (x86)\CC\SolarPowerMonitor\SolarMonitor.exe";;;COM3;;
1061;27/08/2026 13:42:57;IRP_MJ_CREATE;UP;STATUS_SUCCESS;;"C:\Program Files (x86)\CC\SolarPowerMonitor\SolarMonitor.exe";;;COM3;;
1062;27/08/2026 13:42:57;IRP_MJ_DEVICE_CONTROL (IOCTL_SERIAL_GET_PROPERTIES);DOWN;;;"";;;COM3;;
1063;27/08/2026 13:42:57;IRP_MJ_DEVICE_CONTROL (IOCTL_SERIAL_GET_PROPERTIES);UP;STATUS_SUCCESS;40 00 02 00 01 00 00 00 00 00 00 00 00 00 00 00 00 00 00 00 00 00 00 10 01 00 00 00 ff 00 00 00 7f 00 00 00 ff ff 07 10 0f 00 07 1f 00 00 00 00 d8 0c 01 00 00 00 00 00 23 55 48 43 00 00 00 00 ;"@...........................ˇ......ˇˇ..........ÿ.......#UHC....";64;;COM3;;
1064;27/08/2026 13:42:57;IRP_MJ_DEVICE_CONTROL (IOCTL_SERIAL_GET_MODEMSTATUS);DOWN;;;"";;;COM3;;
1065;27/08/2026 13:42:57;IRP_MJ_DEVICE_CONTROL (IOCTL_SERIAL_GET_MODEMSTATUS);UP;STATUS_SUCCESS;00 00 00 00 ;"....";4;;COM3;;
1066;27/08/2026 13:42:57;IRP_MJ_DEVICE_CONTROL (IOCTL_SERIAL_GET_BAUD_RATE);DOWN;;;"";;;COM3;;
1067;27/08/2026 13:42:57;IRP_MJ_DEVICE_CONTROL (IOCTL_SERIAL_GET_BAUD_RATE);UP;STATUS_SUCCESS;00 4b 00 00 ;".K..";4;;COM3;;
1068;27/08/2026 13:42:57;IRP_MJ_DEVICE_CONTROL (IOCTL_SERIAL_GET_LINE_CONTROL);DOWN;;;"";;;COM3;;
1069;27/08/2026 13:42:57;IRP_MJ_DEVICE_CONTROL (IOCTL_SERIAL_GET_LINE_CONTROL);UP;STATUS_SUCCESS;00 00 08 ;"...";3;;COM3;;
1070;27/08/2026 13:42:57;IRP_MJ_DEVICE_CONTROL (IOCTL_SERIAL_GET_CHARS);DOWN;;;"";;;COM3;;
1071;27/08/2026 13:42:57;IRP_MJ_DEVICE_CONTROL (IOCTL_SERIAL_GET_CHARS);UP;STATUS_SUCCESS;1a 00 00 1a 11 13 ;"......";6;;COM3;;
1072;27/08/2026 13:42:57;IRP_MJ_DEVICE_CONTROL (IOCTL_SERIAL_GET_HANDFLOW);DOWN;;;"";;;COM3;;
1073;27/08/2026 13:42:57;IRP_MJ_DEVICE_CONTROL (IOCTL_SERIAL_GET_HANDFLOW);UP;STATUS_SUCCESS;00 00 00 00 00 00 00 00 6c 86 00 00 9b 21 00 00 ;"........lÜ..õ!..";16;;COM3;;
1074;27/08/2026 13:42:57;IRP_MJ_DEVICE_CONTROL (IOCTL_SERIAL_GET_BAUD_RATE);DOWN;;;"";;;COM3;;
1075;27/08/2026 13:42:57;IRP_MJ_DEVICE_CONTROL (IOCTL_SERIAL_GET_BAUD_RATE);UP;STATUS_SUCCESS;00 4b 00 00 ;".K..";4;;COM3;;
1076;27/08/2026 13:42:57;IRP_MJ_DEVICE_CONTROL (IOCTL_SERIAL_GET_LINE_CONTROL);DOWN;;;"";;;COM3;;
1077;27/08/2026 13:42:57;IRP_MJ_DEVICE_CONTROL (IOCTL_SERIAL_GET_LINE_CONTROL);UP;STATUS_SUCCESS;00 00 08 ;"...";3;;COM3;;
1078;27/08/2026 13:42:57;IRP_MJ_DEVICE_CONTROL (IOCTL_SERIAL_GET_CHARS);DOWN;;;"";;;COM3;;
1079;27/08/2026 13:42:57;IRP_MJ_DEVICE_CONTROL (IOCTL_SERIAL_GET_CHARS);UP;STATUS_SUCCESS;1a 00 00 1a 11 13 ;"......";6;;COM3;;
1080;27/08/2026 13:42:57;IRP_MJ_DEVICE_CONTROL (IOCTL_SERIAL_GET_HANDFLOW);DOWN;;;"";;;COM3;;
1081;27/08/2026 13:42:57;IRP_MJ_DEVICE_CONTROL (IOCTL_SERIAL_GET_HANDFLOW);UP;STATUS_SUCCESS;00 00 00 00 00 00 00 00 6c 86 00 00 9b 21 00 00 ;"........lÜ..õ!..";16;;COM3;;
1082;27/08/2026 13:42:57;IRP_MJ_DEVICE_CONTROL (IOCTL_SERIAL_SET_BAUD_RATE);DOWN;;80 25 00 00 ;"Ä%..";4;;COM3;;
1083;27/08/2026 13:42:57;IRP_MJ_DEVICE_CONTROL (IOCTL_SERIAL_SET_BAUD_RATE);UP;STATUS_SUCCESS;;"";;;COM3;;
1084;27/08/2026 13:42:57;IRP_MJ_DEVICE_CONTROL (IOCTL_SERIAL_CLR_RTS);DOWN;;;"";;;COM3;;
1085;27/08/2026 13:42:57;IRP_MJ_DEVICE_CONTROL (IOCTL_SERIAL_CLR_RTS);UP;STATUS_SUCCESS;;"";;;COM3;;
1086;27/08/2026 13:42:57;IRP_MJ_DEVICE_CONTROL (IOCTL_SERIAL_CLR_DTR);DOWN;;;"";;;COM3;;
1087;27/08/2026 13:42:57;IRP_MJ_DEVICE_CONTROL (IOCTL_SERIAL_CLR_DTR);UP;STATUS_SUCCESS;;"";;;COM3;;
1088;27/08/2026 13:42:57;IRP_MJ_DEVICE_CONTROL (IOCTL_SERIAL_SET_LINE_CONTROL);DOWN;;00 00 08 ;"...";3;;COM3;;
1089;27/08/2026 13:42:57;IRP_MJ_DEVICE_CONTROL (IOCTL_SERIAL_SET_LINE_CONTROL);UP;STATUS_SUCCESS;;"";;;COM3;;
1090;27/08/2026 13:42:57;IRP_MJ_DEVICE_CONTROL (IOCTL_SERIAL_SET_CHARS);DOWN;;1a 00 00 1a 11 13 ;"......";6;;COM3;;
1091;27/08/2026 13:42:57;IRP_MJ_DEVICE_CONTROL (IOCTL_SERIAL_SET_CHARS);UP;STATUS_SUCCESS;;"";;;COM3;;
1092;27/08/2026 13:42:57;IRP_MJ_DEVICE_CONTROL (IOCTL_SERIAL_SET_HANDFLOW);DOWN;;00 00 00 00 00 00 00 00 36 43 00 00 36 43 00 00 ;"........6C..6C..";16;;COM3;;
1093;27/08/2026 13:42:57;IRP_MJ_DEVICE_CONTROL (IOCTL_SERIAL_SET_HANDFLOW);UP;STATUS_SUCCESS;;"";;;COM3;;
1094;27/08/2026 13:42:57;IRP_MJ_DEVICE_CONTROL (IOCTL_SERIAL_GET_BAUD_RATE);DOWN;;;"";;;COM3;;
1095;27/08/2026 13:42:57;IRP_MJ_DEVICE_CONTROL (IOCTL_SERIAL_GET_BAUD_RATE);UP;STATUS_SUCCESS;80 25 00 00 ;"Ä%..";4;;COM3;;
1096;27/08/2026 13:42:57;IRP_MJ_DEVICE_CONTROL (IOCTL_SERIAL_GET_LINE_CONTROL);DOWN;;;"";;;COM3;;
1097;27/08/2026 13:42:57;IRP_MJ_DEVICE_CONTROL (IOCTL_SERIAL_GET_LINE_CONTROL);UP;STATUS_SUCCESS;00 00 08 ;"...";3;;COM3;;
1098;27/08/2026 13:42:57;IRP_MJ_DEVICE_CONTROL (IOCTL_SERIAL_GET_CHARS);DOWN;;;"";;;COM3;;
1099;27/08/2026 13:42:57;IRP_MJ_DEVICE_CONTROL (IOCTL_SERIAL_GET_CHARS);UP;STATUS_SUCCESS;1a 00 00 1a 11 13 ;"......";6;;COM3;;
1100;27/08/2026 13:42:57;IRP_MJ_DEVICE_CONTROL (IOCTL_SERIAL_GET_HANDFLOW);DOWN;;;"";;;COM3;;
1101;27/08/2026 13:42:57;IRP_MJ_DEVICE_CONTROL (IOCTL_SERIAL_GET_HANDFLOW);UP;STATUS_SUCCESS;00 00 00 00 00 00 00 00 36 43 00 00 36 43 00 00 ;"........6C..6C..";16;;COM3;;
1102;27/08/2026 13:42:57;IRP_MJ_DEVICE_CONTROL (IOCTL_SERIAL_SET_BAUD_RATE);DOWN;;80 25 00 00 ;"Ä%..";4;;COM3;;
1103;27/08/2026 13:42:57;IRP_MJ_DEVICE_CONTROL (IOCTL_SERIAL_SET_BAUD_RATE);UP;STATUS_SUCCESS;;"";;;COM3;;
1104;27/08/2026 13:42:57;IRP_MJ_DEVICE_CONTROL (IOCTL_SERIAL_CLR_RTS);DOWN;;;"";;;COM3;;
1105;27/08/2026 13:42:57;IRP_MJ_DEVICE_CONTROL (IOCTL_SERIAL_CLR_RTS);UP;STATUS_SUCCESS;;"";;;COM3;;
1106;27/08/2026 13:42:57;IRP_MJ_DEVICE_CONTROL (IOCTL_SERIAL_CLR_DTR);DOWN;;;"";;;COM3;;
1107;27/08/2026 13:42:57;IRP_MJ_DEVICE_CONTROL (IOCTL_SERIAL_CLR_DTR);UP;STATUS_SUCCESS;;"";;;COM3;;
1108;27/08/2026 13:42:57;IRP_MJ_DEVICE_CONTROL (IOCTL_SERIAL_SET_LINE_CONTROL);DOWN;;00 00 08 ;"...";3;;COM3;;
1109;27/08/2026 13:42:57;IRP_MJ_DEVICE_CONTROL (IOCTL_SERIAL_SET_LINE_CONTROL);UP;STATUS_SUCCESS;;"";;;COM3;;
1110;27/08/2026 13:42:57;IRP_MJ_DEVICE_CONTROL (IOCTL_SERIAL_SET_CHARS);DOWN;;1a 00 00 1a 11 13 ;"......";6;;COM3;;
1111;27/08/2026 13:42:57;IRP_MJ_DEVICE_CONTROL (IOCTL_SERIAL_SET_CHARS);UP;STATUS_SUCCESS;;"";;;COM3;;
1112;27/08/2026 13:42:57;IRP_MJ_DEVICE_CONTROL (IOCTL_SERIAL_SET_HANDFLOW);DOWN;;00 00 00 00 00 00 00 00 36 43 00 00 36 43 00 00 ;"........6C..6C..";16;;COM3;;
1113;27/08/2026 13:42:57;IRP_MJ_DEVICE_CONTROL (IOCTL_SERIAL_SET_HANDFLOW);UP;STATUS_SUCCESS;;"";;;COM3;;
1114;27/08/2026 13:42:57;IRP_MJ_DEVICE_CONTROL (IOCTL_SERIAL_CLR_DTR);DOWN;;;"";;;COM3;;
1115;27/08/2026 13:42:57;IRP_MJ_DEVICE_CONTROL (IOCTL_SERIAL_CLR_DTR);UP;STATUS_SUCCESS;;"";;;COM3;;
1116;27/08/2026 13:42:57;IRP_MJ_DEVICE_CONTROL (IOCTL_SERIAL_SET_TIMEOUTS);DOWN;;ff ff ff ff ff ff ff ff fe ff ff ff 00 00 00 00 00 00 00 00 ;"ˇˇˇˇˇˇˇˇ˛ˇˇˇ........";20;;COM3;;
1117;27/08/2026 13:42:57;IRP_MJ_DEVICE_CONTROL (IOCTL_SERIAL_SET_TIMEOUTS);UP;STATUS_SUCCESS;;"";;;COM3;;
1118;27/08/2026 13:42:57;IRP_MJ_DEVICE_CONTROL (IOCTL_SERIAL_SET_WAIT_MASK);DOWN;;fb 01 00 00 ;"˚...";4;;COM3;;
1119;27/08/2026 13:42:57;IRP_MJ_DEVICE_CONTROL (IOCTL_SERIAL_SET_WAIT_MASK);UP;STATUS_SUCCESS;;"";;;COM3;;
1120;27/08/2026 13:42:57;IRP_MJ_DEVICE_CONTROL (IOCTL_SERIAL_SET_QUEUE_SIZE);DOWN;;00 10 00 00 00 08 00 00 ;"........";8;;COM3;;
1121;27/08/2026 13:42:57;IRP_MJ_DEVICE_CONTROL (IOCTL_SERIAL_SET_QUEUE_SIZE);UP;STATUS_SUCCESS;;"";;;COM3;;
1122;27/08/2026 13:42:57;IRP_MJ_DEVICE_CONTROL (IOCTL_SERIAL_WAIT_ON_MASK);DOWN;;;"";;;COM3;;
1123;27/08/2026 13:42:57;IRP_MJ_WRITE;DOWN;;01 03 27 10 00 01 8f 7b ;"..'...è{";8;8;COM3;;
1124;27/08/2026 13:42:57;IRP_MJ_WRITE;UP;STATUS_SUCCESS;01 03 27 10 00 01 8f 7b ;"..'...è{";8;;COM3;;
1125;27/08/2026 13:42:57;IRP_MJ_DEVICE_CONTROL (IOCTL_SERIAL_GET_COMMSTATUS);DOWN;;;"";;;COM3;;
1126;27/08/2026 13:42:57;IRP_MJ_DEVICE_CONTROL (IOCTL_SERIAL_GET_COMMSTATUS);UP;STATUS_SUCCESS;00 00 00 00 00 00 00 00 00 00 00 00 00 00 00 00 00 00 00 00 ;"....................";20;;COM3;;
1127;27/08/2026 13:42:57;IRP_MJ_DEVICE_CONTROL (IOCTL_SERIAL_GET_COMMSTATUS);DOWN;;;"";;;COM3;;
1128;27/08/2026 13:42:57;IRP_MJ_DEVICE_CONTROL (IOCTL_SERIAL_GET_COMMSTATUS);UP;STATUS_SUCCESS;00 00 00 00 00 00 00 00 00 00 00 00 00 00 00 00 00 00 00 00 ;"....................";20;;COM3;;
1129;27/08/2026 13:42:57;IRP_MJ_DEVICE_CONTROL (IOCTL_SERIAL_GET_COMMSTATUS);DOWN;;;"";;;COM3;;
1130;27/08/2026 13:42:57;IRP_MJ_DEVICE_CONTROL (IOCTL_SERIAL_GET_COMMSTATUS);UP;STATUS_SUCCESS;00 00 00 00 00 00 00 00 00 00 00 00 00 00 00 00 00 00 00 00 ;"....................";20;;COM3;;
1131;27/08/2026 13:42:57;IRP_MJ_DEVICE_CONTROL (IOCTL_SERIAL_GET_COMMSTATUS);DOWN;;;"";;;COM3;;
1132;27/08/2026 13:42:57;IRP_MJ_DEVICE_CONTROL (IOCTL_SERIAL_GET_COMMSTATUS);UP;STATUS_SUCCESS;00 00 00 00 00 00 00 00 00 00 00 00 00 00 00 00 00 00 00 00 ;"....................";20;;COM3;;
1133;27/08/2026 13:42:57;IRP_MJ_DEVICE_CONTROL (IOCTL_SERIAL_GET_COMMSTATUS);DOWN;;;"";;;COM3;;
1134;27/08/2026 13:42:57;IRP_MJ_DEVICE_CONTROL (IOCTL_SERIAL_GET_COMMSTATUS);UP;STATUS_SUCCESS;00 00 00 00 00 00 00 00 00 00 00 00 00 00 00 00 00 00 00 00 ;"....................";20;;COM3;;
1135;27/08/2026 13:42:57;IRP_MJ_DEVICE_CONTROL (IOCTL_SERIAL_GET_COMMSTATUS);DOWN;;;"";;;COM3;;
1136;27/08/2026 13:42:57;IRP_MJ_DEVICE_CONTROL (IOCTL_SERIAL_GET_COMMSTATUS);UP;STATUS_SUCCESS;00 00 00 00 00 00 00 00 00 00 00 00 00 00 00 00 00 00 00 00 ;"....................";20;;COM3;;
1137;27/08/2026 13:42:57;IRP_MJ_DEVICE_CONTROL (IOCTL_SERIAL_GET_COMMSTATUS);DOWN;;;"";;;COM3;;
1138;27/08/2026 13:42:57;IRP_MJ_DEVICE_CONTROL (IOCTL_SERIAL_GET_COMMSTATUS);UP;STATUS_SUCCESS;00 00 00 00 00 00 00 00 00 00 00 00 00 00 00 00 00 00 00 00 ;"....................";20;;COM3;;
1139;27/08/2026 13:42:57;IRP_MJ_DEVICE_CONTROL (IOCTL_SERIAL_GET_COMMSTATUS);DOWN;;;"";;;COM3;;
1140;27/08/2026 13:42:57;IRP_MJ_DEVICE_CONTROL (IOCTL_SERIAL_GET_COMMSTATUS);UP;STATUS_SUCCESS;00 00 00 00 00 00 00 00 00 00 00 00 00 00 00 00 00 00 00 00 ;"....................";20;;COM3;;
1141;27/08/2026 13:42:57;IRP_MJ_DEVICE_CONTROL (IOCTL_SERIAL_GET_COMMSTATUS);DOWN;;;"";;;COM3;;
1142;27/08/2026 13:42:57;IRP_MJ_DEVICE_CONTROL (IOCTL_SERIAL_GET_COMMSTATUS);UP;STATUS_SUCCESS;00 00 00 00 00 00 00 00 00 00 00 00 00 00 00 00 00 00 00 00 ;"....................";20;;COM3;;
1143;27/08/2026 13:42:57;IRP_MJ_DEVICE_CONTROL (IOCTL_SERIAL_GET_COMMSTATUS);DOWN;;;"";;;COM3;;
1144;27/08/2026 13:42:57;IRP_MJ_DEVICE_CONTROL (IOCTL_SERIAL_GET_COMMSTATUS);UP;STATUS_SUCCESS;00 00 00 00 00 00 00 00 00 00 00 00 00 00 00 00 00 00 00 00 ;"....................";20;;COM3;;
1145;27/08/2026 13:42:57;IRP_MJ_DEVICE_CONTROL (IOCTL_SERIAL_GET_COMMSTATUS);DOWN;;;"";;;COM3;;
1146;27/08/2026 13:42:57;IRP_MJ_DEVICE_CONTROL (IOCTL_SERIAL_GET_COMMSTATUS);UP;STATUS_SUCCESS;00 00 00 00 00 00 00 00 00 00 00 00 00 00 00 00 00 00 00 00 ;"....................";20;;COM3;;
1147;27/08/2026 13:42:57;IRP_MJ_DEVICE_CONTROL (IOCTL_SERIAL_SET_WAIT_MASK);DOWN;;00 00 00 00 ;"....";4;;COM3;;
1148;27/08/2026 13:42:57;IRP_MJ_DEVICE_CONTROL (IOCTL_SERIAL_WAIT_ON_MASK);UP;STATUS_SUCCESS;00 00 00 00 ;"....";4;;COM3;;
1149;27/08/2026 13:42:57;IRP_MJ_DEVICE_CONTROL (IOCTL_SERIAL_SET_WAIT_MASK);UP;STATUS_SUCCESS;;"";;;COM3;;
1150;27/08/2026 13:42:57;IRP_MJ_DEVICE_CONTROL (IOCTL_SERIAL_CLR_DTR);DOWN;;;"";;;COM3;;
1151;27/08/2026 13:42:57;IRP_MJ_DEVICE_CONTROL (IOCTL_SERIAL_CLR_DTR);UP;STATUS_SUCCESS;;"";;;COM3;;
1152;27/08/2026 13:42:57;IRP_MJ_DEVICE_CONTROL (IOCTL_SERIAL_PURGE);DOWN;;0a 00 00 00 ;"....";4;;COM3;;
1153;27/08/2026 13:42:57;IRP_MJ_DEVICE_CONTROL (IOCTL_SERIAL_PURGE);UP;STATUS_SUCCESS;;"";;;COM3;;
1154;27/08/2026 13:42:57;IRP_MJ_DEVICE_CONTROL (IOCTL_SERIAL_PURGE);DOWN;;05 00 00 00 ;"....";4;;COM3;;
1155;27/08/2026 13:42:57;IRP_MJ_DEVICE_CONTROL (IOCTL_SERIAL_PURGE);UP;STATUS_SUCCESS;;"";;;COM3;;
1156;27/08/2026 13:42:57;IRP_MJ_CLOSE;DOWN;;;"";;;COM3;;
1157;27/08/2026 13:42:57;IRP_MJ_CLOSE;UP;STATUS_SUCCESS;;"";;;COM3;;
1158;27/08/2026 13:42:57;IRP_MJ_CREATE;DOWN;;;"C:\Program Files (x86)\CC\SolarPowerMonitor\SolarMonitor.exe";;;COM3;;
1159;27/08/2026 13:42:57;IRP_MJ_CREATE;UP;STATUS_SUCCESS;;"C:\Program Files (x86)\CC\SolarPowerMonitor\SolarMonitor.exe";;;COM3;;
1160;27/08/2026 13:42:57;IRP_MJ_DEVICE_CONTROL (IOCTL_SERIAL_GET_PROPERTIES);DOWN;;;"";;;COM3;;
1161;27/08/2026 13:42:57;IRP_MJ_DEVICE_CONTROL (IOCTL_SERIAL_GET_PROPERTIES);UP;STATUS_SUCCESS;40 00 02 00 01 00 00 00 00 00 00 00 00 00 00 00 00 00 00 00 00 00 00 10 01 00 00 00 ff 00 00 00 7f 00 00 00 ff ff 07 10 0f 00 07 1f 00 00 00 00 d8 0c 01 00 00 00 00 00 23 55 48 43 00 00 00 00 ;"@...........................ˇ......ˇˇ..........ÿ.......#UHC....";64;;COM3;;
1162;27/08/2026 13:42:57;IRP_MJ_DEVICE_CONTROL (IOCTL_SERIAL_GET_MODEMSTATUS);DOWN;;;"";;;COM3;;
1163;27/08/2026 13:42:57;IRP_MJ_DEVICE_CONTROL (IOCTL_SERIAL_GET_MODEMSTATUS);UP;STATUS_SUCCESS;00 00 00 00 ;"....";4;;COM3;;
1164;27/08/2026 13:42:57;IRP_MJ_DEVICE_CONTROL (IOCTL_SERIAL_GET_BAUD_RATE);DOWN;;;"";;;COM3;;
1165;27/08/2026 13:42:57;IRP_MJ_DEVICE_CONTROL (IOCTL_SERIAL_GET_BAUD_RATE);UP;STATUS_SUCCESS;80 25 00 00 ;"Ä%..";4;;COM3;;
1166;27/08/2026 13:42:57;IRP_MJ_DEVICE_CONTROL (IOCTL_SERIAL_GET_LINE_CONTROL);DOWN;;;"";;;COM3;;
1167;27/08/2026 13:42:57;IRP_MJ_DEVICE_CONTROL (IOCTL_SERIAL_GET_LINE_CONTROL);UP;STATUS_SUCCESS;00 00 08 ;"...";3;;COM3;;
1168;27/08/2026 13:42:57;IRP_MJ_DEVICE_CONTROL (IOCTL_SERIAL_GET_CHARS);DOWN;;;"";;;COM3;;
1169;27/08/2026 13:42:57;IRP_MJ_DEVICE_CONTROL (IOCTL_SERIAL_GET_CHARS);UP;STATUS_SUCCESS;1a 00 00 1a 11 13 ;"......";6;;COM3;;
1170;27/08/2026 13:42:57;IRP_MJ_DEVICE_CONTROL (IOCTL_SERIAL_GET_HANDFLOW);DOWN;;;"";;;COM3;;
1171;27/08/2026 13:42:57;IRP_MJ_DEVICE_CONTROL (IOCTL_SERIAL_GET_HANDFLOW);UP;STATUS_SUCCESS;00 00 00 00 00 00 00 00 6c 86 00 00 9b 21 00 00 ;"........lÜ..õ!..";16;;COM3;;
1172;27/08/2026 13:42:57;IRP_MJ_DEVICE_CONTROL (IOCTL_SERIAL_GET_BAUD_RATE);DOWN;;;"";;;COM3;;
1173;27/08/2026 13:42:57;IRP_MJ_DEVICE_CONTROL (IOCTL_SERIAL_GET_BAUD_RATE);UP;STATUS_SUCCESS;80 25 00 00 ;"Ä%..";4;;COM3;;
1174;27/08/2026 13:42:57;IRP_MJ_DEVICE_CONTROL (IOCTL_SERIAL_GET_LINE_CONTROL);DOWN;;;"";;;COM3;;
1175;27/08/2026 13:42:57;IRP_MJ_DEVICE_CONTROL (IOCTL_SERIAL_GET_LINE_CONTROL);UP;STATUS_SUCCESS;00 00 08 ;"...";3;;COM3;;
1176;27/08/2026 13:42:57;IRP_MJ_DEVICE_CONTROL (IOCTL_SERIAL_GET_CHARS);DOWN;;;"";;;COM3;;
1177;27/08/2026 13:42:57;IRP_MJ_DEVICE_CONTROL (IOCTL_SERIAL_GET_CHARS);UP;STATUS_SUCCESS;1a 00 00 1a 11 13 ;"......";6;;COM3;;
1178;27/08/2026 13:42:57;IRP_MJ_DEVICE_CONTROL (IOCTL_SERIAL_GET_HANDFLOW);DOWN;;;"";;;COM3;;
1179;27/08/2026 13:42:57;IRP_MJ_DEVICE_CONTROL (IOCTL_SERIAL_GET_HANDFLOW);UP;STATUS_SUCCESS;00 00 00 00 00 00 00 00 6c 86 00 00 9b 21 00 00 ;"........lÜ..õ!..";16;;COM3;;
1180;27/08/2026 13:42:57;IRP_MJ_DEVICE_CONTROL (IOCTL_SERIAL_SET_BAUD_RATE);DOWN;;80 25 00 00 ;"Ä%..";4;;COM3;;
1181;27/08/2026 13:42:57;IRP_MJ_DEVICE_CONTROL (IOCTL_SERIAL_SET_BAUD_RATE);UP;STATUS_SUCCESS;;"";;;COM3;;
1182;27/08/2026 13:42:57;IRP_MJ_DEVICE_CONTROL (IOCTL_SERIAL_CLR_RTS);DOWN;;;"";;;COM3;;
1183;27/08/2026 13:42:57;IRP_MJ_DEVICE_CONTROL (IOCTL_SERIAL_CLR_RTS);UP;STATUS_SUCCESS;;"";;;COM3;;
1184;27/08/2026 13:42:57;IRP_MJ_DEVICE_CONTROL (IOCTL_SERIAL_CLR_DTR);DOWN;;;"";;;COM3;;
1185;27/08/2026 13:42:57;IRP_MJ_DEVICE_CONTROL (IOCTL_SERIAL_CLR_DTR);UP;STATUS_SUCCESS;;"";;;COM3;;
1186;27/08/2026 13:42:57;IRP_MJ_DEVICE_CONTROL (IOCTL_SERIAL_SET_LINE_CONTROL);DOWN;;00 00 08 ;"...";3;;COM3;;
1187;27/08/2026 13:42:57;IRP_MJ_DEVICE_CONTROL (IOCTL_SERIAL_SET_LINE_CONTROL);UP;STATUS_SUCCESS;;"";;;COM3;;
1188;27/08/2026 13:42:57;IRP_MJ_DEVICE_CONTROL (IOCTL_SERIAL_SET_CHARS);DOWN;;1a 00 00 1a 11 13 ;"......";6;;COM3;;
1189;27/08/2026 13:42:57;IRP_MJ_DEVICE_CONTROL (IOCTL_SERIAL_SET_CHARS);UP;STATUS_SUCCESS;;"";;;COM3;;
1190;27/08/2026 13:42:57;IRP_MJ_DEVICE_CONTROL (IOCTL_SERIAL_SET_HANDFLOW);DOWN;;00 00 00 00 00 00 00 00 36 43 00 00 36 43 00 00 ;"........6C..6C..";16;;COM3;;
1191;27/08/2026 13:42:57;IRP_MJ_DEVICE_CONTROL (IOCTL_SERIAL_SET_HANDFLOW);UP;STATUS_SUCCESS;;"";;;COM3;;
1192;27/08/2026 13:42:57;IRP_MJ_DEVICE_CONTROL (IOCTL_SERIAL_GET_BAUD_RATE);DOWN;;;"";;;COM3;;
1193;27/08/2026 13:42:57;IRP_MJ_DEVICE_CONTROL (IOCTL_SERIAL_GET_BAUD_RATE);UP;STATUS_SUCCESS;80 25 00 00 ;"Ä%..";4;;COM3;;
1194;27/08/2026 13:42:57;IRP_MJ_DEVICE_CONTROL (IOCTL_SERIAL_GET_LINE_CONTROL);DOWN;;;"";;;COM3;;
1195;27/08/2026 13:42:57;IRP_MJ_DEVICE_CONTROL (IOCTL_SERIAL_GET_LINE_CONTROL);UP;STATUS_SUCCESS;00 00 08 ;"...";3;;COM3;;
1196;27/08/2026 13:42:57;IRP_MJ_DEVICE_CONTROL (IOCTL_SERIAL_GET_CHARS);DOWN;;;"";;;COM3;;
1197;27/08/2026 13:42:57;IRP_MJ_DEVICE_CONTROL (IOCTL_SERIAL_GET_CHARS);UP;STATUS_SUCCESS;1a 00 00 1a 11 13 ;"......";6;;COM3;;
1198;27/08/2026 13:42:57;IRP_MJ_DEVICE_CONTROL (IOCTL_SERIAL_GET_HANDFLOW);DOWN;;;"";;;COM3;;
1199;27/08/2026 13:42:57;IRP_MJ_DEVICE_CONTROL (IOCTL_SERIAL_GET_HANDFLOW);UP;STATUS_SUCCESS;00 00 00 00 00 00 00 00 36 43 00 00 36 43 00 00 ;"........6C..6C..";16;;COM3;;
1200;27/08/2026 13:42:57;IRP_MJ_DEVICE_CONTROL (IOCTL_SERIAL_SET_BAUD_RATE);DOWN;;80 25 00 00 ;"Ä%..";4;;COM3;;
1201;27/08/2026 13:42:57;IRP_MJ_DEVICE_CONTROL (IOCTL_SERIAL_SET_BAUD_RATE);UP;STATUS_SUCCESS;;"";;;COM3;;
1202;27/08/2026 13:42:57;IRP_MJ_DEVICE_CONTROL (IOCTL_SERIAL_CLR_RTS);DOWN;;;"";;;COM3;;
1203;27/08/2026 13:42:57;IRP_MJ_DEVICE_CONTROL (IOCTL_SERIAL_CLR_RTS);UP;STATUS_SUCCESS;;"";;;COM3;;
1204;27/08/2026 13:42:57;IRP_MJ_DEVICE_CONTROL (IOCTL_SERIAL_CLR_DTR);DOWN;;;"";;;COM3;;
1205;27/08/2026 13:42:57;IRP_MJ_DEVICE_CONTROL (IOCTL_SERIAL_CLR_DTR);UP;STATUS_SUCCESS;;"";;;COM3;;
1206;27/08/2026 13:42:57;IRP_MJ_DEVICE_CONTROL (IOCTL_SERIAL_SET_LINE_CONTROL);DOWN;;00 00 08 ;"...";3;;COM3;;
1207;27/08/2026 13:42:57;IRP_MJ_DEVICE_CONTROL (IOCTL_SERIAL_SET_LINE_CONTROL);UP;STATUS_SUCCESS;;"";;;COM3;;
1208;27/08/2026 13:42:57;IRP_MJ_DEVICE_CONTROL (IOCTL_SERIAL_SET_CHARS);DOWN;;1a 00 00 1a 11 13 ;"......";6;;COM3;;
1209;27/08/2026 13:42:57;IRP_MJ_DEVICE_CONTROL (IOCTL_SERIAL_SET_CHARS);UP;STATUS_SUCCESS;;"";;;COM3;;
1210;27/08/2026 13:42:57;IRP_MJ_DEVICE_CONTROL (IOCTL_SERIAL_SET_HANDFLOW);DOWN;;00 00 00 00 00 00 00 00 36 43 00 00 36 43 00 00 ;"........6C..6C..";16;;COM3;;
1211;27/08/2026 13:42:57;IRP_MJ_DEVICE_CONTROL (IOCTL_SERIAL_SET_HANDFLOW);UP;STATUS_SUCCESS;;"";;;COM3;;
1212;27/08/2026 13:42:57;IRP_MJ_DEVICE_CONTROL (IOCTL_SERIAL_CLR_DTR);DOWN;;;"";;;COM3;;
1213;27/08/2026 13:42:57;IRP_MJ_DEVICE_CONTROL (IOCTL_SERIAL_CLR_DTR);UP;STATUS_SUCCESS;;"";;;COM3;;
1214;27/08/2026 13:42:57;IRP_MJ_DEVICE_CONTROL (IOCTL_SERIAL_SET_TIMEOUTS);DOWN;;ff ff ff ff ff ff ff ff fe ff ff ff 00 00 00 00 00 00 00 00 ;"ˇˇˇˇˇˇˇˇ˛ˇˇˇ........";20;;COM3;;
1215;27/08/2026 13:42:57;IRP_MJ_DEVICE_CONTROL (IOCTL_SERIAL_SET_TIMEOUTS);UP;STATUS_SUCCESS;;"";;;COM3;;
1216;27/08/2026 13:42:57;IRP_MJ_DEVICE_CONTROL (IOCTL_SERIAL_SET_WAIT_MASK);DOWN;;fb 01 00 00 ;"˚...";4;;COM3;;
1217;27/08/2026 13:42:57;IRP_MJ_DEVICE_CONTROL (IOCTL_SERIAL_SET_WAIT_MASK);UP;STATUS_SUCCESS;;"";;;COM3;;
1218;27/08/2026 13:42:57;IRP_MJ_DEVICE_CONTROL (IOCTL_SERIAL_SET_QUEUE_SIZE);DOWN;;00 10 00 00 00 08 00 00 ;"........";8;;COM3;;
1219;27/08/2026 13:42:57;IRP_MJ_DEVICE_CONTROL (IOCTL_SERIAL_SET_QUEUE_SIZE);UP;STATUS_SUCCESS;;"";;;COM3;;
1220;27/08/2026 13:42:57;IRP_MJ_DEVICE_CONTROL (IOCTL_SERIAL_WAIT_ON_MASK);DOWN;;;"";;;COM3;;
1221;27/08/2026 13:42:57;IRP_MJ_WRITE;DOWN;;05 03 4e 21 00 01 c2 ac ;"..N!..¬¨";8;8;COM3;;
1222;27/08/2026 13:42:57;IRP_MJ_WRITE;UP;STATUS_SUCCESS;05 03 4e 21 00 01 c2 ac ;"..N!..¬¨";8;;COM3;;
1223;27/08/2026 13:42:57;IRP_MJ_DEVICE_CONTROL (IOCTL_SERIAL_GET_COMMSTATUS);DOWN;;;"";;;COM3;;
1224;27/08/2026 13:42:57;IRP_MJ_DEVICE_CONTROL (IOCTL_SERIAL_GET_COMMSTATUS);UP;STATUS_SUCCESS;00 00 00 00 00 00 00 00 00 00 00 00 00 00 00 00 00 00 00 00 ;"....................";20;;COM3;;
1225;27/08/2026 13:42:57;IRP_MJ_DEVICE_CONTROL (IOCTL_SERIAL_GET_COMMSTATUS);DOWN;;;"";;;COM3;;
1226;27/08/2026 13:42:57;IRP_MJ_DEVICE_CONTROL (IOCTL_SERIAL_GET_COMMSTATUS);UP;STATUS_SUCCESS;00 00 00 00 00 00 00 00 00 00 00 00 00 00 00 00 00 00 00 00 ;"....................";20;;COM3;;
1227;27/08/2026 13:42:57;IRP_MJ_DEVICE_CONTROL (IOCTL_SERIAL_GET_COMMSTATUS);DOWN;;;"";;;COM3;;
1228;27/08/2026 13:42:57;IRP_MJ_DEVICE_CONTROL (IOCTL_SERIAL_GET_COMMSTATUS);UP;STATUS_SUCCESS;00 00 00 00 00 00 00 00 00 00 00 00 00 00 00 00 00 00 00 00 ;"....................";20;;COM3;;
1229;27/08/2026 13:42:57;IRP_MJ_DEVICE_CONTROL (IOCTL_SERIAL_GET_COMMSTATUS);DOWN;;;"";;;COM3;;
1230;27/08/2026 13:42:57;IRP_MJ_DEVICE_CONTROL (IOCTL_SERIAL_GET_COMMSTATUS);UP;STATUS_SUCCESS;00 00 00 00 00 00 00 00 00 00 00 00 00 00 00 00 00 00 00 00 ;"....................";20;;COM3;;
1231;27/08/2026 13:42:57;IRP_MJ_DEVICE_CONTROL (IOCTL_SERIAL_GET_COMMSTATUS);DOWN;;;"";;;COM3;;
1232;27/08/2026 13:42:57;IRP_MJ_DEVICE_CONTROL (IOCTL_SERIAL_GET_COMMSTATUS);UP;STATUS_SUCCESS;00 00 00 00 00 00 00 00 00 00 00 00 00 00 00 00 00 00 00 00 ;"....................";20;;COM3;;
1233;27/08/2026 13:42:57;IRP_MJ_DEVICE_CONTROL (IOCTL_SERIAL_GET_COMMSTATUS);DOWN;;;"";;;COM3;;
1234;27/08/2026 13:42:57;IRP_MJ_DEVICE_CONTROL (IOCTL_SERIAL_GET_COMMSTATUS);UP;STATUS_SUCCESS;00 00 00 00 00 00 00 00 00 00 00 00 00 00 00 00 00 00 00 00 ;"....................";20;;COM3;;
1235;27/08/2026 13:42:57;IRP_MJ_DEVICE_CONTROL (IOCTL_SERIAL_GET_COMMSTATUS);DOWN;;;"";;;COM3;;
1236;27/08/2026 13:42:57;IRP_MJ_DEVICE_CONTROL (IOCTL_SERIAL_GET_COMMSTATUS);UP;STATUS_SUCCESS;00 00 00 00 00 00 00 00 00 00 00 00 00 00 00 00 00 00 00 00 ;"....................";20;;COM3;;
1237;27/08/2026 13:42:57;IRP_MJ_DEVICE_CONTROL (IOCTL_SERIAL_GET_COMMSTATUS);DOWN;;;"";;;COM3;;
1238;27/08/2026 13:42:57;IRP_MJ_DEVICE_CONTROL (IOCTL_SERIAL_GET_COMMSTATUS);UP;STATUS_SUCCESS;00 00 00 00 00 00 00 00 00 00 00 00 00 00 00 00 00 00 00 00 ;"....................";20;;COM3;;
1239;27/08/2026 13:42:57;IRP_MJ_DEVICE_CONTROL (IOCTL_SERIAL_GET_COMMSTATUS);DOWN;;;"";;;COM3;;
1240;27/08/2026 13:42:57;IRP_MJ_DEVICE_CONTROL (IOCTL_SERIAL_GET_COMMSTATUS);UP;STATUS_SUCCESS;00 00 00 00 00 00 00 00 00 00 00 00 00 00 00 00 00 00 00 00 ;"....................";20;;COM3;;
1241;27/08/2026 13:42:58;IRP_MJ_DEVICE_CONTROL (IOCTL_SERIAL_GET_COMMSTATUS);DOWN;;;"";;;COM3;;
1242;27/08/2026 13:42:58;IRP_MJ_DEVICE_CONTROL (IOCTL_SERIAL_GET_COMMSTATUS);UP;STATUS_SUCCESS;00 00 00 00 00 00 00 00 00 00 00 00 00 00 00 00 00 00 00 00 ;"....................";20;;COM3;;
1243;27/08/2026 13:42:58;IRP_MJ_DEVICE_CONTROL (IOCTL_SERIAL_GET_COMMSTATUS);DOWN;;;"";;;COM3;;
1244;27/08/2026 13:42:58;IRP_MJ_DEVICE_CONTROL (IOCTL_SERIAL_GET_COMMSTATUS);UP;STATUS_SUCCESS;00 00 00 00 00 00 00 00 00 00 00 00 00 00 00 00 00 00 00 00 ;"....................";20;;COM3;;
1245;27/08/2026 13:42:58;IRP_MJ_DEVICE_CONTROL (IOCTL_SERIAL_SET_WAIT_MASK);DOWN;;00 00 00 00 ;"....";4;;COM3;;
1246;27/08/2026 13:42:58;IRP_MJ_DEVICE_CONTROL (IOCTL_SERIAL_WAIT_ON_MASK);UP;STATUS_SUCCESS;00 00 00 00 ;"....";4;;COM3;;
1247;27/08/2026 13:42:58;IRP_MJ_DEVICE_CONTROL (IOCTL_SERIAL_SET_WAIT_MASK);UP;STATUS_SUCCESS;;"";;;COM3;;
1248;27/08/2026 13:42:58;IRP_MJ_DEVICE_CONTROL (IOCTL_SERIAL_CLR_DTR);DOWN;;;"";;;COM3;;
1249;27/08/2026 13:42:58;IRP_MJ_DEVICE_CONTROL (IOCTL_SERIAL_CLR_DTR);UP;STATUS_SUCCESS;;"";;;COM3;;
1250;27/08/2026 13:42:58;IRP_MJ_DEVICE_CONTROL (IOCTL_SERIAL_PURGE);DOWN;;0a 00 00 00 ;"....";4;;COM3;;
1251;27/08/2026 13:42:58;IRP_MJ_DEVICE_CONTROL (IOCTL_SERIAL_PURGE);UP;STATUS_SUCCESS;;"";;;COM3;;
1252;27/08/2026 13:42:58;IRP_MJ_DEVICE_CONTROL (IOCTL_SERIAL_PURGE);DOWN;;05 00 00 00 ;"....";4;;COM3;;
1253;27/08/2026 13:42:58;IRP_MJ_DEVICE_CONTROL (IOCTL_SERIAL_PURGE);UP;STATUS_SUCCESS;;"";;;COM3;;
1254;27/08/2026 13:42:58;IRP_MJ_CLOSE;DOWN;;;"";;;COM3;;
1255;27/08/2026 13:42:58;IRP_MJ_CLOSE;UP;STATUS_SUCCESS;;"";;;COM3;;
1256;27/08/2026 13:42:58;IRP_MJ_CREATE;DOWN;;;"C:\Program Files (x86)\CC\SolarPowerMonitor\SolarMonitor.exe";;;COM3;;
1257;27/08/2026 13:42:58;IRP_MJ_CREATE;UP;STATUS_SUCCESS;;"C:\Program Files (x86)\CC\SolarPowerMonitor\SolarMonitor.exe";;;COM3;;
1258;27/08/2026 13:42:58;IRP_MJ_DEVICE_CONTROL (IOCTL_SERIAL_GET_PROPERTIES);DOWN;;;"";;;COM3;;
1259;27/08/2026 13:42:58;IRP_MJ_DEVICE_CONTROL (IOCTL_SERIAL_GET_PROPERTIES);UP;STATUS_SUCCESS;40 00 02 00 01 00 00 00 00 00 00 00 00 00 00 00 00 00 00 00 00 00 00 10 01 00 00 00 ff 00 00 00 7f 00 00 00 ff ff 07 10 0f 00 07 1f 00 00 00 00 d8 0c 01 00 00 00 00 00 23 55 48 43 00 00 00 00 ;"@...........................ˇ......ˇˇ..........ÿ.......#UHC....";64;;COM3;;
1260;27/08/2026 13:42:58;IRP_MJ_DEVICE_CONTROL (IOCTL_SERIAL_GET_MODEMSTATUS);DOWN;;;"";;;COM3;;
1261;27/08/2026 13:42:58;IRP_MJ_DEVICE_CONTROL (IOCTL_SERIAL_GET_MODEMSTATUS);UP;STATUS_SUCCESS;00 00 00 00 ;"....";4;;COM3;;
1262;27/08/2026 13:42:58;IRP_MJ_DEVICE_CONTROL (IOCTL_SERIAL_GET_BAUD_RATE);DOWN;;;"";;;COM3;;
1263;27/08/2026 13:42:58;IRP_MJ_DEVICE_CONTROL (IOCTL_SERIAL_GET_BAUD_RATE);UP;STATUS_SUCCESS;80 25 00 00 ;"Ä%..";4;;COM3;;
1264;27/08/2026 13:42:58;IRP_MJ_DEVICE_CONTROL (IOCTL_SERIAL_GET_LINE_CONTROL);DOWN;;;"";;;COM3;;
1265;27/08/2026 13:42:58;IRP_MJ_DEVICE_CONTROL (IOCTL_SERIAL_GET_LINE_CONTROL);UP;STATUS_SUCCESS;00 00 08 ;"...";3;;COM3;;
1266;27/08/2026 13:42:58;IRP_MJ_DEVICE_CONTROL (IOCTL_SERIAL_GET_CHARS);DOWN;;;"";;;COM3;;
1267;27/08/2026 13:42:58;IRP_MJ_DEVICE_CONTROL (IOCTL_SERIAL_GET_CHARS);UP;STATUS_SUCCESS;1a 00 00 1a 11 13 ;"......";6;;COM3;;
1268;27/08/2026 13:42:58;IRP_MJ_DEVICE_CONTROL (IOCTL_SERIAL_GET_HANDFLOW);DOWN;;;"";;;COM3;;
1269;27/08/2026 13:42:58;IRP_MJ_DEVICE_CONTROL (IOCTL_SERIAL_GET_HANDFLOW);UP;STATUS_SUCCESS;00 00 00 00 00 00 00 00 6c 86 00 00 9b 21 00 00 ;"........lÜ..õ!..";16;;COM3;;
1270;27/08/2026 13:42:58;IRP_MJ_DEVICE_CONTROL (IOCTL_SERIAL_GET_BAUD_RATE);DOWN;;;"";;;COM3;;
1271;27/08/2026 13:42:58;IRP_MJ_DEVICE_CONTROL (IOCTL_SERIAL_GET_BAUD_RATE);UP;STATUS_SUCCESS;80 25 00 00 ;"Ä%..";4;;COM3;;
1272;27/08/2026 13:42:58;IRP_MJ_DEVICE_CONTROL (IOCTL_SERIAL_GET_LINE_CONTROL);DOWN;;;"";;;COM3;;
1273;27/08/2026 13:42:58;IRP_MJ_DEVICE_CONTROL (IOCTL_SERIAL_GET_LINE_CONTROL);UP;STATUS_SUCCESS;00 00 08 ;"...";3;;COM3;;
1274;27/08/2026 13:42:58;IRP_MJ_DEVICE_CONTROL (IOCTL_SERIAL_GET_CHARS);DOWN;;;"";;;COM3;;
1275;27/08/2026 13:42:58;IRP_MJ_DEVICE_CONTROL (IOCTL_SERIAL_GET_CHARS);UP;STATUS_SUCCESS;1a 00 00 1a 11 13 ;"......";6;;COM3;;
1276;27/08/2026 13:42:58;IRP_MJ_DEVICE_CONTROL (IOCTL_SERIAL_GET_HANDFLOW);DOWN;;;"";;;COM3;;
1277;27/08/2026 13:42:58;IRP_MJ_DEVICE_CONTROL (IOCTL_SERIAL_GET_HANDFLOW);UP;STATUS_SUCCESS;00 00 00 00 00 00 00 00 6c 86 00 00 9b 21 00 00 ;"........lÜ..õ!..";16;;COM3;;
1278;27/08/2026 13:42:58;IRP_MJ_DEVICE_CONTROL (IOCTL_SERIAL_SET_BAUD_RATE);DOWN;;80 25 00 00 ;"Ä%..";4;;COM3;;
1279;27/08/2026 13:42:58;IRP_MJ_DEVICE_CONTROL (IOCTL_SERIAL_SET_BAUD_RATE);UP;STATUS_SUCCESS;;"";;;COM3;;
1280;27/08/2026 13:42:58;IRP_MJ_DEVICE_CONTROL (IOCTL_SERIAL_CLR_RTS);DOWN;;;"";;;COM3;;
1281;27/08/2026 13:42:58;IRP_MJ_DEVICE_CONTROL (IOCTL_SERIAL_CLR_RTS);UP;STATUS_SUCCESS;;"";;;COM3;;
1282;27/08/2026 13:42:58;IRP_MJ_DEVICE_CONTROL (IOCTL_SERIAL_CLR_DTR);DOWN;;;"";;;COM3;;
1283;27/08/2026 13:42:58;IRP_MJ_DEVICE_CONTROL (IOCTL_SERIAL_CLR_DTR);UP;STATUS_SUCCESS;;"";;;COM3;;
1284;27/08/2026 13:42:58;IRP_MJ_DEVICE_CONTROL (IOCTL_SERIAL_SET_LINE_CONTROL);DOWN;;00 00 08 ;"...";3;;COM3;;
1285;27/08/2026 13:42:58;IRP_MJ_DEVICE_CONTROL (IOCTL_SERIAL_SET_LINE_CONTROL);UP;STATUS_SUCCESS;;"";;;COM3;;
1286;27/08/2026 13:42:58;IRP_MJ_DEVICE_CONTROL (IOCTL_SERIAL_SET_CHARS);DOWN;;1a 00 00 1a 11 13 ;"......";6;;COM3;;
1287;27/08/2026 13:42:58;IRP_MJ_DEVICE_CONTROL (IOCTL_SERIAL_SET_CHARS);UP;STATUS_SUCCESS;;"";;;COM3;;
1288;27/08/2026 13:42:58;IRP_MJ_DEVICE_CONTROL (IOCTL_SERIAL_SET_HANDFLOW);DOWN;;00 00 00 00 00 00 00 00 36 43 00 00 36 43 00 00 ;"........6C..6C..";16;;COM3;;
1289;27/08/2026 13:42:58;IRP_MJ_DEVICE_CONTROL (IOCTL_SERIAL_SET_HANDFLOW);UP;STATUS_SUCCESS;;"";;;COM3;;
1290;27/08/2026 13:42:58;IRP_MJ_DEVICE_CONTROL (IOCTL_SERIAL_GET_BAUD_RATE);DOWN;;;"";;;COM3;;
1291;27/08/2026 13:42:58;IRP_MJ_DEVICE_CONTROL (IOCTL_SERIAL_GET_BAUD_RATE);UP;STATUS_SUCCESS;80 25 00 00 ;"Ä%..";4;;COM3;;
1292;27/08/2026 13:42:58;IRP_MJ_DEVICE_CONTROL (IOCTL_SERIAL_GET_LINE_CONTROL);DOWN;;;"";;;COM3;;
1293;27/08/2026 13:42:58;IRP_MJ_DEVICE_CONTROL (IOCTL_SERIAL_GET_LINE_CONTROL);UP;STATUS_SUCCESS;00 00 08 ;"...";3;;COM3;;
1294;27/08/2026 13:42:58;IRP_MJ_DEVICE_CONTROL (IOCTL_SERIAL_GET_CHARS);DOWN;;;"";;;COM3;;
1295;27/08/2026 13:42:58;IRP_MJ_DEVICE_CONTROL (IOCTL_SERIAL_GET_CHARS);UP;STATUS_SUCCESS;1a 00 00 1a 11 13 ;"......";6;;COM3;;
1296;27/08/2026 13:42:58;IRP_MJ_DEVICE_CONTROL (IOCTL_SERIAL_GET_HANDFLOW);DOWN;;;"";;;COM3;;
1297;27/08/2026 13:42:58;IRP_MJ_DEVICE_CONTROL (IOCTL_SERIAL_GET_HANDFLOW);UP;STATUS_SUCCESS;00 00 00 00 00 00 00 00 36 43 00 00 36 43 00 00 ;"........6C..6C..";16;;COM3;;
1298;27/08/2026 13:42:58;IRP_MJ_DEVICE_CONTROL (IOCTL_SERIAL_SET_BAUD_RATE);DOWN;;80 25 00 00 ;"Ä%..";4;;COM3;;
1299;27/08/2026 13:42:58;IRP_MJ_DEVICE_CONTROL (IOCTL_SERIAL_SET_BAUD_RATE);UP;STATUS_SUCCESS;;"";;;COM3;;
1300;27/08/2026 13:42:58;IRP_MJ_DEVICE_CONTROL (IOCTL_SERIAL_CLR_RTS);DOWN;;;"";;;COM3;;
1301;27/08/2026 13:42:58;IRP_MJ_DEVICE_CONTROL (IOCTL_SERIAL_CLR_RTS);UP;STATUS_SUCCESS;;"";;;COM3;;
1302;27/08/2026 13:42:58;IRP_MJ_DEVICE_CONTROL (IOCTL_SERIAL_CLR_DTR);DOWN;;;"";;;COM3;;
1303;27/08/2026 13:42:58;IRP_MJ_DEVICE_CONTROL (IOCTL_SERIAL_CLR_DTR);UP;STATUS_SUCCESS;;"";;;COM3;;
1304;27/08/2026 13:42:58;IRP_MJ_DEVICE_CONTROL (IOCTL_SERIAL_SET_LINE_CONTROL);DOWN;;00 00 08 ;"...";3;;COM3;;
1305;27/08/2026 13:42:58;IRP_MJ_DEVICE_CONTROL (IOCTL_SERIAL_SET_LINE_CONTROL);UP;STATUS_SUCCESS;;"";;;COM3;;
1306;27/08/2026 13:42:58;IRP_MJ_DEVICE_CONTROL (IOCTL_SERIAL_SET_CHARS);DOWN;;1a 00 00 1a 11 13 ;"......";6;;COM3;;
1307;27/08/2026 13:42:58;IRP_MJ_DEVICE_CONTROL (IOCTL_SERIAL_SET_CHARS);UP;STATUS_SUCCESS;;"";;;COM3;;
1308;27/08/2026 13:42:58;IRP_MJ_DEVICE_CONTROL (IOCTL_SERIAL_SET_HANDFLOW);DOWN;;00 00 00 00 00 00 00 00 36 43 00 00 36 43 00 00 ;"........6C..6C..";16;;COM3;;
1309;27/08/2026 13:42:58;IRP_MJ_DEVICE_CONTROL (IOCTL_SERIAL_SET_HANDFLOW);UP;STATUS_SUCCESS;;"";;;COM3;;
1310;27/08/2026 13:42:58;IRP_MJ_DEVICE_CONTROL (IOCTL_SERIAL_CLR_DTR);DOWN;;;"";;;COM3;;
1311;27/08/2026 13:42:58;IRP_MJ_DEVICE_CONTROL (IOCTL_SERIAL_CLR_DTR);UP;STATUS_SUCCESS;;"";;;COM3;;
1312;27/08/2026 13:42:58;IRP_MJ_DEVICE_CONTROL (IOCTL_SERIAL_SET_TIMEOUTS);DOWN;;ff ff ff ff ff ff ff ff fe ff ff ff 00 00 00 00 00 00 00 00 ;"ˇˇˇˇˇˇˇˇ˛ˇˇˇ........";20;;COM3;;
1313;27/08/2026 13:42:58;IRP_MJ_DEVICE_CONTROL (IOCTL_SERIAL_SET_TIMEOUTS);UP;STATUS_SUCCESS;;"";;;COM3;;
1314;27/08/2026 13:42:58;IRP_MJ_DEVICE_CONTROL (IOCTL_SERIAL_SET_WAIT_MASK);DOWN;;fb 01 00 00 ;"˚...";4;;COM3;;
1315;27/08/2026 13:42:58;IRP_MJ_DEVICE_CONTROL (IOCTL_SERIAL_SET_WAIT_MASK);UP;STATUS_SUCCESS;;"";;;COM3;;
1316;27/08/2026 13:42:58;IRP_MJ_DEVICE_CONTROL (IOCTL_SERIAL_SET_QUEUE_SIZE);DOWN;;00 10 00 00 00 08 00 00 ;"........";8;;COM3;;
1317;27/08/2026 13:42:58;IRP_MJ_DEVICE_CONTROL (IOCTL_SERIAL_SET_QUEUE_SIZE);UP;STATUS_SUCCESS;;"";;;COM3;;
1318;27/08/2026 13:42:58;IRP_MJ_DEVICE_CONTROL (IOCTL_SERIAL_WAIT_ON_MASK);DOWN;;;"";;;COM3;;
1319;27/08/2026 13:42:58;IRP_MJ_WRITE;DOWN;;06 03 4e 21 00 01 c2 9f ;"..N!..¬ü";8;8;COM3;;
1320;27/08/2026 13:42:58;IRP_MJ_WRITE;UP;STATUS_SUCCESS;06 03 4e 21 00 01 c2 9f ;"..N!..¬ü";8;;COM3;;
1321;27/08/2026 13:42:58;IRP_MJ_DEVICE_CONTROL (IOCTL_SERIAL_GET_COMMSTATUS);DOWN;;;"";;;COM3;;
1322;27/08/2026 13:42:58;IRP_MJ_DEVICE_CONTROL (IOCTL_SERIAL_GET_COMMSTATUS);UP;STATUS_SUCCESS;00 00 00 00 00 00 00 00 00 00 00 00 00 00 00 00 00 00 00 00 ;"....................";20;;COM3;;
1323;27/08/2026 13:42:58;IRP_MJ_DEVICE_CONTROL (IOCTL_SERIAL_GET_COMMSTATUS);DOWN;;;"";;;COM3;;
1324;27/08/2026 13:42:58;IRP_MJ_DEVICE_CONTROL (IOCTL_SERIAL_GET_COMMSTATUS);UP;STATUS_SUCCESS;00 00 00 00 00 00 00 00 00 00 00 00 00 00 00 00 00 00 00 00 ;"....................";20;;COM3;;
1325;27/08/2026 13:42:58;IRP_MJ_DEVICE_CONTROL (IOCTL_SERIAL_GET_COMMSTATUS);DOWN;;;"";;;COM3;;
1326;27/08/2026 13:42:58;IRP_MJ_DEVICE_CONTROL (IOCTL_SERIAL_GET_COMMSTATUS);UP;STATUS_SUCCESS;00 00 00 00 00 00 00 00 00 00 00 00 00 00 00 00 00 00 00 00 ;"....................";20;;COM3;;
1327;27/08/2026 13:42:58;IRP_MJ_DEVICE_CONTROL (IOCTL_SERIAL_GET_COMMSTATUS);DOWN;;;"";;;COM3;;
1328;27/08/2026 13:42:58;IRP_MJ_DEVICE_CONTROL (IOCTL_SERIAL_GET_COMMSTATUS);UP;STATUS_SUCCESS;00 00 00 00 00 00 00 00 00 00 00 00 00 00 00 00 00 00 00 00 ;"....................";20;;COM3;;
1329;27/08/2026 13:42:58;IRP_MJ_DEVICE_CONTROL (IOCTL_SERIAL_GET_COMMSTATUS);DOWN;;;"";;;COM3;;
1330;27/08/2026 13:42:58;IRP_MJ_DEVICE_CONTROL (IOCTL_SERIAL_GET_COMMSTATUS);UP;STATUS_SUCCESS;00 00 00 00 00 00 00 00 00 00 00 00 00 00 00 00 00 00 00 00 ;"....................";20;;COM3;;
1331;27/08/2026 13:42:58;IRP_MJ_DEVICE_CONTROL (IOCTL_SERIAL_GET_COMMSTATUS);DOWN;;;"";;;COM3;;
1332;27/08/2026 13:42:58;IRP_MJ_DEVICE_CONTROL (IOCTL_SERIAL_GET_COMMSTATUS);UP;STATUS_SUCCESS;00 00 00 00 00 00 00 00 00 00 00 00 00 00 00 00 00 00 00 00 ;"....................";20;;COM3;;
1333;27/08/2026 13:42:58;IRP_MJ_DEVICE_CONTROL (IOCTL_SERIAL_GET_COMMSTATUS);DOWN;;;"";;;COM3;;
1334;27/08/2026 13:42:58;IRP_MJ_DEVICE_CONTROL (IOCTL_SERIAL_GET_COMMSTATUS);UP;STATUS_SUCCESS;00 00 00 00 00 00 00 00 00 00 00 00 00 00 00 00 00 00 00 00 ;"....................";20;;COM3;;
1335;27/08/2026 13:42:58;IRP_MJ_DEVICE_CONTROL (IOCTL_SERIAL_GET_COMMSTATUS);DOWN;;;"";;;COM3;;
1336;27/08/2026 13:42:58;IRP_MJ_DEVICE_CONTROL (IOCTL_SERIAL_GET_COMMSTATUS);UP;STATUS_SUCCESS;00 00 00 00 00 00 00 00 00 00 00 00 00 00 00 00 00 00 00 00 ;"....................";20;;COM3;;
1337;27/08/2026 13:42:58;IRP_MJ_DEVICE_CONTROL (IOCTL_SERIAL_GET_COMMSTATUS);DOWN;;;"";;;COM3;;
1338;27/08/2026 13:42:58;IRP_MJ_DEVICE_CONTROL (IOCTL_SERIAL_GET_COMMSTATUS);UP;STATUS_SUCCESS;00 00 00 00 00 00 00 00 00 00 00 00 00 00 00 00 00 00 00 00 ;"....................";20;;COM3;;
1339;27/08/2026 13:42:58;IRP_MJ_DEVICE_CONTROL (IOCTL_SERIAL_GET_COMMSTATUS);DOWN;;;"";;;COM3;;
1340;27/08/2026 13:42:58;IRP_MJ_DEVICE_CONTROL (IOCTL_SERIAL_GET_COMMSTATUS);UP;STATUS_SUCCESS;00 00 00 00 00 00 00 00 00 00 00 00 00 00 00 00 00 00 00 00 ;"....................";20;;COM3;;
1341;27/08/2026 13:42:58;IRP_MJ_DEVICE_CONTROL (IOCTL_SERIAL_GET_COMMSTATUS);DOWN;;;"";;;COM3;;
1342;27/08/2026 13:42:58;IRP_MJ_DEVICE_CONTROL (IOCTL_SERIAL_GET_COMMSTATUS);UP;STATUS_SUCCESS;00 00 00 00 00 00 00 00 00 00 00 00 00 00 00 00 00 00 00 00 ;"....................";20;;COM3;;
1343;27/08/2026 13:42:58;IRP_MJ_DEVICE_CONTROL (IOCTL_SERIAL_SET_WAIT_MASK);DOWN;;00 00 00 00 ;"....";4;;COM3;;
1344;27/08/2026 13:42:58;IRP_MJ_DEVICE_CONTROL (IOCTL_SERIAL_WAIT_ON_MASK);UP;STATUS_SUCCESS;00 00 00 00 ;"....";4;;COM3;;
1345;27/08/2026 13:42:58;IRP_MJ_DEVICE_CONTROL (IOCTL_SERIAL_SET_WAIT_MASK);UP;STATUS_SUCCESS;;"";;;COM3;;
1346;27/08/2026 13:42:58;IRP_MJ_DEVICE_CONTROL (IOCTL_SERIAL_CLR_DTR);DOWN;;;"";;;COM3;;
1347;27/08/2026 13:42:58;IRP_MJ_DEVICE_CONTROL (IOCTL_SERIAL_CLR_DTR);UP;STATUS_SUCCESS;;"";;;COM3;;
1348;27/08/2026 13:42:58;IRP_MJ_DEVICE_CONTROL (IOCTL_SERIAL_PURGE);DOWN;;0a 00 00 00 ;"....";4;;COM3;;
1349;27/08/2026 13:42:58;IRP_MJ_DEVICE_CONTROL (IOCTL_SERIAL_PURGE);UP;STATUS_SUCCESS;;"";;;COM3;;
1350;27/08/2026 13:42:58;IRP_MJ_DEVICE_CONTROL (IOCTL_SERIAL_PURGE);DOWN;;05 00 00 00 ;"....";4;;COM3;;
1351;27/08/2026 13:42:58;IRP_MJ_DEVICE_CONTROL (IOCTL_SERIAL_PURGE);UP;STATUS_SUCCESS;;"";;;COM3;;
1352;27/08/2026 13:42:58;IRP_MJ_CLOSE;DOWN;;;"";;;COM3;;
1353;27/08/2026 13:42:58;IRP_MJ_CLOSE;UP;STATUS_SUCCESS;;"";;;COM3;;
1354;27/08/2026 13:42:58;IRP_MJ_CREATE;DOWN;;;"C:\Program Files (x86)\CC\SolarPowerMonitor\SolarMonitor.exe";;;COM3;;
1355;27/08/2026 13:42:58;IRP_MJ_CREATE;UP;STATUS_SUCCESS;;"C:\Program Files (x86)\CC\SolarPowerMonitor\SolarMonitor.exe";;;COM3;;
1356;27/08/2026 13:42:58;IRP_MJ_DEVICE_CONTROL (IOCTL_SERIAL_GET_PROPERTIES);DOWN;;;"";;;COM3;;
1357;27/08/2026 13:42:58;IRP_MJ_DEVICE_CONTROL (IOCTL_SERIAL_GET_PROPERTIES);UP;STATUS_SUCCESS;40 00 02 00 01 00 00 00 00 00 00 00 00 00 00 00 00 00 00 00 00 00 00 10 01 00 00 00 ff 00 00 00 7f 00 00 00 ff ff 07 10 0f 00 07 1f 00 00 00 00 d8 0c 01 00 00 00 00 00 23 55 48 43 00 00 00 00 ;"@...........................ˇ......ˇˇ..........ÿ.......#UHC....";64;;COM3;;
1358;27/08/2026 13:42:58;IRP_MJ_DEVICE_CONTROL (IOCTL_SERIAL_GET_MODEMSTATUS);DOWN;;;"";;;COM3;;
1359;27/08/2026 13:42:58;IRP_MJ_DEVICE_CONTROL (IOCTL_SERIAL_GET_MODEMSTATUS);UP;STATUS_SUCCESS;00 00 00 00 ;"....";4;;COM3;;
1360;27/08/2026 13:42:58;IRP_MJ_DEVICE_CONTROL (IOCTL_SERIAL_GET_BAUD_RATE);DOWN;;;"";;;COM3;;
1361;27/08/2026 13:42:58;IRP_MJ_DEVICE_CONTROL (IOCTL_SERIAL_GET_BAUD_RATE);UP;STATUS_SUCCESS;80 25 00 00 ;"Ä%..";4;;COM3;;
1362;27/08/2026 13:42:58;IRP_MJ_DEVICE_CONTROL (IOCTL_SERIAL_GET_LINE_CONTROL);DOWN;;;"";;;COM3;;
1363;27/08/2026 13:42:58;IRP_MJ_DEVICE_CONTROL (IOCTL_SERIAL_GET_LINE_CONTROL);UP;STATUS_SUCCESS;00 00 08 ;"...";3;;COM3;;
1364;27/08/2026 13:42:58;IRP_MJ_DEVICE_CONTROL (IOCTL_SERIAL_GET_CHARS);DOWN;;;"";;;COM3;;
1365;27/08/2026 13:42:58;IRP_MJ_DEVICE_CONTROL (IOCTL_SERIAL_GET_CHARS);UP;STATUS_SUCCESS;1a 00 00 1a 11 13 ;"......";6;;COM3;;
1366;27/08/2026 13:42:58;IRP_MJ_DEVICE_CONTROL (IOCTL_SERIAL_GET_HANDFLOW);DOWN;;;"";;;COM3;;
1367;27/08/2026 13:42:58;IRP_MJ_DEVICE_CONTROL (IOCTL_SERIAL_GET_HANDFLOW);UP;STATUS_SUCCESS;00 00 00 00 00 00 00 00 6c 86 00 00 9b 21 00 00 ;"........lÜ..õ!..";16;;COM3;;
1368;27/08/2026 13:42:58;IRP_MJ_DEVICE_CONTROL (IOCTL_SERIAL_GET_BAUD_RATE);DOWN;;;"";;;COM3;;
1369;27/08/2026 13:42:58;IRP_MJ_DEVICE_CONTROL (IOCTL_SERIAL_GET_BAUD_RATE);UP;STATUS_SUCCESS;80 25 00 00 ;"Ä%..";4;;COM3;;
1370;27/08/2026 13:42:58;IRP_MJ_DEVICE_CONTROL (IOCTL_SERIAL_GET_LINE_CONTROL);DOWN;;;"";;;COM3;;
1371;27/08/2026 13:42:58;IRP_MJ_DEVICE_CONTROL (IOCTL_SERIAL_GET_LINE_CONTROL);UP;STATUS_SUCCESS;00 00 08 ;"...";3;;COM3;;
1372;27/08/2026 13:42:58;IRP_MJ_DEVICE_CONTROL (IOCTL_SERIAL_GET_CHARS);DOWN;;;"";;;COM3;;
1373;27/08/2026 13:42:58;IRP_MJ_DEVICE_CONTROL (IOCTL_SERIAL_GET_CHARS);UP;STATUS_SUCCESS;1a 00 00 1a 11 13 ;"......";6;;COM3;;
1374;27/08/2026 13:42:58;IRP_MJ_DEVICE_CONTROL (IOCTL_SERIAL_GET_HANDFLOW);DOWN;;;"";;;COM3;;
1375;27/08/2026 13:42:58;IRP_MJ_DEVICE_CONTROL (IOCTL_SERIAL_GET_HANDFLOW);UP;STATUS_SUCCESS;00 00 00 00 00 00 00 00 6c 86 00 00 9b 21 00 00 ;"........lÜ..õ!..";16;;COM3;;
1376;27/08/2026 13:42:58;IRP_MJ_DEVICE_CONTROL (IOCTL_SERIAL_SET_BAUD_RATE);DOWN;;80 25 00 00 ;"Ä%..";4;;COM3;;
1377;27/08/2026 13:42:58;IRP_MJ_DEVICE_CONTROL (IOCTL_SERIAL_SET_BAUD_RATE);UP;STATUS_SUCCESS;;"";;;COM3;;
1378;27/08/2026 13:42:58;IRP_MJ_DEVICE_CONTROL (IOCTL_SERIAL_CLR_RTS);DOWN;;;"";;;COM3;;
1379;27/08/2026 13:42:58;IRP_MJ_DEVICE_CONTROL (IOCTL_SERIAL_CLR_RTS);UP;STATUS_SUCCESS;;"";;;COM3;;
1380;27/08/2026 13:42:58;IRP_MJ_DEVICE_CONTROL (IOCTL_SERIAL_CLR_DTR);DOWN;;;"";;;COM3;;
1381;27/08/2026 13:42:58;IRP_MJ_DEVICE_CONTROL (IOCTL_SERIAL_CLR_DTR);UP;STATUS_SUCCESS;;"";;;COM3;;
1382;27/08/2026 13:42:58;IRP_MJ_DEVICE_CONTROL (IOCTL_SERIAL_SET_LINE_CONTROL);DOWN;;00 00 08 ;"...";3;;COM3;;
1383;27/08/2026 13:42:58;IRP_MJ_DEVICE_CONTROL (IOCTL_SERIAL_SET_LINE_CONTROL);UP;STATUS_SUCCESS;;"";;;COM3;;
1384;27/08/2026 13:42:58;IRP_MJ_DEVICE_CONTROL (IOCTL_SERIAL_SET_CHARS);DOWN;;1a 00 00 1a 11 13 ;"......";6;;COM3;;
1385;27/08/2026 13:42:58;IRP_MJ_DEVICE_CONTROL (IOCTL_SERIAL_SET_CHARS);UP;STATUS_SUCCESS;;"";;;COM3;;
1386;27/08/2026 13:42:58;IRP_MJ_DEVICE_CONTROL (IOCTL_SERIAL_SET_HANDFLOW);DOWN;;00 00 00 00 00 00 00 00 36 43 00 00 36 43 00 00 ;"........6C..6C..";16;;COM3;;
1387;27/08/2026 13:42:58;IRP_MJ_DEVICE_CONTROL (IOCTL_SERIAL_SET_HANDFLOW);UP;STATUS_SUCCESS;;"";;;COM3;;
1388;27/08/2026 13:42:58;IRP_MJ_DEVICE_CONTROL (IOCTL_SERIAL_GET_BAUD_RATE);DOWN;;;"";;;COM3;;
1389;27/08/2026 13:42:58;IRP_MJ_DEVICE_CONTROL (IOCTL_SERIAL_GET_BAUD_RATE);UP;STATUS_SUCCESS;80 25 00 00 ;"Ä%..";4;;COM3;;
1390;27/08/2026 13:42:58;IRP_MJ_DEVICE_CONTROL (IOCTL_SERIAL_GET_LINE_CONTROL);DOWN;;;"";;;COM3;;
1391;27/08/2026 13:42:58;IRP_MJ_DEVICE_CONTROL (IOCTL_SERIAL_GET_LINE_CONTROL);UP;STATUS_SUCCESS;00 00 08 ;"...";3;;COM3;;
1392;27/08/2026 13:42:58;IRP_MJ_DEVICE_CONTROL (IOCTL_SERIAL_GET_CHARS);DOWN;;;"";;;COM3;;
1393;27/08/2026 13:42:58;IRP_MJ_DEVICE_CONTROL (IOCTL_SERIAL_GET_CHARS);UP;STATUS_SUCCESS;1a 00 00 1a 11 13 ;"......";6;;COM3;;
1394;27/08/2026 13:42:58;IRP_MJ_DEVICE_CONTROL (IOCTL_SERIAL_GET_HANDFLOW);DOWN;;;"";;;COM3;;
1395;27/08/2026 13:42:58;IRP_MJ_DEVICE_CONTROL (IOCTL_SERIAL_GET_HANDFLOW);UP;STATUS_SUCCESS;00 00 00 00 00 00 00 00 36 43 00 00 36 43 00 00 ;"........6C..6C..";16;;COM3;;
1396;27/08/2026 13:42:58;IRP_MJ_DEVICE_CONTROL (IOCTL_SERIAL_SET_BAUD_RATE);DOWN;;80 25 00 00 ;"Ä%..";4;;COM3;;
1397;27/08/2026 13:42:58;IRP_MJ_DEVICE_CONTROL (IOCTL_SERIAL_SET_BAUD_RATE);UP;STATUS_SUCCESS;;"";;;COM3;;
1398;27/08/2026 13:42:58;IRP_MJ_DEVICE_CONTROL (IOCTL_SERIAL_CLR_RTS);DOWN;;;"";;;COM3;;
1399;27/08/2026 13:42:58;IRP_MJ_DEVICE_CONTROL (IOCTL_SERIAL_CLR_RTS);UP;STATUS_SUCCESS;;"";;;COM3;;
1400;27/08/2026 13:42:58;IRP_MJ_DEVICE_CONTROL (IOCTL_SERIAL_CLR_DTR);DOWN;;;"";;;COM3;;
1401;27/08/2026 13:42:58;IRP_MJ_DEVICE_CONTROL (IOCTL_SERIAL_CLR_DTR);UP;STATUS_SUCCESS;;"";;;COM3;;
1402;27/08/2026 13:42:58;IRP_MJ_DEVICE_CONTROL (IOCTL_SERIAL_SET_LINE_CONTROL);DOWN;;00 00 08 ;"...";3;;COM3;;
1403;27/08/2026 13:42:58;IRP_MJ_DEVICE_CONTROL (IOCTL_SERIAL_SET_LINE_CONTROL);UP;STATUS_SUCCESS;;"";;;COM3;;
1404;27/08/2026 13:42:58;IRP_MJ_DEVICE_CONTROL (IOCTL_SERIAL_SET_CHARS);DOWN;;1a 00 00 1a 11 13 ;"......";6;;COM3;;
1405;27/08/2026 13:42:58;IRP_MJ_DEVICE_CONTROL (IOCTL_SERIAL_SET_CHARS);UP;STATUS_SUCCESS;;"";;;COM3;;
1406;27/08/2026 13:42:58;IRP_MJ_DEVICE_CONTROL (IOCTL_SERIAL_SET_HANDFLOW);DOWN;;00 00 00 00 00 00 00 00 36 43 00 00 36 43 00 00 ;"........6C..6C..";16;;COM3;;
1407;27/08/2026 13:42:58;IRP_MJ_DEVICE_CONTROL (IOCTL_SERIAL_SET_HANDFLOW);UP;STATUS_SUCCESS;;"";;;COM3;;
1408;27/08/2026 13:42:58;IRP_MJ_DEVICE_CONTROL (IOCTL_SERIAL_CLR_DTR);DOWN;;;"";;;COM3;;
1409;27/08/2026 13:42:58;IRP_MJ_DEVICE_CONTROL (IOCTL_SERIAL_CLR_DTR);UP;STATUS_SUCCESS;;"";;;COM3;;
1410;27/08/2026 13:42:58;IRP_MJ_DEVICE_CONTROL (IOCTL_SERIAL_SET_TIMEOUTS);DOWN;;ff ff ff ff ff ff ff ff fe ff ff ff 00 00 00 00 00 00 00 00 ;"ˇˇˇˇˇˇˇˇ˛ˇˇˇ........";20;;COM3;;
1411;27/08/2026 13:42:58;IRP_MJ_DEVICE_CONTROL (IOCTL_SERIAL_SET_TIMEOUTS);UP;STATUS_SUCCESS;;"";;;COM3;;
1412;27/08/2026 13:42:58;IRP_MJ_DEVICE_CONTROL (IOCTL_SERIAL_SET_WAIT_MASK);DOWN;;fb 01 00 00 ;"˚...";4;;COM3;;
1413;27/08/2026 13:42:58;IRP_MJ_DEVICE_CONTROL (IOCTL_SERIAL_SET_WAIT_MASK);UP;STATUS_SUCCESS;;"";;;COM3;;
1414;27/08/2026 13:42:58;IRP_MJ_DEVICE_CONTROL (IOCTL_SERIAL_SET_QUEUE_SIZE);DOWN;;00 10 00 00 00 08 00 00 ;"........";8;;COM3;;
1415;27/08/2026 13:42:58;IRP_MJ_DEVICE_CONTROL (IOCTL_SERIAL_SET_QUEUE_SIZE);UP;STATUS_SUCCESS;;"";;;COM3;;
1416;27/08/2026 13:42:58;IRP_MJ_DEVICE_CONTROL (IOCTL_SERIAL_WAIT_ON_MASK);DOWN;;;"";;;COM3;;
1417;27/08/2026 13:42:58;IRP_MJ_WRITE;DOWN;;0a 03 75 30 00 01 9f 72 ;"..u0..ür";8;8;COM3;;
1418;27/08/2026 13:42:58;IRP_MJ_WRITE;UP;STATUS_SUCCESS;0a 03 75 30 00 01 9f 72 ;"..u0..ür";8;;COM3;;
1419;27/08/2026 13:42:58;IRP_MJ_DEVICE_CONTROL (IOCTL_SERIAL_GET_COMMSTATUS);DOWN;;;"";;;COM3;;
1420;27/08/2026 13:42:58;IRP_MJ_DEVICE_CONTROL (IOCTL_SERIAL_GET_COMMSTATUS);UP;STATUS_SUCCESS;00 00 00 00 00 00 00 00 00 00 00 00 00 00 00 00 00 00 00 00 ;"....................";20;;COM3;;
1421;27/08/2026 13:42:58;IRP_MJ_DEVICE_CONTROL (IOCTL_SERIAL_GET_COMMSTATUS);DOWN;;;"";;;COM3;;
1422;27/08/2026 13:42:58;IRP_MJ_DEVICE_CONTROL (IOCTL_SERIAL_GET_COMMSTATUS);UP;STATUS_SUCCESS;00 00 00 00 00 00 00 00 00 00 00 00 00 00 00 00 00 00 00 00 ;"....................";20;;COM3;;
1423;27/08/2026 13:42:58;IRP_MJ_DEVICE_CONTROL (IOCTL_SERIAL_GET_COMMSTATUS);DOWN;;;"";;;COM3;;
1424;27/08/2026 13:42:58;IRP_MJ_DEVICE_CONTROL (IOCTL_SERIAL_GET_COMMSTATUS);UP;STATUS_SUCCESS;00 00 00 00 00 00 00 00 00 00 00 00 00 00 00 00 00 00 00 00 ;"....................";20;;COM3;;
1425;27/08/2026 13:42:58;IRP_MJ_DEVICE_CONTROL (IOCTL_SERIAL_GET_COMMSTATUS);DOWN;;;"";;;COM3;;
1426;27/08/2026 13:42:58;IRP_MJ_DEVICE_CONTROL (IOCTL_SERIAL_GET_COMMSTATUS);UP;STATUS_SUCCESS;00 00 00 00 00 00 00 00 00 00 00 00 00 00 00 00 00 00 00 00 ;"....................";20;;COM3;;
1427;27/08/2026 13:42:58;IRP_MJ_DEVICE_CONTROL (IOCTL_SERIAL_GET_COMMSTATUS);DOWN;;;"";;;COM3;;
1428;27/08/2026 13:42:58;IRP_MJ_DEVICE_CONTROL (IOCTL_SERIAL_GET_COMMSTATUS);UP;STATUS_SUCCESS;00 00 00 00 00 00 00 00 00 00 00 00 00 00 00 00 00 00 00 00 ;"....................";20;;COM3;;
1429;27/08/2026 13:42:58;IRP_MJ_DEVICE_CONTROL (IOCTL_SERIAL_GET_COMMSTATUS);DOWN;;;"";;;COM3;;
1430;27/08/2026 13:42:58;IRP_MJ_DEVICE_CONTROL (IOCTL_SERIAL_GET_COMMSTATUS);UP;STATUS_SUCCESS;00 00 00 00 00 00 00 00 00 00 00 00 00 00 00 00 00 00 00 00 ;"....................";20;;COM3;;
1431;27/08/2026 13:42:58;IRP_MJ_DEVICE_CONTROL (IOCTL_SERIAL_GET_COMMSTATUS);DOWN;;;"";;;COM3;;
1432;27/08/2026 13:42:58;IRP_MJ_DEVICE_CONTROL (IOCTL_SERIAL_GET_COMMSTATUS);UP;STATUS_SUCCESS;00 00 00 00 00 00 00 00 00 00 00 00 00 00 00 00 00 00 00 00 ;"....................";20;;COM3;;
1433;27/08/2026 13:42:58;IRP_MJ_DEVICE_CONTROL (IOCTL_SERIAL_GET_COMMSTATUS);DOWN;;;"";;;COM3;;
1434;27/08/2026 13:42:58;IRP_MJ_DEVICE_CONTROL (IOCTL_SERIAL_GET_COMMSTATUS);UP;STATUS_SUCCESS;00 00 00 00 00 00 00 00 00 00 00 00 00 00 00 00 00 00 00 00 ;"....................";20;;COM3;;
1435;27/08/2026 13:42:58;IRP_MJ_DEVICE_CONTROL (IOCTL_SERIAL_GET_COMMSTATUS);DOWN;;;"";;;COM3;;
1436;27/08/2026 13:42:58;IRP_MJ_DEVICE_CONTROL (IOCTL_SERIAL_GET_COMMSTATUS);UP;STATUS_SUCCESS;00 00 00 00 00 00 00 00 00 00 00 00 00 00 00 00 00 00 00 00 ;"....................";20;;COM3;;
1437;27/08/2026 13:42:58;IRP_MJ_DEVICE_CONTROL (IOCTL_SERIAL_GET_COMMSTATUS);DOWN;;;"";;;COM3;;
1438;27/08/2026 13:42:58;IRP_MJ_DEVICE_CONTROL (IOCTL_SERIAL_GET_COMMSTATUS);UP;STATUS_SUCCESS;00 00 00 00 00 00 00 00 00 00 00 00 00 00 00 00 00 00 00 00 ;"....................";20;;COM3;;
1439;27/08/2026 13:42:58;IRP_MJ_DEVICE_CONTROL (IOCTL_SERIAL_GET_COMMSTATUS);DOWN;;;"";;;COM3;;
1440;27/08/2026 13:42:58;IRP_MJ_DEVICE_CONTROL (IOCTL_SERIAL_GET_COMMSTATUS);UP;STATUS_SUCCESS;00 00 00 00 00 00 00 00 00 00 00 00 00 00 00 00 00 00 00 00 ;"....................";20;;COM3;;
1441;27/08/2026 13:42:58;IRP_MJ_DEVICE_CONTROL (IOCTL_SERIAL_SET_WAIT_MASK);DOWN;;00 00 00 00 ;"....";4;;COM3;;
1442;27/08/2026 13:42:58;IRP_MJ_DEVICE_CONTROL (IOCTL_SERIAL_WAIT_ON_MASK);UP;STATUS_SUCCESS;00 00 00 00 ;"....";4;;COM3;;
1443;27/08/2026 13:42:58;IRP_MJ_DEVICE_CONTROL (IOCTL_SERIAL_SET_WAIT_MASK);UP;STATUS_SUCCESS;;"";;;COM3;;
1444;27/08/2026 13:42:58;IRP_MJ_DEVICE_CONTROL (IOCTL_SERIAL_CLR_DTR);DOWN;;;"";;;COM3;;
1445;27/08/2026 13:42:58;IRP_MJ_DEVICE_CONTROL (IOCTL_SERIAL_CLR_DTR);UP;STATUS_SUCCESS;;"";;;COM3;;
1446;27/08/2026 13:42:58;IRP_MJ_DEVICE_CONTROL (IOCTL_SERIAL_PURGE);DOWN;;0a 00 00 00 ;"....";4;;COM3;;
1447;27/08/2026 13:42:58;IRP_MJ_DEVICE_CONTROL (IOCTL_SERIAL_PURGE);UP;STATUS_SUCCESS;;"";;;COM3;;
1448;27/08/2026 13:42:58;IRP_MJ_DEVICE_CONTROL (IOCTL_SERIAL_PURGE);DOWN;;05 00 00 00 ;"....";4;;COM3;;
1449;27/08/2026 13:42:58;IRP_MJ_DEVICE_CONTROL (IOCTL_SERIAL_PURGE);UP;STATUS_SUCCESS;;"";;;COM3;;
1450;27/08/2026 13:42:58;IRP_MJ_CLOSE;DOWN;;;"";;;COM3;;
1451;27/08/2026 13:42:58;IRP_MJ_CLOSE;UP;STATUS_SUCCESS;;"";;;COM3;;
1452;27/08/2026 13:42:58;IRP_MJ_CREATE;DOWN;;;"C:\Program Files (x86)\CC\SolarPowerMonitor\SolarMonitor.exe";;;COM3;;
1453;27/08/2026 13:42:58;IRP_MJ_CREATE;UP;STATUS_SUCCESS;;"C:\Program Files (x86)\CC\SolarPowerMonitor\SolarMonitor.exe";;;COM3;;
1454;27/08/2026 13:42:58;IRP_MJ_DEVICE_CONTROL (IOCTL_SERIAL_GET_PROPERTIES);DOWN;;;"";;;COM3;;
1455;27/08/2026 13:42:58;IRP_MJ_DEVICE_CONTROL (IOCTL_SERIAL_GET_PROPERTIES);UP;STATUS_SUCCESS;40 00 02 00 01 00 00 00 00 00 00 00 00 00 00 00 00 00 00 00 00 00 00 10 01 00 00 00 ff 00 00 00 7f 00 00 00 ff ff 07 10 0f 00 07 1f 00 00 00 00 d8 0c 01 00 00 00 00 00 23 55 48 43 00 00 00 00 ;"@...........................ˇ......ˇˇ..........ÿ.......#UHC....";64;;COM3;;
1456;27/08/2026 13:42:58;IRP_MJ_DEVICE_CONTROL (IOCTL_SERIAL_GET_MODEMSTATUS);DOWN;;;"";;;COM3;;
1457;27/08/2026 13:42:58;IRP_MJ_DEVICE_CONTROL (IOCTL_SERIAL_GET_MODEMSTATUS);UP;STATUS_SUCCESS;00 00 00 00 ;"....";4;;COM3;;
1458;27/08/2026 13:42:58;IRP_MJ_DEVICE_CONTROL (IOCTL_SERIAL_GET_BAUD_RATE);DOWN;;;"";;;COM3;;
1459;27/08/2026 13:42:58;IRP_MJ_DEVICE_CONTROL (IOCTL_SERIAL_GET_BAUD_RATE);UP;STATUS_SUCCESS;80 25 00 00 ;"Ä%..";4;;COM3;;
1460;27/08/2026 13:42:58;IRP_MJ_DEVICE_CONTROL (IOCTL_SERIAL_GET_LINE_CONTROL);DOWN;;;"";;;COM3;;
1461;27/08/2026 13:42:58;IRP_MJ_DEVICE_CONTROL (IOCTL_SERIAL_GET_LINE_CONTROL);UP;STATUS_SUCCESS;00 00 08 ;"...";3;;COM3;;
1462;27/08/2026 13:42:58;IRP_MJ_DEVICE_CONTROL (IOCTL_SERIAL_GET_CHARS);DOWN;;;"";;;COM3;;
1463;27/08/2026 13:42:58;IRP_MJ_DEVICE_CONTROL (IOCTL_SERIAL_GET_CHARS);UP;STATUS_SUCCESS;1a 00 00 1a 11 13 ;"......";6;;COM3;;
1464;27/08/2026 13:42:58;IRP_MJ_DEVICE_CONTROL (IOCTL_SERIAL_GET_HANDFLOW);DOWN;;;"";;;COM3;;
1465;27/08/2026 13:42:58;IRP_MJ_DEVICE_CONTROL (IOCTL_SERIAL_GET_HANDFLOW);UP;STATUS_SUCCESS;00 00 00 00 00 00 00 00 6c 86 00 00 9b 21 00 00 ;"........lÜ..õ!..";16;;COM3;;
1466;27/08/2026 13:42:58;IRP_MJ_DEVICE_CONTROL (IOCTL_SERIAL_GET_BAUD_RATE);DOWN;;;"";;;COM3;;
1467;27/08/2026 13:42:58;IRP_MJ_DEVICE_CONTROL (IOCTL_SERIAL_GET_BAUD_RATE);UP;STATUS_SUCCESS;80 25 00 00 ;"Ä%..";4;;COM3;;
1468;27/08/2026 13:42:58;IRP_MJ_DEVICE_CONTROL (IOCTL_SERIAL_GET_LINE_CONTROL);DOWN;;;"";;;COM3;;
1469;27/08/2026 13:42:58;IRP_MJ_DEVICE_CONTROL (IOCTL_SERIAL_GET_LINE_CONTROL);UP;STATUS_SUCCESS;00 00 08 ;"...";3;;COM3;;
1470;27/08/2026 13:42:58;IRP_MJ_DEVICE_CONTROL (IOCTL_SERIAL_GET_CHARS);DOWN;;;"";;;COM3;;
1471;27/08/2026 13:42:58;IRP_MJ_DEVICE_CONTROL (IOCTL_SERIAL_GET_CHARS);UP;STATUS_SUCCESS;1a 00 00 1a 11 13 ;"......";6;;COM3;;
1472;27/08/2026 13:42:58;IRP_MJ_DEVICE_CONTROL (IOCTL_SERIAL_GET_HANDFLOW);DOWN;;;"";;;COM3;;
1473;27/08/2026 13:42:58;IRP_MJ_DEVICE_CONTROL (IOCTL_SERIAL_GET_HANDFLOW);UP;STATUS_SUCCESS;00 00 00 00 00 00 00 00 6c 86 00 00 9b 21 00 00 ;"........lÜ..õ!..";16;;COM3;;
1474;27/08/2026 13:42:58;IRP_MJ_DEVICE_CONTROL (IOCTL_SERIAL_SET_BAUD_RATE);DOWN;;00 4b 00 00 ;".K..";4;;COM3;;
1475;27/08/2026 13:42:58;IRP_MJ_DEVICE_CONTROL (IOCTL_SERIAL_SET_BAUD_RATE);UP;STATUS_SUCCESS;;"";;;COM3;;
1476;27/08/2026 13:42:58;IRP_MJ_DEVICE_CONTROL (IOCTL_SERIAL_CLR_RTS);DOWN;;;"";;;COM3;;
1477;27/08/2026 13:42:58;IRP_MJ_DEVICE_CONTROL (IOCTL_SERIAL_CLR_RTS);UP;STATUS_SUCCESS;;"";;;COM3;;
1478;27/08/2026 13:42:58;IRP_MJ_DEVICE_CONTROL (IOCTL_SERIAL_CLR_DTR);DOWN;;;"";;;COM3;;
1479;27/08/2026 13:42:58;IRP_MJ_DEVICE_CONTROL (IOCTL_SERIAL_CLR_DTR);UP;STATUS_SUCCESS;;"";;;COM3;;
1480;27/08/2026 13:42:58;IRP_MJ_DEVICE_CONTROL (IOCTL_SERIAL_SET_LINE_CONTROL);DOWN;;00 00 08 ;"...";3;;COM3;;
1481;27/08/2026 13:42:58;IRP_MJ_DEVICE_CONTROL (IOCTL_SERIAL_SET_LINE_CONTROL);UP;STATUS_SUCCESS;;"";;;COM3;;
1482;27/08/2026 13:42:58;IRP_MJ_DEVICE_CONTROL (IOCTL_SERIAL_SET_CHARS);DOWN;;1a 00 00 1a 11 13 ;"......";6;;COM3;;
1483;27/08/2026 13:42:58;IRP_MJ_DEVICE_CONTROL (IOCTL_SERIAL_SET_CHARS);UP;STATUS_SUCCESS;;"";;;COM3;;
1484;27/08/2026 13:42:58;IRP_MJ_DEVICE_CONTROL (IOCTL_SERIAL_SET_HANDFLOW);DOWN;;00 00 00 00 00 00 00 00 36 43 00 00 36 43 00 00 ;"........6C..6C..";16;;COM3;;
1485;27/08/2026 13:42:58;IRP_MJ_DEVICE_CONTROL (IOCTL_SERIAL_SET_HANDFLOW);UP;STATUS_SUCCESS;;"";;;COM3;;
1486;27/08/2026 13:42:58;IRP_MJ_DEVICE_CONTROL (IOCTL_SERIAL_GET_BAUD_RATE);DOWN;;;"";;;COM3;;
1487;27/08/2026 13:42:58;IRP_MJ_DEVICE_CONTROL (IOCTL_SERIAL_GET_BAUD_RATE);UP;STATUS_SUCCESS;00 4b 00 00 ;".K..";4;;COM3;;
1488;27/08/2026 13:42:58;IRP_MJ_DEVICE_CONTROL (IOCTL_SERIAL_GET_LINE_CONTROL);DOWN;;;"";;;COM3;;
1489;27/08/2026 13:42:58;IRP_MJ_DEVICE_CONTROL (IOCTL_SERIAL_GET_LINE_CONTROL);UP;STATUS_SUCCESS;00 00 08 ;"...";3;;COM3;;
1490;27/08/2026 13:42:58;IRP_MJ_DEVICE_CONTROL (IOCTL_SERIAL_GET_CHARS);DOWN;;;"";;;COM3;;
1491;27/08/2026 13:42:58;IRP_MJ_DEVICE_CONTROL (IOCTL_SERIAL_GET_CHARS);UP;STATUS_SUCCESS;1a 00 00 1a 11 13 ;"......";6;;COM3;;
1492;27/08/2026 13:42:58;IRP_MJ_DEVICE_CONTROL (IOCTL_SERIAL_GET_HANDFLOW);DOWN;;;"";;;COM3;;
1493;27/08/2026 13:42:58;IRP_MJ_DEVICE_CONTROL (IOCTL_SERIAL_GET_HANDFLOW);UP;STATUS_SUCCESS;00 00 00 00 00 00 00 00 36 43 00 00 36 43 00 00 ;"........6C..6C..";16;;COM3;;
1494;27/08/2026 13:42:58;IRP_MJ_DEVICE_CONTROL (IOCTL_SERIAL_SET_BAUD_RATE);DOWN;;00 4b 00 00 ;".K..";4;;COM3;;
1495;27/08/2026 13:42:58;IRP_MJ_DEVICE_CONTROL (IOCTL_SERIAL_SET_BAUD_RATE);UP;STATUS_SUCCESS;;"";;;COM3;;
1496;27/08/2026 13:42:58;IRP_MJ_DEVICE_CONTROL (IOCTL_SERIAL_CLR_RTS);DOWN;;;"";;;COM3;;
1497;27/08/2026 13:42:58;IRP_MJ_DEVICE_CONTROL (IOCTL_SERIAL_CLR_RTS);UP;STATUS_SUCCESS;;"";;;COM3;;
1498;27/08/2026 13:42:58;IRP_MJ_DEVICE_CONTROL (IOCTL_SERIAL_CLR_DTR);DOWN;;;"";;;COM3;;
1499;27/08/2026 13:42:58;IRP_MJ_DEVICE_CONTROL (IOCTL_SERIAL_CLR_DTR);UP;STATUS_SUCCESS;;"";;;COM3;;
1500;27/08/2026 13:42:58;IRP_MJ_DEVICE_CONTROL (IOCTL_SERIAL_SET_LINE_CONTROL);DOWN;;00 00 08 ;"...";3;;COM3;;
1501;27/08/2026 13:42:58;IRP_MJ_DEVICE_CONTROL (IOCTL_SERIAL_SET_LINE_CONTROL);UP;STATUS_SUCCESS;;"";;;COM3;;
1502;27/08/2026 13:42:58;IRP_MJ_DEVICE_CONTROL (IOCTL_SERIAL_SET_CHARS);DOWN;;1a 00 00 1a 11 13 ;"......";6;;COM3;;
1503;27/08/2026 13:42:58;IRP_MJ_DEVICE_CONTROL (IOCTL_SERIAL_SET_CHARS);UP;STATUS_SUCCESS;;"";;;COM3;;
1504;27/08/2026 13:42:58;IRP_MJ_DEVICE_CONTROL (IOCTL_SERIAL_SET_HANDFLOW);DOWN;;00 00 00 00 00 00 00 00 36 43 00 00 36 43 00 00 ;"........6C..6C..";16;;COM3;;
1505;27/08/2026 13:42:58;IRP_MJ_DEVICE_CONTROL (IOCTL_SERIAL_SET_HANDFLOW);UP;STATUS_SUCCESS;;"";;;COM3;;
1506;27/08/2026 13:42:58;IRP_MJ_DEVICE_CONTROL (IOCTL_SERIAL_CLR_DTR);DOWN;;;"";;;COM3;;
1507;27/08/2026 13:42:58;IRP_MJ_DEVICE_CONTROL (IOCTL_SERIAL_CLR_DTR);UP;STATUS_SUCCESS;;"";;;COM3;;
1508;27/08/2026 13:42:58;IRP_MJ_DEVICE_CONTROL (IOCTL_SERIAL_SET_TIMEOUTS);DOWN;;ff ff ff ff ff ff ff ff fe ff ff ff 00 00 00 00 00 00 00 00 ;"ˇˇˇˇˇˇˇˇ˛ˇˇˇ........";20;;COM3;;
1509;27/08/2026 13:42:58;IRP_MJ_DEVICE_CONTROL (IOCTL_SERIAL_SET_TIMEOUTS);UP;STATUS_SUCCESS;;"";;;COM3;;
1510;27/08/2026 13:42:58;IRP_MJ_DEVICE_CONTROL (IOCTL_SERIAL_SET_WAIT_MASK);DOWN;;fb 01 00 00 ;"˚...";4;;COM3;;
1511;27/08/2026 13:42:58;IRP_MJ_DEVICE_CONTROL (IOCTL_SERIAL_SET_WAIT_MASK);UP;STATUS_SUCCESS;;"";;;COM3;;
1512;27/08/2026 13:42:58;IRP_MJ_DEVICE_CONTROL (IOCTL_SERIAL_SET_QUEUE_SIZE);DOWN;;00 10 00 00 00 08 00 00 ;"........";8;;COM3;;
1513;27/08/2026 13:42:58;IRP_MJ_DEVICE_CONTROL (IOCTL_SERIAL_SET_QUEUE_SIZE);UP;STATUS_SUCCESS;;"";;;COM3;;
1514;27/08/2026 13:42:58;IRP_MJ_DEVICE_CONTROL (IOCTL_SERIAL_WAIT_ON_MASK);DOWN;;;"";;;COM3;;
1515;27/08/2026 13:42:58;IRP_MJ_WRITE;DOWN;;04 03 4e 20 00 07 12 bf ;"..N ...ø";8;8;COM3;;
1516;27/08/2026 13:42:58;IRP_MJ_WRITE;UP;STATUS_SUCCESS;04 03 4e 20 00 07 12 bf ;"..N ...ø";8;;COM3;;
1517;27/08/2026 13:42:58;IRP_MJ_DEVICE_CONTROL (IOCTL_SERIAL_GET_COMMSTATUS);DOWN;;;"";;;COM3;;
1518;27/08/2026 13:42:58;IRP_MJ_DEVICE_CONTROL (IOCTL_SERIAL_GET_COMMSTATUS);UP;STATUS_SUCCESS;00 00 00 00 00 00 00 00 00 00 00 00 00 00 00 00 00 00 00 00 ;"....................";20;;COM3;;
1519;27/08/2026 13:42:58;IRP_MJ_DEVICE_CONTROL (IOCTL_SERIAL_GET_COMMSTATUS);DOWN;;;"";;;COM3;;
1520;27/08/2026 13:42:58;IRP_MJ_DEVICE_CONTROL (IOCTL_SERIAL_GET_COMMSTATUS);UP;STATUS_SUCCESS;00 00 00 00 00 00 00 00 00 00 00 00 00 00 00 00 00 00 00 00 ;"....................";20;;COM3;;
1521;27/08/2026 13:42:58;IRP_MJ_DEVICE_CONTROL (IOCTL_SERIAL_GET_COMMSTATUS);DOWN;;;"";;;COM3;;
1522;27/08/2026 13:42:58;IRP_MJ_DEVICE_CONTROL (IOCTL_SERIAL_GET_COMMSTATUS);UP;STATUS_SUCCESS;00 00 00 00 00 00 00 00 00 00 00 00 00 00 00 00 00 00 00 00 ;"....................";20;;COM3;;
1523;27/08/2026 13:42:58;IRP_MJ_DEVICE_CONTROL (IOCTL_SERIAL_GET_COMMSTATUS);DOWN;;;"";;;COM3;;
1524;27/08/2026 13:42:58;IRP_MJ_DEVICE_CONTROL (IOCTL_SERIAL_GET_COMMSTATUS);UP;STATUS_SUCCESS;00 00 00 00 00 00 00 00 00 00 00 00 00 00 00 00 00 00 00 00 ;"....................";20;;COM3;;
1525;27/08/2026 13:42:58;IRP_MJ_DEVICE_CONTROL (IOCTL_SERIAL_GET_COMMSTATUS);DOWN;;;"";;;COM3;;
1526;27/08/2026 13:42:58;IRP_MJ_DEVICE_CONTROL (IOCTL_SERIAL_GET_COMMSTATUS);UP;STATUS_SUCCESS;00 00 00 00 00 00 00 00 00 00 00 00 00 00 00 00 00 00 00 00 ;"....................";20;;COM3;;
1527;27/08/2026 13:42:58;IRP_MJ_DEVICE_CONTROL (IOCTL_SERIAL_GET_COMMSTATUS);DOWN;;;"";;;COM3;;
1528;27/08/2026 13:42:58;IRP_MJ_DEVICE_CONTROL (IOCTL_SERIAL_GET_COMMSTATUS);UP;STATUS_SUCCESS;00 00 00 00 00 00 00 00 00 00 00 00 00 00 00 00 00 00 00 00 ;"....................";20;;COM3;;
1529;27/08/2026 13:42:58;IRP_MJ_DEVICE_CONTROL (IOCTL_SERIAL_GET_COMMSTATUS);DOWN;;;"";;;COM3;;
1530;27/08/2026 13:42:58;IRP_MJ_DEVICE_CONTROL (IOCTL_SERIAL_GET_COMMSTATUS);UP;STATUS_SUCCESS;00 00 00 00 00 00 00 00 00 00 00 00 00 00 00 00 00 00 00 00 ;"....................";20;;COM3;;
1531;27/08/2026 13:42:58;IRP_MJ_DEVICE_CONTROL (IOCTL_SERIAL_GET_COMMSTATUS);DOWN;;;"";;;COM3;;
1532;27/08/2026 13:42:58;IRP_MJ_DEVICE_CONTROL (IOCTL_SERIAL_GET_COMMSTATUS);UP;STATUS_SUCCESS;00 00 00 00 00 00 00 00 00 00 00 00 00 00 00 00 00 00 00 00 ;"....................";20;;COM3;;
1533;27/08/2026 13:42:58;IRP_MJ_DEVICE_CONTROL (IOCTL_SERIAL_GET_COMMSTATUS);DOWN;;;"";;;COM3;;
1534;27/08/2026 13:42:58;IRP_MJ_DEVICE_CONTROL (IOCTL_SERIAL_GET_COMMSTATUS);UP;STATUS_SUCCESS;00 00 00 00 00 00 00 00 00 00 00 00 00 00 00 00 00 00 00 00 ;"....................";20;;COM3;;
1535;27/08/2026 13:42:58;IRP_MJ_DEVICE_CONTROL (IOCTL_SERIAL_GET_COMMSTATUS);DOWN;;;"";;;COM3;;
1536;27/08/2026 13:42:58;IRP_MJ_DEVICE_CONTROL (IOCTL_SERIAL_GET_COMMSTATUS);UP;STATUS_SUCCESS;00 00 00 00 00 00 00 00 00 00 00 00 00 00 00 00 00 00 00 00 ;"....................";20;;COM3;;
1537;27/08/2026 13:42:58;IRP_MJ_DEVICE_CONTROL (IOCTL_SERIAL_GET_COMMSTATUS);DOWN;;;"";;;COM3;;
1538;27/08/2026 13:42:58;IRP_MJ_DEVICE_CONTROL (IOCTL_SERIAL_GET_COMMSTATUS);UP;STATUS_SUCCESS;00 00 00 00 00 00 00 00 00 00 00 00 00 00 00 00 00 00 00 00 ;"....................";20;;COM3;;
1539;27/08/2026 13:42:58;IRP_MJ_DEVICE_CONTROL (IOCTL_SERIAL_GET_COMMSTATUS);DOWN;;;"";;;COM3;;
1540;27/08/2026 13:42:58;IRP_MJ_DEVICE_CONTROL (IOCTL_SERIAL_GET_COMMSTATUS);UP;STATUS_SUCCESS;00 00 00 00 00 00 00 00 00 00 00 00 00 00 00 00 00 00 00 00 ;"....................";20;;COM3;;
1541;27/08/2026 13:42:58;IRP_MJ_DEVICE_CONTROL (IOCTL_SERIAL_WAIT_ON_MASK);UP;STATUS_SUCCESS;01 00 00 00 ;"....";4;;COM3;;
1542;27/08/2026 13:42:58;IRP_MJ_DEVICE_CONTROL (IOCTL_SERIAL_GET_COMMSTATUS);DOWN;;;"";;;COM3;;
1543;27/08/2026 13:42:58;IRP_MJ_DEVICE_CONTROL (IOCTL_SERIAL_GET_COMMSTATUS);UP;STATUS_SUCCESS;00 00 00 00 00 00 00 00 01 00 00 00 00 00 00 00 00 00 00 00 ;"....................";20;;COM3;;
1544;27/08/2026 13:42:58;IRP_MJ_DEVICE_CONTROL (IOCTL_SERIAL_WAIT_ON_MASK);DOWN;;;"";;;COM3;;
1545;27/08/2026 13:42:58;IRP_MJ_DEVICE_CONTROL (IOCTL_SERIAL_GET_COMMSTATUS);DOWN;;;"";;;COM3;;
1546;27/08/2026 13:42:58;IRP_MJ_DEVICE_CONTROL (IOCTL_SERIAL_GET_COMMSTATUS);UP;STATUS_SUCCESS;00 00 00 00 00 00 00 00 01 00 00 00 00 00 00 00 00 00 00 00 ;"....................";20;;COM3;;
1547;27/08/2026 13:42:58;IRP_MJ_DEVICE_CONTROL (IOCTL_SERIAL_WAIT_ON_MASK);UP;STATUS_SUCCESS;01 00 00 00 ;"....";4;;COM3;;
1548;27/08/2026 13:42:58;IRP_MJ_DEVICE_CONTROL (IOCTL_SERIAL_GET_COMMSTATUS);DOWN;;;"";;;COM3;;
1549;27/08/2026 13:42:58;IRP_MJ_DEVICE_CONTROL (IOCTL_SERIAL_GET_COMMSTATUS);UP;STATUS_SUCCESS;00 00 00 00 00 00 00 00 02 00 00 00 00 00 00 00 00 00 00 00 ;"....................";20;;COM3;;
1550;27/08/2026 13:42:58;IRP_MJ_DEVICE_CONTROL (IOCTL_SERIAL_WAIT_ON_MASK);DOWN;;;"";;;COM3;;
1551;27/08/2026 13:42:58;IRP_MJ_DEVICE_CONTROL (IOCTL_SERIAL_WAIT_ON_MASK);UP;STATUS_SUCCESS;01 00 00 00 ;"....";4;;COM3;;
1552;27/08/2026 13:42:58;IRP_MJ_DEVICE_CONTROL (IOCTL_SERIAL_GET_COMMSTATUS);DOWN;;;"";;;COM3;;
1553;27/08/2026 13:42:58;IRP_MJ_DEVICE_CONTROL (IOCTL_SERIAL_GET_COMMSTATUS);UP;STATUS_SUCCESS;00 00 00 00 00 00 00 00 03 00 00 00 00 00 00 00 00 00 00 00 ;"....................";20;;COM3;;
1554;27/08/2026 13:42:58;IRP_MJ_DEVICE_CONTROL (IOCTL_SERIAL_WAIT_ON_MASK);DOWN;;;"";;;COM3;;
1555;27/08/2026 13:42:58;IRP_MJ_DEVICE_CONTROL (IOCTL_SERIAL_WAIT_ON_MASK);UP;STATUS_SUCCESS;01 00 00 00 ;"....";4;;COM3;;
1556;27/08/2026 13:42:58;IRP_MJ_DEVICE_CONTROL (IOCTL_SERIAL_GET_COMMSTATUS);DOWN;;;"";;;COM3;;
1557;27/08/2026 13:42:58;IRP_MJ_DEVICE_CONTROL (IOCTL_SERIAL_GET_COMMSTATUS);UP;STATUS_SUCCESS;00 00 00 00 00 00 00 00 04 00 00 00 00 00 00 00 00 00 00 00 ;"....................";20;;COM3;;
1558;27/08/2026 13:42:58;IRP_MJ_DEVICE_CONTROL (IOCTL_SERIAL_WAIT_ON_MASK);DOWN;;;"";;;COM3;;
1559;27/08/2026 13:42:58;IRP_MJ_DEVICE_CONTROL (IOCTL_SERIAL_WAIT_ON_MASK);UP;STATUS_SUCCESS;01 00 00 00 ;"....";4;;COM3;;
1560;27/08/2026 13:42:58;IRP_MJ_DEVICE_CONTROL (IOCTL_SERIAL_GET_COMMSTATUS);DOWN;;;"";;;COM3;;
1561;27/08/2026 13:42:58;IRP_MJ_DEVICE_CONTROL (IOCTL_SERIAL_GET_COMMSTATUS);UP;STATUS_SUCCESS;00 00 00 00 00 00 00 00 05 00 00 00 00 00 00 00 00 00 00 00 ;"....................";20;;COM3;;
1562;27/08/2026 13:42:58;IRP_MJ_DEVICE_CONTROL (IOCTL_SERIAL_WAIT_ON_MASK);DOWN;;;"";;;COM3;;
1563;27/08/2026 13:42:58;IRP_MJ_DEVICE_CONTROL (IOCTL_SERIAL_WAIT_ON_MASK);UP;STATUS_SUCCESS;01 00 00 00 ;"....";4;;COM3;;
1564;27/08/2026 13:42:58;IRP_MJ_DEVICE_CONTROL (IOCTL_SERIAL_GET_COMMSTATUS);DOWN;;;"";;;COM3;;
1565;27/08/2026 13:42:58;IRP_MJ_DEVICE_CONTROL (IOCTL_SERIAL_GET_COMMSTATUS);UP;STATUS_SUCCESS;00 00 00 00 00 00 00 00 06 00 00 00 00 00 00 00 00 00 00 00 ;"....................";20;;COM3;;
1566;27/08/2026 13:42:58;IRP_MJ_DEVICE_CONTROL (IOCTL_SERIAL_WAIT_ON_MASK);DOWN;;;"";;;COM3;;
1567;27/08/2026 13:42:58;IRP_MJ_DEVICE_CONTROL (IOCTL_SERIAL_WAIT_ON_MASK);UP;STATUS_SUCCESS;01 00 00 00 ;"....";4;;COM3;;
1568;27/08/2026 13:42:58;IRP_MJ_DEVICE_CONTROL (IOCTL_SERIAL_GET_COMMSTATUS);DOWN;;;"";;;COM3;;
1569;27/08/2026 13:42:58;IRP_MJ_DEVICE_CONTROL (IOCTL_SERIAL_GET_COMMSTATUS);UP;STATUS_SUCCESS;00 00 00 00 00 00 00 00 07 00 00 00 00 00 00 00 00 00 00 00 ;"....................";20;;COM3;;
1570;27/08/2026 13:42:58;IRP_MJ_DEVICE_CONTROL (IOCTL_SERIAL_WAIT_ON_MASK);DOWN;;;"";;;COM3;;
1571;27/08/2026 13:42:58;IRP_MJ_DEVICE_CONTROL (IOCTL_SERIAL_WAIT_ON_MASK);UP;STATUS_SUCCESS;01 00 00 00 ;"....";4;;COM3;;
1572;27/08/2026 13:42:58;IRP_MJ_DEVICE_CONTROL (IOCTL_SERIAL_GET_COMMSTATUS);DOWN;;;"";;;COM3;;
1573;27/08/2026 13:42:58;IRP_MJ_DEVICE_CONTROL (IOCTL_SERIAL_GET_COMMSTATUS);UP;STATUS_SUCCESS;00 00 00 00 00 00 00 00 08 00 00 00 00 00 00 00 00 00 00 00 ;"....................";20;;COM3;;
1574;27/08/2026 13:42:58;IRP_MJ_DEVICE_CONTROL (IOCTL_SERIAL_WAIT_ON_MASK);DOWN;;;"";;;COM3;;
1575;27/08/2026 13:42:58;IRP_MJ_DEVICE_CONTROL (IOCTL_SERIAL_GET_COMMSTATUS);DOWN;;;"";;;COM3;;
1576;27/08/2026 13:42:58;IRP_MJ_DEVICE_CONTROL (IOCTL_SERIAL_GET_COMMSTATUS);UP;STATUS_SUCCESS;00 00 00 00 00 00 00 00 08 00 00 00 00 00 00 00 00 00 00 00 ;"....................";20;;COM3;;
1577;27/08/2026 13:42:58;IRP_MJ_DEVICE_CONTROL (IOCTL_SERIAL_WAIT_ON_MASK);UP;STATUS_SUCCESS;01 00 00 00 ;"....";4;;COM3;;
1578;27/08/2026 13:42:58;IRP_MJ_DEVICE_CONTROL (IOCTL_SERIAL_GET_COMMSTATUS);DOWN;;;"";;;COM3;;
1579;27/08/2026 13:42:58;IRP_MJ_DEVICE_CONTROL (IOCTL_SERIAL_GET_COMMSTATUS);UP;STATUS_SUCCESS;00 00 00 00 00 00 00 00 09 00 00 00 00 00 00 00 00 00 00 00 ;"....................";20;;COM3;;
1580;27/08/2026 13:42:58;IRP_MJ_DEVICE_CONTROL (IOCTL_SERIAL_WAIT_ON_MASK);DOWN;;;"";;;COM3;;
1581;27/08/2026 13:42:58;IRP_MJ_DEVICE_CONTROL (IOCTL_SERIAL_WAIT_ON_MASK);UP;STATUS_SUCCESS;01 00 00 00 ;"....";4;;COM3;;
1582;27/08/2026 13:42:58;IRP_MJ_DEVICE_CONTROL (IOCTL_SERIAL_GET_COMMSTATUS);DOWN;;;"";;;COM3;;
1583;27/08/2026 13:42:58;IRP_MJ_DEVICE_CONTROL (IOCTL_SERIAL_GET_COMMSTATUS);UP;STATUS_SUCCESS;00 00 00 00 00 00 00 00 0a 00 00 00 00 00 00 00 00 00 00 00 ;"....................";20;;COM3;;
1584;27/08/2026 13:42:58;IRP_MJ_DEVICE_CONTROL (IOCTL_SERIAL_WAIT_ON_MASK);DOWN;;;"";;;COM3;;
1585;27/08/2026 13:42:58;IRP_MJ_DEVICE_CONTROL (IOCTL_SERIAL_WAIT_ON_MASK);UP;STATUS_SUCCESS;01 00 00 00 ;"....";4;;COM3;;
1586;27/08/2026 13:42:58;IRP_MJ_DEVICE_CONTROL (IOCTL_SERIAL_GET_COMMSTATUS);DOWN;;;"";;;COM3;;
1587;27/08/2026 13:42:58;IRP_MJ_DEVICE_CONTROL (IOCTL_SERIAL_GET_COMMSTATUS);UP;STATUS_SUCCESS;00 00 00 00 00 00 00 00 0b 00 00 00 00 00 00 00 00 00 00 00 ;"....................";20;;COM3;;
1588;27/08/2026 13:42:58;IRP_MJ_DEVICE_CONTROL (IOCTL_SERIAL_WAIT_ON_MASK);DOWN;;;"";;;COM3;;
1589;27/08/2026 13:42:58;IRP_MJ_DEVICE_CONTROL (IOCTL_SERIAL_WAIT_ON_MASK);UP;STATUS_SUCCESS;01 00 00 00 ;"....";4;;COM3;;
1590;27/08/2026 13:42:58;IRP_MJ_DEVICE_CONTROL (IOCTL_SERIAL_GET_COMMSTATUS);DOWN;;;"";;;COM3;;
1591;27/08/2026 13:42:58;IRP_MJ_DEVICE_CONTROL (IOCTL_SERIAL_GET_COMMSTATUS);UP;STATUS_SUCCESS;00 00 00 00 00 00 00 00 0c 00 00 00 00 00 00 00 00 00 00 00 ;"....................";20;;COM3;;
1592;27/08/2026 13:42:58;IRP_MJ_DEVICE_CONTROL (IOCTL_SERIAL_WAIT_ON_MASK);DOWN;;;"";;;COM3;;
1593;27/08/2026 13:42:58;IRP_MJ_DEVICE_CONTROL (IOCTL_SERIAL_WAIT_ON_MASK);UP;STATUS_SUCCESS;01 00 00 00 ;"....";4;;COM3;;
1594;27/08/2026 13:42:58;IRP_MJ_DEVICE_CONTROL (IOCTL_SERIAL_GET_COMMSTATUS);DOWN;;;"";;;COM3;;
1595;27/08/2026 13:42:58;IRP_MJ_DEVICE_CONTROL (IOCTL_SERIAL_GET_COMMSTATUS);UP;STATUS_SUCCESS;00 00 00 00 00 00 00 00 0d 00 00 00 00 00 00 00 00 00 00 00 ;"....................";20;;COM3;;
1596;27/08/2026 13:42:58;IRP_MJ_DEVICE_CONTROL (IOCTL_SERIAL_WAIT_ON_MASK);DOWN;;;"";;;COM3;;
1597;27/08/2026 13:42:58;IRP_MJ_DEVICE_CONTROL (IOCTL_SERIAL_WAIT_ON_MASK);UP;STATUS_SUCCESS;01 00 00 00 ;"....";4;;COM3;;
1598;27/08/2026 13:42:58;IRP_MJ_DEVICE_CONTROL (IOCTL_SERIAL_GET_COMMSTATUS);DOWN;;;"";;;COM3;;
1599;27/08/2026 13:42:58;IRP_MJ_DEVICE_CONTROL (IOCTL_SERIAL_GET_COMMSTATUS);UP;STATUS_SUCCESS;00 00 00 00 00 00 00 00 0e 00 00 00 00 00 00 00 00 00 00 00 ;"....................";20;;COM3;;
1600;27/08/2026 13:42:58;IRP_MJ_DEVICE_CONTROL (IOCTL_SERIAL_WAIT_ON_MASK);DOWN;;;"";;;COM3;;
1601;27/08/2026 13:42:58;IRP_MJ_DEVICE_CONTROL (IOCTL_SERIAL_GET_COMMSTATUS);DOWN;;;"";;;COM3;;
1602;27/08/2026 13:42:58;IRP_MJ_DEVICE_CONTROL (IOCTL_SERIAL_GET_COMMSTATUS);UP;STATUS_SUCCESS;00 00 00 00 00 00 00 00 0e 00 00 00 00 00 00 00 00 00 00 00 ;"....................";20;;COM3;;
1603;27/08/2026 13:42:58;IRP_MJ_DEVICE_CONTROL (IOCTL_SERIAL_WAIT_ON_MASK);UP;STATUS_SUCCESS;01 00 00 00 ;"....";4;;COM3;;
1604;27/08/2026 13:42:58;IRP_MJ_DEVICE_CONTROL (IOCTL_SERIAL_GET_COMMSTATUS);DOWN;;;"";;;COM3;;
1605;27/08/2026 13:42:58;IRP_MJ_DEVICE_CONTROL (IOCTL_SERIAL_GET_COMMSTATUS);UP;STATUS_SUCCESS;00 00 00 00 00 00 00 00 0f 00 00 00 00 00 00 00 00 00 00 00 ;"....................";20;;COM3;;
1606;27/08/2026 13:42:58;IRP_MJ_DEVICE_CONTROL (IOCTL_SERIAL_WAIT_ON_MASK);DOWN;;;"";;;COM3;;
1607;27/08/2026 13:42:58;IRP_MJ_DEVICE_CONTROL (IOCTL_SERIAL_WAIT_ON_MASK);UP;STATUS_SUCCESS;01 00 00 00 ;"....";4;;COM3;;
1608;27/08/2026 13:42:58;IRP_MJ_DEVICE_CONTROL (IOCTL_SERIAL_GET_COMMSTATUS);DOWN;;;"";;;COM3;;
1609;27/08/2026 13:42:58;IRP_MJ_DEVICE_CONTROL (IOCTL_SERIAL_GET_COMMSTATUS);UP;STATUS_SUCCESS;00 00 00 00 00 00 00 00 10 00 00 00 00 00 00 00 00 00 00 00 ;"....................";20;;COM3;;
1610;27/08/2026 13:42:58;IRP_MJ_DEVICE_CONTROL (IOCTL_SERIAL_WAIT_ON_MASK);DOWN;;;"";;;COM3;;
1611;27/08/2026 13:42:58;IRP_MJ_DEVICE_CONTROL (IOCTL_SERIAL_WAIT_ON_MASK);UP;STATUS_SUCCESS;01 00 00 00 ;"....";4;;COM3;;
1612;27/08/2026 13:42:58;IRP_MJ_DEVICE_CONTROL (IOCTL_SERIAL_GET_COMMSTATUS);DOWN;;;"";;;COM3;;
1613;27/08/2026 13:42:58;IRP_MJ_DEVICE_CONTROL (IOCTL_SERIAL_GET_COMMSTATUS);UP;STATUS_SUCCESS;00 00 00 00 00 00 00 00 11 00 00 00 00 00 00 00 00 00 00 00 ;"....................";20;;COM3;;
1614;27/08/2026 13:42:58;IRP_MJ_DEVICE_CONTROL (IOCTL_SERIAL_WAIT_ON_MASK);DOWN;;;"";;;COM3;;
1615;27/08/2026 13:42:58;IRP_MJ_DEVICE_CONTROL (IOCTL_SERIAL_WAIT_ON_MASK);UP;STATUS_SUCCESS;01 00 00 00 ;"....";4;;COM3;;
1616;27/08/2026 13:42:58;IRP_MJ_DEVICE_CONTROL (IOCTL_SERIAL_GET_COMMSTATUS);DOWN;;;"";;;COM3;;
1617;27/08/2026 13:42:58;IRP_MJ_DEVICE_CONTROL (IOCTL_SERIAL_GET_COMMSTATUS);UP;STATUS_SUCCESS;00 00 00 00 00 00 00 00 12 00 00 00 00 00 00 00 00 00 00 00 ;"....................";20;;COM3;;
1618;27/08/2026 13:42:58;IRP_MJ_DEVICE_CONTROL (IOCTL_SERIAL_WAIT_ON_MASK);DOWN;;;"";;;COM3;;
1619;27/08/2026 13:42:58;IRP_MJ_DEVICE_CONTROL (IOCTL_SERIAL_WAIT_ON_MASK);UP;STATUS_SUCCESS;01 00 00 00 ;"....";4;;COM3;;
1620;27/08/2026 13:42:58;IRP_MJ_DEVICE_CONTROL (IOCTL_SERIAL_GET_COMMSTATUS);DOWN;;;"";;;COM3;;
1621;27/08/2026 13:42:58;IRP_MJ_DEVICE_CONTROL (IOCTL_SERIAL_GET_COMMSTATUS);UP;STATUS_SUCCESS;00 00 00 00 00 00 00 00 13 00 00 00 00 00 00 00 00 00 00 00 ;"....................";20;;COM3;;
1622;27/08/2026 13:42:58;IRP_MJ_DEVICE_CONTROL (IOCTL_SERIAL_WAIT_ON_MASK);DOWN;;;"";;;COM3;;
1623;27/08/2026 13:42:58;IRP_MJ_DEVICE_CONTROL (IOCTL_SERIAL_GET_COMMSTATUS);DOWN;;;"";;;COM3;;
1624;27/08/2026 13:42:58;IRP_MJ_DEVICE_CONTROL (IOCTL_SERIAL_GET_COMMSTATUS);UP;STATUS_SUCCESS;00 00 00 00 00 00 00 00 13 00 00 00 00 00 00 00 00 00 00 00 ;"....................";20;;COM3;;
1625;27/08/2026 13:42:58;IRP_MJ_DEVICE_CONTROL (IOCTL_SERIAL_GET_COMMSTATUS);DOWN;;;"";;;COM3;;
1626;27/08/2026 13:42:58;IRP_MJ_DEVICE_CONTROL (IOCTL_SERIAL_GET_COMMSTATUS);UP;STATUS_SUCCESS;00 00 00 00 00 00 00 00 13 00 00 00 00 00 00 00 00 00 00 00 ;"....................";20;;COM3;;
1627;27/08/2026 13:42:58;IRP_MJ_READ;DOWN;;;"";;19;COM3;;
1628;27/08/2026 13:42:58;IRP_MJ_READ;UP;STATUS_SUCCESS;04 03 0e 50 56 07 08 ff ff ff ff 27 75 13 29 28 ae 4b c9 ;"...PV..ˇˇˇˇ'u.)(ÆK…";19;;COM3;;
1629;27/08/2026 13:42:58;IRP_MJ_DEVICE_CONTROL (IOCTL_SERIAL_SET_WAIT_MASK);DOWN;;00 00 00 00 ;"....";4;;COM3;;
1630;27/08/2026 13:42:58;IRP_MJ_DEVICE_CONTROL (IOCTL_SERIAL_WAIT_ON_MASK);UP;STATUS_SUCCESS;00 00 00 00 ;"....";4;;COM3;;
1631;27/08/2026 13:42:58;IRP_MJ_DEVICE_CONTROL (IOCTL_SERIAL_SET_WAIT_MASK);UP;STATUS_SUCCESS;;"";;;COM3;;
1632;27/08/2026 13:42:58;IRP_MJ_DEVICE_CONTROL (IOCTL_SERIAL_CLR_DTR);DOWN;;;"";;;COM3;;
1633;27/08/2026 13:42:58;IRP_MJ_DEVICE_CONTROL (IOCTL_SERIAL_CLR_DTR);UP;STATUS_SUCCESS;;"";;;COM3;;
1634;27/08/2026 13:42:58;IRP_MJ_DEVICE_CONTROL (IOCTL_SERIAL_PURGE);DOWN;;0a 00 00 00 ;"....";4;;COM3;;
1635;27/08/2026 13:42:58;IRP_MJ_DEVICE_CONTROL (IOCTL_SERIAL_PURGE);UP;STATUS_SUCCESS;;"";;;COM3;;
1636;27/08/2026 13:42:58;IRP_MJ_DEVICE_CONTROL (IOCTL_SERIAL_PURGE);DOWN;;05 00 00 00 ;"....";4;;COM3;;
1637;27/08/2026 13:42:58;IRP_MJ_DEVICE_CONTROL (IOCTL_SERIAL_PURGE);UP;STATUS_SUCCESS;;"";;;COM3;;
1638;27/08/2026 13:42:58;IRP_MJ_CLOSE;DOWN;;;"";;;COM3;;
1639;27/08/2026 13:42:58;IRP_MJ_CLOSE;UP;STATUS_SUCCESS;;"";;;COM3;;
1640;27/08/2026 13:42:58;IRP_MJ_CREATE;DOWN;;;"C:\Program Files (x86)\CC\SolarPowerMonitor\SolarMonitor.exe";;;COM3;;
1641;27/08/2026 13:42:58;IRP_MJ_CREATE;UP;STATUS_SUCCESS;;"C:\Program Files (x86)\CC\SolarPowerMonitor\SolarMonitor.exe";;;COM3;;
1642;27/08/2026 13:42:58;IRP_MJ_DEVICE_CONTROL (IOCTL_SERIAL_GET_PROPERTIES);DOWN;;;"";;;COM3;;
1643;27/08/2026 13:42:58;IRP_MJ_DEVICE_CONTROL (IOCTL_SERIAL_GET_PROPERTIES);UP;STATUS_SUCCESS;40 00 02 00 01 00 00 00 00 00 00 00 00 00 00 00 00 00 00 00 00 00 00 10 01 00 00 00 ff 00 00 00 7f 00 00 00 ff ff 07 10 0f 00 07 1f 00 00 00 00 d8 0c 01 00 00 00 00 00 23 55 48 43 00 00 00 00 ;"@...........................ˇ......ˇˇ..........ÿ.......#UHC....";64;;COM3;;
1644;27/08/2026 13:42:58;IRP_MJ_DEVICE_CONTROL (IOCTL_SERIAL_GET_MODEMSTATUS);DOWN;;;"";;;COM3;;
1645;27/08/2026 13:42:58;IRP_MJ_DEVICE_CONTROL (IOCTL_SERIAL_GET_MODEMSTATUS);UP;STATUS_SUCCESS;00 00 00 00 ;"....";4;;COM3;;
1646;27/08/2026 13:42:58;IRP_MJ_DEVICE_CONTROL (IOCTL_SERIAL_GET_BAUD_RATE);DOWN;;;"";;;COM3;;
1647;27/08/2026 13:42:58;IRP_MJ_DEVICE_CONTROL (IOCTL_SERIAL_GET_BAUD_RATE);UP;STATUS_SUCCESS;00 4b 00 00 ;".K..";4;;COM3;;
1648;27/08/2026 13:42:58;IRP_MJ_DEVICE_CONTROL (IOCTL_SERIAL_GET_LINE_CONTROL);DOWN;;;"";;;COM3;;
1649;27/08/2026 13:42:58;IRP_MJ_DEVICE_CONTROL (IOCTL_SERIAL_GET_LINE_CONTROL);UP;STATUS_SUCCESS;00 00 08 ;"...";3;;COM3;;
1650;27/08/2026 13:42:58;IRP_MJ_DEVICE_CONTROL (IOCTL_SERIAL_GET_CHARS);DOWN;;;"";;;COM3;;
1651;27/08/2026 13:42:58;IRP_MJ_DEVICE_CONTROL (IOCTL_SERIAL_GET_CHARS);UP;STATUS_SUCCESS;1a 00 00 1a 11 13 ;"......";6;;COM3;;
1652;27/08/2026 13:42:58;IRP_MJ_DEVICE_CONTROL (IOCTL_SERIAL_GET_HANDFLOW);DOWN;;;"";;;COM3;;
1653;27/08/2026 13:42:58;IRP_MJ_DEVICE_CONTROL (IOCTL_SERIAL_GET_HANDFLOW);UP;STATUS_SUCCESS;00 00 00 00 00 00 00 00 6c 86 00 00 9b 21 00 00 ;"........lÜ..õ!..";16;;COM3;;
1654;27/08/2026 13:42:58;IRP_MJ_DEVICE_CONTROL (IOCTL_SERIAL_GET_BAUD_RATE);DOWN;;;"";;;COM3;;
1655;27/08/2026 13:42:58;IRP_MJ_DEVICE_CONTROL (IOCTL_SERIAL_GET_BAUD_RATE);UP;STATUS_SUCCESS;00 4b 00 00 ;".K..";4;;COM3;;
1656;27/08/2026 13:42:58;IRP_MJ_DEVICE_CONTROL (IOCTL_SERIAL_GET_LINE_CONTROL);DOWN;;;"";;;COM3;;
1657;27/08/2026 13:42:58;IRP_MJ_DEVICE_CONTROL (IOCTL_SERIAL_GET_LINE_CONTROL);UP;STATUS_SUCCESS;00 00 08 ;"...";3;;COM3;;
1658;27/08/2026 13:42:58;IRP_MJ_DEVICE_CONTROL (IOCTL_SERIAL_GET_CHARS);DOWN;;;"";;;COM3;;
1659;27/08/2026 13:42:58;IRP_MJ_DEVICE_CONTROL (IOCTL_SERIAL_GET_CHARS);UP;STATUS_SUCCESS;1a 00 00 1a 11 13 ;"......";6;;COM3;;
1660;27/08/2026 13:42:58;IRP_MJ_DEVICE_CONTROL (IOCTL_SERIAL_GET_HANDFLOW);DOWN;;;"";;;COM3;;
1661;27/08/2026 13:42:58;IRP_MJ_DEVICE_CONTROL (IOCTL_SERIAL_GET_HANDFLOW);UP;STATUS_SUCCESS;00 00 00 00 00 00 00 00 6c 86 00 00 9b 21 00 00 ;"........lÜ..õ!..";16;;COM3;;
1662;27/08/2026 13:42:58;IRP_MJ_DEVICE_CONTROL (IOCTL_SERIAL_SET_BAUD_RATE);DOWN;;00 4b 00 00 ;".K..";4;;COM3;;
1663;27/08/2026 13:42:58;IRP_MJ_DEVICE_CONTROL (IOCTL_SERIAL_SET_BAUD_RATE);UP;STATUS_SUCCESS;;"";;;COM3;;
1664;27/08/2026 13:42:58;IRP_MJ_DEVICE_CONTROL (IOCTL_SERIAL_CLR_RTS);DOWN;;;"";;;COM3;;
1665;27/08/2026 13:42:58;IRP_MJ_DEVICE_CONTROL (IOCTL_SERIAL_CLR_RTS);UP;STATUS_SUCCESS;;"";;;COM3;;
1666;27/08/2026 13:42:58;IRP_MJ_DEVICE_CONTROL (IOCTL_SERIAL_CLR_DTR);DOWN;;;"";;;COM3;;
1667;27/08/2026 13:42:58;IRP_MJ_DEVICE_CONTROL (IOCTL_SERIAL_CLR_DTR);UP;STATUS_SUCCESS;;"";;;COM3;;
1668;27/08/2026 13:42:58;IRP_MJ_DEVICE_CONTROL (IOCTL_SERIAL_SET_LINE_CONTROL);DOWN;;00 00 08 ;"...";3;;COM3;;
1669;27/08/2026 13:42:58;IRP_MJ_DEVICE_CONTROL (IOCTL_SERIAL_SET_LINE_CONTROL);UP;STATUS_SUCCESS;;"";;;COM3;;
1670;27/08/2026 13:42:58;IRP_MJ_DEVICE_CONTROL (IOCTL_SERIAL_SET_CHARS);DOWN;;1a 00 00 1a 11 13 ;"......";6;;COM3;;
1671;27/08/2026 13:42:58;IRP_MJ_DEVICE_CONTROL (IOCTL_SERIAL_SET_CHARS);UP;STATUS_SUCCESS;;"";;;COM3;;
1672;27/08/2026 13:42:58;IRP_MJ_DEVICE_CONTROL (IOCTL_SERIAL_SET_HANDFLOW);DOWN;;00 00 00 00 00 00 00 00 36 43 00 00 36 43 00 00 ;"........6C..6C..";16;;COM3;;
1673;27/08/2026 13:42:58;IRP_MJ_DEVICE_CONTROL (IOCTL_SERIAL_SET_HANDFLOW);UP;STATUS_SUCCESS;;"";;;COM3;;
1674;27/08/2026 13:42:58;IRP_MJ_DEVICE_CONTROL (IOCTL_SERIAL_GET_BAUD_RATE);DOWN;;;"";;;COM3;;
1675;27/08/2026 13:42:58;IRP_MJ_DEVICE_CONTROL (IOCTL_SERIAL_GET_BAUD_RATE);UP;STATUS_SUCCESS;00 4b 00 00 ;".K..";4;;COM3;;
1676;27/08/2026 13:42:58;IRP_MJ_DEVICE_CONTROL (IOCTL_SERIAL_GET_LINE_CONTROL);DOWN;;;"";;;COM3;;
1677;27/08/2026 13:42:58;IRP_MJ_DEVICE_CONTROL (IOCTL_SERIAL_GET_LINE_CONTROL);UP;STATUS_SUCCESS;00 00 08 ;"...";3;;COM3;;
1678;27/08/2026 13:42:58;IRP_MJ_DEVICE_CONTROL (IOCTL_SERIAL_GET_CHARS);DOWN;;;"";;;COM3;;
1679;27/08/2026 13:42:58;IRP_MJ_DEVICE_CONTROL (IOCTL_SERIAL_GET_CHARS);UP;STATUS_SUCCESS;1a 00 00 1a 11 13 ;"......";6;;COM3;;
1680;27/08/2026 13:42:58;IRP_MJ_DEVICE_CONTROL (IOCTL_SERIAL_GET_HANDFLOW);DOWN;;;"";;;COM3;;
1681;27/08/2026 13:42:58;IRP_MJ_DEVICE_CONTROL (IOCTL_SERIAL_GET_HANDFLOW);UP;STATUS_SUCCESS;00 00 00 00 00 00 00 00 36 43 00 00 36 43 00 00 ;"........6C..6C..";16;;COM3;;
1682;27/08/2026 13:42:58;IRP_MJ_DEVICE_CONTROL (IOCTL_SERIAL_SET_BAUD_RATE);DOWN;;00 4b 00 00 ;".K..";4;;COM3;;
1683;27/08/2026 13:42:58;IRP_MJ_DEVICE_CONTROL (IOCTL_SERIAL_SET_BAUD_RATE);UP;STATUS_SUCCESS;;"";;;COM3;;
1684;27/08/2026 13:42:58;IRP_MJ_DEVICE_CONTROL (IOCTL_SERIAL_CLR_RTS);DOWN;;;"";;;COM3;;
1685;27/08/2026 13:42:58;IRP_MJ_DEVICE_CONTROL (IOCTL_SERIAL_CLR_RTS);UP;STATUS_SUCCESS;;"";;;COM3;;
1686;27/08/2026 13:42:58;IRP_MJ_DEVICE_CONTROL (IOCTL_SERIAL_CLR_DTR);DOWN;;;"";;;COM3;;
1687;27/08/2026 13:42:58;IRP_MJ_DEVICE_CONTROL (IOCTL_SERIAL_CLR_DTR);UP;STATUS_SUCCESS;;"";;;COM3;;
1688;27/08/2026 13:42:58;IRP_MJ_DEVICE_CONTROL (IOCTL_SERIAL_SET_LINE_CONTROL);DOWN;;00 00 08 ;"...";3;;COM3;;
1689;27/08/2026 13:42:58;IRP_MJ_DEVICE_CONTROL (IOCTL_SERIAL_SET_LINE_CONTROL);UP;STATUS_SUCCESS;;"";;;COM3;;
1690;27/08/2026 13:42:58;IRP_MJ_DEVICE_CONTROL (IOCTL_SERIAL_SET_CHARS);DOWN;;1a 00 00 1a 11 13 ;"......";6;;COM3;;
1691;27/08/2026 13:42:58;IRP_MJ_DEVICE_CONTROL (IOCTL_SERIAL_SET_CHARS);UP;STATUS_SUCCESS;;"";;;COM3;;
1692;27/08/2026 13:42:58;IRP_MJ_DEVICE_CONTROL (IOCTL_SERIAL_SET_HANDFLOW);DOWN;;00 00 00 00 00 00 00 00 36 43 00 00 36 43 00 00 ;"........6C..6C..";16;;COM3;;
1693;27/08/2026 13:42:58;IRP_MJ_DEVICE_CONTROL (IOCTL_SERIAL_SET_HANDFLOW);UP;STATUS_SUCCESS;;"";;;COM3;;
1694;27/08/2026 13:42:58;IRP_MJ_DEVICE_CONTROL (IOCTL_SERIAL_CLR_DTR);DOWN;;;"";;;COM3;;
1695;27/08/2026 13:42:58;IRP_MJ_DEVICE_CONTROL (IOCTL_SERIAL_CLR_DTR);UP;STATUS_SUCCESS;;"";;;COM3;;
1696;27/08/2026 13:42:58;IRP_MJ_DEVICE_CONTROL (IOCTL_SERIAL_SET_TIMEOUTS);DOWN;;ff ff ff ff ff ff ff ff fe ff ff ff 00 00 00 00 00 00 00 00 ;"ˇˇˇˇˇˇˇˇ˛ˇˇˇ........";20;;COM3;;
1697;27/08/2026 13:42:58;IRP_MJ_DEVICE_CONTROL (IOCTL_SERIAL_SET_TIMEOUTS);UP;STATUS_SUCCESS;;"";;;COM3;;
1698;27/08/2026 13:42:58;IRP_MJ_DEVICE_CONTROL (IOCTL_SERIAL_SET_WAIT_MASK);DOWN;;fb 01 00 00 ;"˚...";4;;COM3;;
1699;27/08/2026 13:42:58;IRP_MJ_DEVICE_CONTROL (IOCTL_SERIAL_SET_WAIT_MASK);UP;STATUS_SUCCESS;;"";;;COM3;;
1700;27/08/2026 13:42:58;IRP_MJ_DEVICE_CONTROL (IOCTL_SERIAL_SET_QUEUE_SIZE);DOWN;;00 10 00 00 00 08 00 00 ;"........";8;;COM3;;
1701;27/08/2026 13:42:58;IRP_MJ_DEVICE_CONTROL (IOCTL_SERIAL_SET_QUEUE_SIZE);UP;STATUS_SUCCESS;;"";;;COM3;;
1702;27/08/2026 13:42:58;IRP_MJ_DEVICE_CONTROL (IOCTL_SERIAL_WAIT_ON_MASK);DOWN;;;"";;;COM3;;
1703;27/08/2026 13:42:58;IRP_MJ_WRITE;DOWN;;04 03 27 11 00 08 1e e8 ;"..'....Ë";8;8;COM3;;
1704;27/08/2026 13:42:58;IRP_MJ_WRITE;UP;STATUS_SUCCESS;04 03 27 11 00 08 1e e8 ;"..'....Ë";8;;COM3;;
1705;27/08/2026 13:42:58;IRP_MJ_DEVICE_CONTROL (IOCTL_SERIAL_GET_COMMSTATUS);DOWN;;;"";;;COM3;;
1706;27/08/2026 13:42:58;IRP_MJ_DEVICE_CONTROL (IOCTL_SERIAL_GET_COMMSTATUS);UP;STATUS_SUCCESS;00 00 00 00 00 00 00 00 00 00 00 00 00 00 00 00 00 00 00 00 ;"....................";20;;COM3;;
1707;27/08/2026 13:42:58;IRP_MJ_DEVICE_CONTROL (IOCTL_SERIAL_GET_COMMSTATUS);DOWN;;;"";;;COM3;;
1708;27/08/2026 13:42:58;IRP_MJ_DEVICE_CONTROL (IOCTL_SERIAL_GET_COMMSTATUS);UP;STATUS_SUCCESS;00 00 00 00 00 00 00 00 00 00 00 00 00 00 00 00 00 00 00 00 ;"....................";20;;COM3;;
1709;27/08/2026 13:42:58;IRP_MJ_DEVICE_CONTROL (IOCTL_SERIAL_GET_COMMSTATUS);DOWN;;;"";;;COM3;;
1710;27/08/2026 13:42:58;IRP_MJ_DEVICE_CONTROL (IOCTL_SERIAL_GET_COMMSTATUS);UP;STATUS_SUCCESS;00 00 00 00 00 00 00 00 00 00 00 00 00 00 00 00 00 00 00 00 ;"....................";20;;COM3;;
1711;27/08/2026 13:42:58;IRP_MJ_DEVICE_CONTROL (IOCTL_SERIAL_GET_COMMSTATUS);DOWN;;;"";;;COM3;;
1712;27/08/2026 13:42:58;IRP_MJ_DEVICE_CONTROL (IOCTL_SERIAL_GET_COMMSTATUS);UP;STATUS_SUCCESS;00 00 00 00 00 00 00 00 00 00 00 00 00 00 00 00 00 00 00 00 ;"....................";20;;COM3;;
1713;27/08/2026 13:42:58;IRP_MJ_DEVICE_CONTROL (IOCTL_SERIAL_GET_COMMSTATUS);DOWN;;;"";;;COM3;;
1714;27/08/2026 13:42:58;IRP_MJ_DEVICE_CONTROL (IOCTL_SERIAL_GET_COMMSTATUS);UP;STATUS_SUCCESS;00 00 00 00 00 00 00 00 00 00 00 00 00 00 00 00 00 00 00 00 ;"....................";20;;COM3;;
1715;27/08/2026 13:42:58;IRP_MJ_DEVICE_CONTROL (IOCTL_SERIAL_GET_COMMSTATUS);DOWN;;;"";;;COM3;;
1716;27/08/2026 13:42:58;IRP_MJ_DEVICE_CONTROL (IOCTL_SERIAL_GET_COMMSTATUS);UP;STATUS_SUCCESS;00 00 00 00 00 00 00 00 00 00 00 00 00 00 00 00 00 00 00 00 ;"....................";20;;COM3;;
1717;27/08/2026 13:42:58;IRP_MJ_DEVICE_CONTROL (IOCTL_SERIAL_GET_COMMSTATUS);DOWN;;;"";;;COM3;;
1718;27/08/2026 13:42:58;IRP_MJ_DEVICE_CONTROL (IOCTL_SERIAL_GET_COMMSTATUS);UP;STATUS_SUCCESS;00 00 00 00 00 00 00 00 00 00 00 00 00 00 00 00 00 00 00 00 ;"....................";20;;COM3;;
1719;27/08/2026 13:42:58;IRP_MJ_DEVICE_CONTROL (IOCTL_SERIAL_GET_COMMSTATUS);DOWN;;;"";;;COM3;;
1720;27/08/2026 13:42:58;IRP_MJ_DEVICE_CONTROL (IOCTL_SERIAL_GET_COMMSTATUS);UP;STATUS_SUCCESS;00 00 00 00 00 00 00 00 00 00 00 00 00 00 00 00 00 00 00 00 ;"....................";20;;COM3;;
1721;27/08/2026 13:42:58;IRP_MJ_DEVICE_CONTROL (IOCTL_SERIAL_GET_COMMSTATUS);DOWN;;;"";;;COM3;;
1722;27/08/2026 13:42:58;IRP_MJ_DEVICE_CONTROL (IOCTL_SERIAL_GET_COMMSTATUS);UP;STATUS_SUCCESS;00 00 00 00 00 00 00 00 00 00 00 00 00 00 00 00 00 00 00 00 ;"....................";20;;COM3;;
1723;27/08/2026 13:42:58;IRP_MJ_DEVICE_CONTROL (IOCTL_SERIAL_GET_COMMSTATUS);DOWN;;;"";;;COM3;;
1724;27/08/2026 13:42:58;IRP_MJ_DEVICE_CONTROL (IOCTL_SERIAL_GET_COMMSTATUS);UP;STATUS_SUCCESS;00 00 00 00 00 00 00 00 00 00 00 00 00 00 00 00 00 00 00 00 ;"....................";20;;COM3;;
1725;27/08/2026 13:42:58;IRP_MJ_DEVICE_CONTROL (IOCTL_SERIAL_GET_COMMSTATUS);DOWN;;;"";;;COM3;;
1726;27/08/2026 13:42:58;IRP_MJ_DEVICE_CONTROL (IOCTL_SERIAL_GET_COMMSTATUS);UP;STATUS_SUCCESS;00 00 00 00 00 00 00 00 00 00 00 00 00 00 00 00 00 00 00 00 ;"....................";20;;COM3;;
1727;27/08/2026 13:42:58;IRP_MJ_DEVICE_CONTROL (IOCTL_SERIAL_GET_COMMSTATUS);DOWN;;;"";;;COM3;;
1728;27/08/2026 13:42:58;IRP_MJ_DEVICE_CONTROL (IOCTL_SERIAL_GET_COMMSTATUS);UP;STATUS_SUCCESS;00 00 00 00 00 00 00 00 00 00 00 00 00 00 00 00 00 00 00 00 ;"....................";20;;COM3;;
1729;27/08/2026 13:42:58;IRP_MJ_DEVICE_CONTROL (IOCTL_SERIAL_WAIT_ON_MASK);UP;STATUS_SUCCESS;01 00 00 00 ;"....";4;;COM3;;
1730;27/08/2026 13:42:58;IRP_MJ_DEVICE_CONTROL (IOCTL_SERIAL_GET_COMMSTATUS);DOWN;;;"";;;COM3;;
1731;27/08/2026 13:42:58;IRP_MJ_DEVICE_CONTROL (IOCTL_SERIAL_GET_COMMSTATUS);UP;STATUS_SUCCESS;00 00 00 00 00 00 00 00 01 00 00 00 00 00 00 00 00 00 00 00 ;"....................";20;;COM3;;
1732;27/08/2026 13:42:58;IRP_MJ_DEVICE_CONTROL (IOCTL_SERIAL_WAIT_ON_MASK);DOWN;;;"";;;COM3;;
1733;27/08/2026 13:42:58;IRP_MJ_DEVICE_CONTROL (IOCTL_SERIAL_WAIT_ON_MASK);UP;STATUS_SUCCESS;01 00 00 00 ;"....";4;;COM3;;
1734;27/08/2026 13:42:58;IRP_MJ_DEVICE_CONTROL (IOCTL_SERIAL_GET_COMMSTATUS);DOWN;;;"";;;COM3;;
1735;27/08/2026 13:42:58;IRP_MJ_DEVICE_CONTROL (IOCTL_SERIAL_GET_COMMSTATUS);UP;STATUS_SUCCESS;00 00 00 00 00 00 00 00 02 00 00 00 00 00 00 00 00 00 00 00 ;"....................";20;;COM3;;
1736;27/08/2026 13:42:58;IRP_MJ_DEVICE_CONTROL (IOCTL_SERIAL_WAIT_ON_MASK);DOWN;;;"";;;COM3;;
1737;27/08/2026 13:42:58;IRP_MJ_DEVICE_CONTROL (IOCTL_SERIAL_WAIT_ON_MASK);UP;STATUS_SUCCESS;01 00 00 00 ;"....";4;;COM3;;
1738;27/08/2026 13:42:58;IRP_MJ_DEVICE_CONTROL (IOCTL_SERIAL_GET_COMMSTATUS);DOWN;;;"";;;COM3;;
1739;27/08/2026 13:42:58;IRP_MJ_DEVICE_CONTROL (IOCTL_SERIAL_GET_COMMSTATUS);UP;STATUS_SUCCESS;00 00 00 00 00 00 00 00 03 00 00 00 00 00 00 00 00 00 00 00 ;"....................";20;;COM3;;
1740;27/08/2026 13:42:58;IRP_MJ_DEVICE_CONTROL (IOCTL_SERIAL_WAIT_ON_MASK);DOWN;;;"";;;COM3;;
1741;27/08/2026 13:42:58;IRP_MJ_DEVICE_CONTROL (IOCTL_SERIAL_GET_COMMSTATUS);DOWN;;;"";;;COM3;;
1742;27/08/2026 13:42:58;IRP_MJ_DEVICE_CONTROL (IOCTL_SERIAL_GET_COMMSTATUS);UP;STATUS_SUCCESS;00 00 00 00 00 00 00 00 03 00 00 00 00 00 00 00 00 00 00 00 ;"....................";20;;COM3;;
1743;27/08/2026 13:42:58;IRP_MJ_DEVICE_CONTROL (IOCTL_SERIAL_WAIT_ON_MASK);UP;STATUS_SUCCESS;01 00 00 00 ;"....";4;;COM3;;
1744;27/08/2026 13:42:58;IRP_MJ_DEVICE_CONTROL (IOCTL_SERIAL_GET_COMMSTATUS);DOWN;;;"";;;COM3;;
1745;27/08/2026 13:42:58;IRP_MJ_DEVICE_CONTROL (IOCTL_SERIAL_GET_COMMSTATUS);UP;STATUS_SUCCESS;00 00 00 00 00 00 00 00 04 00 00 00 00 00 00 00 00 00 00 00 ;"....................";20;;COM3;;
1746;27/08/2026 13:42:58;IRP_MJ_DEVICE_CONTROL (IOCTL_SERIAL_WAIT_ON_MASK);DOWN;;;"";;;COM3;;
1747;27/08/2026 13:42:58;IRP_MJ_DEVICE_CONTROL (IOCTL_SERIAL_WAIT_ON_MASK);UP;STATUS_SUCCESS;01 00 00 00 ;"....";4;;COM3;;
1748;27/08/2026 13:42:58;IRP_MJ_DEVICE_CONTROL (IOCTL_SERIAL_GET_COMMSTATUS);DOWN;;;"";;;COM3;;
1749;27/08/2026 13:42:58;IRP_MJ_DEVICE_CONTROL (IOCTL_SERIAL_GET_COMMSTATUS);UP;STATUS_SUCCESS;00 00 00 00 00 00 00 00 05 00 00 00 00 00 00 00 00 00 00 00 ;"....................";20;;COM3;;
1750;27/08/2026 13:42:58;IRP_MJ_DEVICE_CONTROL (IOCTL_SERIAL_WAIT_ON_MASK);DOWN;;;"";;;COM3;;
1751;27/08/2026 13:42:58;IRP_MJ_DEVICE_CONTROL (IOCTL_SERIAL_WAIT_ON_MASK);UP;STATUS_SUCCESS;01 00 00 00 ;"....";4;;COM3;;
1752;27/08/2026 13:42:58;IRP_MJ_DEVICE_CONTROL (IOCTL_SERIAL_GET_COMMSTATUS);DOWN;;;"";;;COM3;;
1753;27/08/2026 13:42:58;IRP_MJ_DEVICE_CONTROL (IOCTL_SERIAL_GET_COMMSTATUS);UP;STATUS_SUCCESS;00 00 00 00 00 00 00 00 06 00 00 00 00 00 00 00 00 00 00 00 ;"....................";20;;COM3;;
1754;27/08/2026 13:42:58;IRP_MJ_DEVICE_CONTROL (IOCTL_SERIAL_WAIT_ON_MASK);DOWN;;;"";;;COM3;;
1755;27/08/2026 13:42:58;IRP_MJ_DEVICE_CONTROL (IOCTL_SERIAL_WAIT_ON_MASK);UP;STATUS_SUCCESS;01 00 00 00 ;"....";4;;COM3;;
1756;27/08/2026 13:42:58;IRP_MJ_DEVICE_CONTROL (IOCTL_SERIAL_GET_COMMSTATUS);DOWN;;;"";;;COM3;;
1757;27/08/2026 13:42:58;IRP_MJ_DEVICE_CONTROL (IOCTL_SERIAL_GET_COMMSTATUS);UP;STATUS_SUCCESS;00 00 00 00 00 00 00 00 07 00 00 00 00 00 00 00 00 00 00 00 ;"....................";20;;COM3;;
1758;27/08/2026 13:42:58;IRP_MJ_DEVICE_CONTROL (IOCTL_SERIAL_WAIT_ON_MASK);DOWN;;;"";;;COM3;;
1759;27/08/2026 13:42:58;IRP_MJ_DEVICE_CONTROL (IOCTL_SERIAL_WAIT_ON_MASK);UP;STATUS_SUCCESS;01 00 00 00 ;"....";4;;COM3;;
1760;27/08/2026 13:42:58;IRP_MJ_DEVICE_CONTROL (IOCTL_SERIAL_GET_COMMSTATUS);DOWN;;;"";;;COM3;;
1761;27/08/2026 13:42:58;IRP_MJ_DEVICE_CONTROL (IOCTL_SERIAL_GET_COMMSTATUS);UP;STATUS_SUCCESS;00 00 00 00 00 00 00 00 08 00 00 00 00 00 00 00 00 00 00 00 ;"....................";20;;COM3;;
1762;27/08/2026 13:42:58;IRP_MJ_DEVICE_CONTROL (IOCTL_SERIAL_WAIT_ON_MASK);DOWN;;;"";;;COM3;;
1763;27/08/2026 13:42:58;IRP_MJ_DEVICE_CONTROL (IOCTL_SERIAL_WAIT_ON_MASK);UP;STATUS_SUCCESS;01 00 00 00 ;"....";4;;COM3;;
1764;27/08/2026 13:42:58;IRP_MJ_DEVICE_CONTROL (IOCTL_SERIAL_GET_COMMSTATUS);DOWN;;;"";;;COM3;;
1765;27/08/2026 13:42:58;IRP_MJ_DEVICE_CONTROL (IOCTL_SERIAL_GET_COMMSTATUS);UP;STATUS_SUCCESS;00 00 00 00 00 00 00 00 09 00 00 00 00 00 00 00 00 00 00 00 ;"....................";20;;COM3;;
1766;27/08/2026 13:42:58;IRP_MJ_DEVICE_CONTROL (IOCTL_SERIAL_WAIT_ON_MASK);DOWN;;;"";;;COM3;;
1767;27/08/2026 13:42:58;IRP_MJ_DEVICE_CONTROL (IOCTL_SERIAL_WAIT_ON_MASK);UP;STATUS_SUCCESS;01 00 00 00 ;"....";4;;COM3;;
1768;27/08/2026 13:42:58;IRP_MJ_DEVICE_CONTROL (IOCTL_SERIAL_GET_COMMSTATUS);DOWN;;;"";;;COM3;;
1769;27/08/2026 13:42:58;IRP_MJ_DEVICE_CONTROL (IOCTL_SERIAL_GET_COMMSTATUS);UP;STATUS_SUCCESS;00 00 00 00 00 00 00 00 0a 00 00 00 00 00 00 00 00 00 00 00 ;"....................";20;;COM3;;
1770;27/08/2026 13:42:58;IRP_MJ_DEVICE_CONTROL (IOCTL_SERIAL_WAIT_ON_MASK);DOWN;;;"";;;COM3;;
1771;27/08/2026 13:42:58;IRP_MJ_DEVICE_CONTROL (IOCTL_SERIAL_GET_COMMSTATUS);DOWN;;;"";;;COM3;;
1772;27/08/2026 13:42:58;IRP_MJ_DEVICE_CONTROL (IOCTL_SERIAL_GET_COMMSTATUS);UP;STATUS_SUCCESS;00 00 00 00 00 00 00 00 0a 00 00 00 00 00 00 00 00 00 00 00 ;"....................";20;;COM3;;
1773;27/08/2026 13:42:58;IRP_MJ_DEVICE_CONTROL (IOCTL_SERIAL_WAIT_ON_MASK);UP;STATUS_SUCCESS;01 00 00 00 ;"....";4;;COM3;;
1774;27/08/2026 13:42:58;IRP_MJ_DEVICE_CONTROL (IOCTL_SERIAL_GET_COMMSTATUS);DOWN;;;"";;;COM3;;
1775;27/08/2026 13:42:58;IRP_MJ_DEVICE_CONTROL (IOCTL_SERIAL_GET_COMMSTATUS);UP;STATUS_SUCCESS;00 00 00 00 00 00 00 00 0b 00 00 00 00 00 00 00 00 00 00 00 ;"....................";20;;COM3;;
1776;27/08/2026 13:42:58;IRP_MJ_DEVICE_CONTROL (IOCTL_SERIAL_WAIT_ON_MASK);DOWN;;;"";;;COM3;;
1777;27/08/2026 13:42:58;IRP_MJ_DEVICE_CONTROL (IOCTL_SERIAL_WAIT_ON_MASK);UP;STATUS_SUCCESS;01 00 00 00 ;"....";4;;COM3;;
1778;27/08/2026 13:42:58;IRP_MJ_DEVICE_CONTROL (IOCTL_SERIAL_GET_COMMSTATUS);DOWN;;;"";;;COM3;;
1779;27/08/2026 13:42:58;IRP_MJ_DEVICE_CONTROL (IOCTL_SERIAL_GET_COMMSTATUS);UP;STATUS_SUCCESS;00 00 00 00 00 00 00 00 0c 00 00 00 00 00 00 00 00 00 00 00 ;"....................";20;;COM3;;
1780;27/08/2026 13:42:58;IRP_MJ_DEVICE_CONTROL (IOCTL_SERIAL_WAIT_ON_MASK);DOWN;;;"";;;COM3;;
1781;27/08/2026 13:42:58;IRP_MJ_DEVICE_CONTROL (IOCTL_SERIAL_WAIT_ON_MASK);UP;STATUS_SUCCESS;01 00 00 00 ;"....";4;;COM3;;
1782;27/08/2026 13:42:58;IRP_MJ_DEVICE_CONTROL (IOCTL_SERIAL_GET_COMMSTATUS);DOWN;;;"";;;COM3;;
1783;27/08/2026 13:42:58;IRP_MJ_DEVICE_CONTROL (IOCTL_SERIAL_GET_COMMSTATUS);UP;STATUS_SUCCESS;00 00 00 00 00 00 00 00 0d 00 00 00 00 00 00 00 00 00 00 00 ;"....................";20;;COM3;;
1784;27/08/2026 13:42:58;IRP_MJ_DEVICE_CONTROL (IOCTL_SERIAL_WAIT_ON_MASK);DOWN;;;"";;;COM3;;
1785;27/08/2026 13:42:58;IRP_MJ_DEVICE_CONTROL (IOCTL_SERIAL_WAIT_ON_MASK);UP;STATUS_SUCCESS;01 00 00 00 ;"....";4;;COM3;;
1786;27/08/2026 13:42:58;IRP_MJ_DEVICE_CONTROL (IOCTL_SERIAL_GET_COMMSTATUS);DOWN;;;"";;;COM3;;
1787;27/08/2026 13:42:58;IRP_MJ_DEVICE_CONTROL (IOCTL_SERIAL_GET_COMMSTATUS);UP;STATUS_SUCCESS;00 00 00 00 00 00 00 00 0e 00 00 00 00 00 00 00 00 00 00 00 ;"....................";20;;COM3;;
1788;27/08/2026 13:42:58;IRP_MJ_DEVICE_CONTROL (IOCTL_SERIAL_WAIT_ON_MASK);DOWN;;;"";;;COM3;;
1789;27/08/2026 13:42:58;IRP_MJ_DEVICE_CONTROL (IOCTL_SERIAL_WAIT_ON_MASK);UP;STATUS_SUCCESS;01 00 00 00 ;"....";4;;COM3;;
1790;27/08/2026 13:42:58;IRP_MJ_DEVICE_CONTROL (IOCTL_SERIAL_GET_COMMSTATUS);DOWN;;;"";;;COM3;;
1791;27/08/2026 13:42:58;IRP_MJ_DEVICE_CONTROL (IOCTL_SERIAL_GET_COMMSTATUS);UP;STATUS_SUCCESS;00 00 00 00 00 00 00 00 0f 00 00 00 00 00 00 00 00 00 00 00 ;"....................";20;;COM3;;
1792;27/08/2026 13:42:58;IRP_MJ_DEVICE_CONTROL (IOCTL_SERIAL_WAIT_ON_MASK);DOWN;;;"";;;COM3;;
1793;27/08/2026 13:42:58;IRP_MJ_DEVICE_CONTROL (IOCTL_SERIAL_WAIT_ON_MASK);UP;STATUS_SUCCESS;01 00 00 00 ;"....";4;;COM3;;
1794;27/08/2026 13:42:58;IRP_MJ_DEVICE_CONTROL (IOCTL_SERIAL_GET_COMMSTATUS);DOWN;;;"";;;COM3;;
1795;27/08/2026 13:42:58;IRP_MJ_DEVICE_CONTROL (IOCTL_SERIAL_GET_COMMSTATUS);UP;STATUS_SUCCESS;00 00 00 00 00 00 00 00 10 00 00 00 00 00 00 00 00 00 00 00 ;"....................";20;;COM3;;
1796;27/08/2026 13:42:58;IRP_MJ_DEVICE_CONTROL (IOCTL_SERIAL_WAIT_ON_MASK);DOWN;;;"";;;COM3;;
1797;27/08/2026 13:42:58;IRP_MJ_DEVICE_CONTROL (IOCTL_SERIAL_WAIT_ON_MASK);UP;STATUS_SUCCESS;01 00 00 00 ;"....";4;;COM3;;
1798;27/08/2026 13:42:58;IRP_MJ_DEVICE_CONTROL (IOCTL_SERIAL_GET_COMMSTATUS);DOWN;;;"";;;COM3;;
1799;27/08/2026 13:42:58;IRP_MJ_DEVICE_CONTROL (IOCTL_SERIAL_GET_COMMSTATUS);UP;STATUS_SUCCESS;00 00 00 00 00 00 00 00 11 00 00 00 00 00 00 00 00 00 00 00 ;"....................";20;;COM3;;
1800;27/08/2026 13:42:58;IRP_MJ_DEVICE_CONTROL (IOCTL_SERIAL_WAIT_ON_MASK);DOWN;;;"";;;COM3;;
1801;27/08/2026 13:42:58;IRP_MJ_DEVICE_CONTROL (IOCTL_SERIAL_WAIT_ON_MASK);UP;STATUS_SUCCESS;01 00 00 00 ;"....";4;;COM3;;
1802;27/08/2026 13:42:58;IRP_MJ_DEVICE_CONTROL (IOCTL_SERIAL_GET_COMMSTATUS);DOWN;;;"";;;COM3;;
1803;27/08/2026 13:42:58;IRP_MJ_DEVICE_CONTROL (IOCTL_SERIAL_GET_COMMSTATUS);UP;STATUS_SUCCESS;00 00 00 00 00 00 00 00 12 00 00 00 00 00 00 00 00 00 00 00 ;"....................";20;;COM3;;
1804;27/08/2026 13:42:58;IRP_MJ_DEVICE_CONTROL (IOCTL_SERIAL_GET_COMMSTATUS);DOWN;;;"";;;COM3;;
1805;27/08/2026 13:42:58;IRP_MJ_DEVICE_CONTROL (IOCTL_SERIAL_GET_COMMSTATUS);UP;STATUS_SUCCESS;00 00 00 00 00 00 00 00 12 00 00 00 00 00 00 00 00 00 00 00 ;"....................";20;;COM3;;
1806;27/08/2026 13:42:58;IRP_MJ_DEVICE_CONTROL (IOCTL_SERIAL_WAIT_ON_MASK);DOWN;;;"";;;COM3;;
1807;27/08/2026 13:42:58;IRP_MJ_DEVICE_CONTROL (IOCTL_SERIAL_WAIT_ON_MASK);UP;STATUS_SUCCESS;01 00 00 00 ;"....";4;;COM3;;
1808;27/08/2026 13:42:58;IRP_MJ_DEVICE_CONTROL (IOCTL_SERIAL_GET_COMMSTATUS);DOWN;;;"";;;COM3;;
1809;27/08/2026 13:42:58;IRP_MJ_DEVICE_CONTROL (IOCTL_SERIAL_GET_COMMSTATUS);UP;STATUS_SUCCESS;00 00 00 00 00 00 00 00 13 00 00 00 00 00 00 00 00 00 00 00 ;"....................";20;;COM3;;
1810;27/08/2026 13:42:58;IRP_MJ_DEVICE_CONTROL (IOCTL_SERIAL_WAIT_ON_MASK);DOWN;;;"";;;COM3;;
1811;27/08/2026 13:42:58;IRP_MJ_DEVICE_CONTROL (IOCTL_SERIAL_WAIT_ON_MASK);UP;STATUS_SUCCESS;01 00 00 00 ;"....";4;;COM3;;
1812;27/08/2026 13:42:58;IRP_MJ_DEVICE_CONTROL (IOCTL_SERIAL_GET_COMMSTATUS);DOWN;;;"";;;COM3;;
1813;27/08/2026 13:42:58;IRP_MJ_DEVICE_CONTROL (IOCTL_SERIAL_GET_COMMSTATUS);UP;STATUS_SUCCESS;00 00 00 00 00 00 00 00 14 00 00 00 00 00 00 00 00 00 00 00 ;"....................";20;;COM3;;
1814;27/08/2026 13:42:58;IRP_MJ_DEVICE_CONTROL (IOCTL_SERIAL_WAIT_ON_MASK);DOWN;;;"";;;COM3;;
1815;27/08/2026 13:42:58;IRP_MJ_DEVICE_CONTROL (IOCTL_SERIAL_WAIT_ON_MASK);UP;STATUS_SUCCESS;01 00 00 00 ;"....";4;;COM3;;
1816;27/08/2026 13:42:58;IRP_MJ_DEVICE_CONTROL (IOCTL_SERIAL_GET_COMMSTATUS);DOWN;;;"";;;COM3;;
1817;27/08/2026 13:42:58;IRP_MJ_DEVICE_CONTROL (IOCTL_SERIAL_GET_COMMSTATUS);UP;STATUS_SUCCESS;00 00 00 00 00 00 00 00 15 00 00 00 00 00 00 00 00 00 00 00 ;"....................";20;;COM3;;
1818;27/08/2026 13:42:58;IRP_MJ_DEVICE_CONTROL (IOCTL_SERIAL_WAIT_ON_MASK);DOWN;;;"";;;COM3;;
1819;27/08/2026 13:42:58;IRP_MJ_DEVICE_CONTROL (IOCTL_SERIAL_GET_COMMSTATUS);DOWN;;;"";;;COM3;;
1820;27/08/2026 13:42:58;IRP_MJ_DEVICE_CONTROL (IOCTL_SERIAL_GET_COMMSTATUS);UP;STATUS_SUCCESS;00 00 00 00 00 00 00 00 15 00 00 00 00 00 00 00 00 00 00 00 ;"....................";20;;COM3;;
1821;27/08/2026 13:42:58;IRP_MJ_DEVICE_CONTROL (IOCTL_SERIAL_GET_COMMSTATUS);DOWN;;;"";;;COM3;;
1822;27/08/2026 13:42:58;IRP_MJ_DEVICE_CONTROL (IOCTL_SERIAL_GET_COMMSTATUS);UP;STATUS_SUCCESS;00 00 00 00 00 00 00 00 15 00 00 00 00 00 00 00 00 00 00 00 ;"....................";20;;COM3;;
1823;27/08/2026 13:42:58;IRP_MJ_READ;DOWN;;;"";;21;COM3;;
1824;27/08/2026 13:42:58;IRP_MJ_READ;UP;STATUS_SUCCESS;04 03 10 07 08 00 00 00 00 27 76 03 25 00 00 00 00 00 00 a8 a4 ;".........'v.%......®§";21;;COM3;;
1825;27/08/2026 13:42:59;IRP_MJ_WRITE;DOWN;;04 03 27 77 00 0a 7f 36 ;"..'w..6";8;8;COM3;;
1826;27/08/2026 13:42:59;IRP_MJ_WRITE;UP;STATUS_SUCCESS;04 03 27 77 00 0a 7f 36 ;"..'w..6";8;;COM3;;
1827;27/08/2026 13:42:59;IRP_MJ_DEVICE_CONTROL (IOCTL_SERIAL_GET_COMMSTATUS);DOWN;;;"";;;COM3;;
1828;27/08/2026 13:42:59;IRP_MJ_DEVICE_CONTROL (IOCTL_SERIAL_GET_COMMSTATUS);UP;STATUS_SUCCESS;00 00 00 00 00 00 00 00 00 00 00 00 00 00 00 00 00 00 00 00 ;"....................";20;;COM3;;
1829;27/08/2026 13:42:59;IRP_MJ_DEVICE_CONTROL (IOCTL_SERIAL_GET_COMMSTATUS);DOWN;;;"";;;COM3;;
1830;27/08/2026 13:42:59;IRP_MJ_DEVICE_CONTROL (IOCTL_SERIAL_GET_COMMSTATUS);UP;STATUS_SUCCESS;00 00 00 00 00 00 00 00 00 00 00 00 00 00 00 00 00 00 00 00 ;"....................";20;;COM3;;
1831;27/08/2026 13:42:59;IRP_MJ_DEVICE_CONTROL (IOCTL_SERIAL_GET_COMMSTATUS);DOWN;;;"";;;COM3;;
1832;27/08/2026 13:42:59;IRP_MJ_DEVICE_CONTROL (IOCTL_SERIAL_GET_COMMSTATUS);UP;STATUS_SUCCESS;00 00 00 00 00 00 00 00 00 00 00 00 00 00 00 00 00 00 00 00 ;"....................";20;;COM3;;
1833;27/08/2026 13:42:59;IRP_MJ_DEVICE_CONTROL (IOCTL_SERIAL_GET_COMMSTATUS);DOWN;;;"";;;COM3;;
1834;27/08/2026 13:42:59;IRP_MJ_DEVICE_CONTROL (IOCTL_SERIAL_GET_COMMSTATUS);UP;STATUS_SUCCESS;00 00 00 00 00 00 00 00 00 00 00 00 00 00 00 00 00 00 00 00 ;"....................";20;;COM3;;
1835;27/08/2026 13:42:59;IRP_MJ_DEVICE_CONTROL (IOCTL_SERIAL_GET_COMMSTATUS);DOWN;;;"";;;COM3;;
1836;27/08/2026 13:42:59;IRP_MJ_DEVICE_CONTROL (IOCTL_SERIAL_GET_COMMSTATUS);UP;STATUS_SUCCESS;00 00 00 00 00 00 00 00 00 00 00 00 00 00 00 00 00 00 00 00 ;"....................";20;;COM3;;
1837;27/08/2026 13:42:59;IRP_MJ_DEVICE_CONTROL (IOCTL_SERIAL_GET_COMMSTATUS);DOWN;;;"";;;COM3;;
1838;27/08/2026 13:42:59;IRP_MJ_DEVICE_CONTROL (IOCTL_SERIAL_GET_COMMSTATUS);UP;STATUS_SUCCESS;00 00 00 00 00 00 00 00 00 00 00 00 00 00 00 00 00 00 00 00 ;"....................";20;;COM3;;
1839;27/08/2026 13:42:59;IRP_MJ_DEVICE_CONTROL (IOCTL_SERIAL_GET_COMMSTATUS);DOWN;;;"";;;COM3;;
1840;27/08/2026 13:42:59;IRP_MJ_DEVICE_CONTROL (IOCTL_SERIAL_GET_COMMSTATUS);UP;STATUS_SUCCESS;00 00 00 00 00 00 00 00 00 00 00 00 00 00 00 00 00 00 00 00 ;"....................";20;;COM3;;
1841;27/08/2026 13:42:59;IRP_MJ_DEVICE_CONTROL (IOCTL_SERIAL_GET_COMMSTATUS);DOWN;;;"";;;COM3;;
1842;27/08/2026 13:42:59;IRP_MJ_DEVICE_CONTROL (IOCTL_SERIAL_GET_COMMSTATUS);UP;STATUS_SUCCESS;00 00 00 00 00 00 00 00 00 00 00 00 00 00 00 00 00 00 00 00 ;"....................";20;;COM3;;
1843;27/08/2026 13:42:59;IRP_MJ_DEVICE_CONTROL (IOCTL_SERIAL_GET_COMMSTATUS);DOWN;;;"";;;COM3;;
1844;27/08/2026 13:42:59;IRP_MJ_DEVICE_CONTROL (IOCTL_SERIAL_GET_COMMSTATUS);UP;STATUS_SUCCESS;00 00 00 00 00 00 00 00 00 00 00 00 00 00 00 00 00 00 00 00 ;"....................";20;;COM3;;
1845;27/08/2026 13:42:59;IRP_MJ_DEVICE_CONTROL (IOCTL_SERIAL_GET_COMMSTATUS);DOWN;;;"";;;COM3;;
1846;27/08/2026 13:42:59;IRP_MJ_DEVICE_CONTROL (IOCTL_SERIAL_GET_COMMSTATUS);UP;STATUS_SUCCESS;00 00 00 00 00 00 00 00 00 00 00 00 00 00 00 00 00 00 00 00 ;"....................";20;;COM3;;
1847;27/08/2026 13:42:59;IRP_MJ_DEVICE_CONTROL (IOCTL_SERIAL_GET_COMMSTATUS);DOWN;;;"";;;COM3;;
1848;27/08/2026 13:42:59;IRP_MJ_DEVICE_CONTROL (IOCTL_SERIAL_GET_COMMSTATUS);UP;STATUS_SUCCESS;00 00 00 00 00 00 00 00 00 00 00 00 00 00 00 00 00 00 00 00 ;"....................";20;;COM3;;
1849;27/08/2026 13:42:59;IRP_MJ_DEVICE_CONTROL (IOCTL_SERIAL_GET_COMMSTATUS);DOWN;;;"";;;COM3;;
1850;27/08/2026 13:42:59;IRP_MJ_DEVICE_CONTROL (IOCTL_SERIAL_GET_COMMSTATUS);UP;STATUS_SUCCESS;00 00 00 00 00 00 00 00 00 00 00 00 00 00 00 00 00 00 00 00 ;"....................";20;;COM3;;
1851;27/08/2026 13:42:59;IRP_MJ_DEVICE_CONTROL (IOCTL_SERIAL_WAIT_ON_MASK);UP;STATUS_SUCCESS;01 00 00 00 ;"....";4;;COM3;;
1852;27/08/2026 13:42:59;IRP_MJ_DEVICE_CONTROL (IOCTL_SERIAL_GET_COMMSTATUS);DOWN;;;"";;;COM3;;
1853;27/08/2026 13:42:59;IRP_MJ_DEVICE_CONTROL (IOCTL_SERIAL_GET_COMMSTATUS);UP;STATUS_SUCCESS;00 00 00 00 00 00 00 00 01 00 00 00 00 00 00 00 00 00 00 00 ;"....................";20;;COM3;;
1854;27/08/2026 13:42:59;IRP_MJ_DEVICE_CONTROL (IOCTL_SERIAL_WAIT_ON_MASK);DOWN;;;"";;;COM3;;
1855;27/08/2026 13:42:59;IRP_MJ_DEVICE_CONTROL (IOCTL_SERIAL_WAIT_ON_MASK);UP;STATUS_SUCCESS;01 00 00 00 ;"....";4;;COM3;;
1856;27/08/2026 13:42:59;IRP_MJ_DEVICE_CONTROL (IOCTL_SERIAL_GET_COMMSTATUS);DOWN;;;"";;;COM3;;
1857;27/08/2026 13:42:59;IRP_MJ_DEVICE_CONTROL (IOCTL_SERIAL_GET_COMMSTATUS);UP;STATUS_SUCCESS;00 00 00 00 00 00 00 00 02 00 00 00 00 00 00 00 00 00 00 00 ;"....................";20;;COM3;;
1858;27/08/2026 13:42:59;IRP_MJ_DEVICE_CONTROL (IOCTL_SERIAL_WAIT_ON_MASK);DOWN;;;"";;;COM3;;
1859;27/08/2026 13:42:59;IRP_MJ_DEVICE_CONTROL (IOCTL_SERIAL_WAIT_ON_MASK);UP;STATUS_SUCCESS;01 00 00 00 ;"....";4;;COM3;;
1860;27/08/2026 13:42:59;IRP_MJ_DEVICE_CONTROL (IOCTL_SERIAL_GET_COMMSTATUS);DOWN;;;"";;;COM3;;
1861;27/08/2026 13:42:59;IRP_MJ_DEVICE_CONTROL (IOCTL_SERIAL_GET_COMMSTATUS);UP;STATUS_SUCCESS;00 00 00 00 00 00 00 00 03 00 00 00 00 00 00 00 00 00 00 00 ;"....................";20;;COM3;;
1862;27/08/2026 13:42:59;IRP_MJ_DEVICE_CONTROL (IOCTL_SERIAL_WAIT_ON_MASK);DOWN;;;"";;;COM3;;
1863;27/08/2026 13:42:59;IRP_MJ_DEVICE_CONTROL (IOCTL_SERIAL_WAIT_ON_MASK);UP;STATUS_SUCCESS;01 00 00 00 ;"....";4;;COM3;;
1864;27/08/2026 13:42:59;IRP_MJ_DEVICE_CONTROL (IOCTL_SERIAL_GET_COMMSTATUS);DOWN;;;"";;;COM3;;
1865;27/08/2026 13:42:59;IRP_MJ_DEVICE_CONTROL (IOCTL_SERIAL_GET_COMMSTATUS);UP;STATUS_SUCCESS;00 00 00 00 00 00 00 00 04 00 00 00 00 00 00 00 00 00 00 00 ;"....................";20;;COM3;;
1866;27/08/2026 13:42:59;IRP_MJ_DEVICE_CONTROL (IOCTL_SERIAL_WAIT_ON_MASK);DOWN;;;"";;;COM3;;
1867;27/08/2026 13:42:59;IRP_MJ_DEVICE_CONTROL (IOCTL_SERIAL_GET_COMMSTATUS);DOWN;;;"";;;COM3;;
1868;27/08/2026 13:42:59;IRP_MJ_DEVICE_CONTROL (IOCTL_SERIAL_GET_COMMSTATUS);UP;STATUS_SUCCESS;00 00 00 00 00 00 00 00 04 00 00 00 00 00 00 00 00 00 00 00 ;"....................";20;;COM3;;
1869;27/08/2026 13:42:59;IRP_MJ_DEVICE_CONTROL (IOCTL_SERIAL_WAIT_ON_MASK);UP;STATUS_SUCCESS;01 00 00 00 ;"....";4;;COM3;;
1870;27/08/2026 13:42:59;IRP_MJ_DEVICE_CONTROL (IOCTL_SERIAL_GET_COMMSTATUS);DOWN;;;"";;;COM3;;
1871;27/08/2026 13:42:59;IRP_MJ_DEVICE_CONTROL (IOCTL_SERIAL_GET_COMMSTATUS);UP;STATUS_SUCCESS;00 00 00 00 00 00 00 00 05 00 00 00 00 00 00 00 00 00 00 00 ;"....................";20;;COM3;;
1872;27/08/2026 13:42:59;IRP_MJ_DEVICE_CONTROL (IOCTL_SERIAL_WAIT_ON_MASK);DOWN;;;"";;;COM3;;
1873;27/08/2026 13:42:59;IRP_MJ_DEVICE_CONTROL (IOCTL_SERIAL_WAIT_ON_MASK);UP;STATUS_SUCCESS;01 00 00 00 ;"....";4;;COM3;;
1874;27/08/2026 13:42:59;IRP_MJ_DEVICE_CONTROL (IOCTL_SERIAL_GET_COMMSTATUS);DOWN;;;"";;;COM3;;
1875;27/08/2026 13:42:59;IRP_MJ_DEVICE_CONTROL (IOCTL_SERIAL_GET_COMMSTATUS);UP;STATUS_SUCCESS;00 00 00 00 00 00 00 00 06 00 00 00 00 00 00 00 00 00 00 00 ;"....................";20;;COM3;;
1876;27/08/2026 13:42:59;IRP_MJ_DEVICE_CONTROL (IOCTL_SERIAL_WAIT_ON_MASK);DOWN;;;"";;;COM3;;
1877;27/08/2026 13:42:59;IRP_MJ_DEVICE_CONTROL (IOCTL_SERIAL_WAIT_ON_MASK);UP;STATUS_SUCCESS;01 00 00 00 ;"....";4;;COM3;;
1878;27/08/2026 13:42:59;IRP_MJ_DEVICE_CONTROL (IOCTL_SERIAL_GET_COMMSTATUS);DOWN;;;"";;;COM3;;
1879;27/08/2026 13:42:59;IRP_MJ_DEVICE_CONTROL (IOCTL_SERIAL_GET_COMMSTATUS);UP;STATUS_SUCCESS;00 00 00 00 00 00 00 00 07 00 00 00 00 00 00 00 00 00 00 00 ;"....................";20;;COM3;;
1880;27/08/2026 13:42:59;IRP_MJ_DEVICE_CONTROL (IOCTL_SERIAL_WAIT_ON_MASK);DOWN;;;"";;;COM3;;
1881;27/08/2026 13:42:59;IRP_MJ_DEVICE_CONTROL (IOCTL_SERIAL_WAIT_ON_MASK);UP;STATUS_SUCCESS;01 00 00 00 ;"....";4;;COM3;;
1882;27/08/2026 13:42:59;IRP_MJ_DEVICE_CONTROL (IOCTL_SERIAL_GET_COMMSTATUS);DOWN;;;"";;;COM3;;
1883;27/08/2026 13:42:59;IRP_MJ_DEVICE_CONTROL (IOCTL_SERIAL_GET_COMMSTATUS);UP;STATUS_SUCCESS;00 00 00 00 00 00 00 00 08 00 00 00 00 00 00 00 00 00 00 00 ;"....................";20;;COM3;;
1884;27/08/2026 13:42:59;IRP_MJ_DEVICE_CONTROL (IOCTL_SERIAL_WAIT_ON_MASK);DOWN;;;"";;;COM3;;
1885;27/08/2026 13:42:59;IRP_MJ_DEVICE_CONTROL (IOCTL_SERIAL_WAIT_ON_MASK);UP;STATUS_SUCCESS;01 00 00 00 ;"....";4;;COM3;;
1886;27/08/2026 13:42:59;IRP_MJ_DEVICE_CONTROL (IOCTL_SERIAL_GET_COMMSTATUS);DOWN;;;"";;;COM3;;
1887;27/08/2026 13:42:59;IRP_MJ_DEVICE_CONTROL (IOCTL_SERIAL_GET_COMMSTATUS);UP;STATUS_SUCCESS;00 00 00 00 00 00 00 00 09 00 00 00 00 00 00 00 00 00 00 00 ;"....................";20;;COM3;;
1888;27/08/2026 13:42:59;IRP_MJ_DEVICE_CONTROL (IOCTL_SERIAL_WAIT_ON_MASK);DOWN;;;"";;;COM3;;
1889;27/08/2026 13:42:59;IRP_MJ_DEVICE_CONTROL (IOCTL_SERIAL_WAIT_ON_MASK);UP;STATUS_SUCCESS;01 00 00 00 ;"....";4;;COM3;;
1890;27/08/2026 13:42:59;IRP_MJ_DEVICE_CONTROL (IOCTL_SERIAL_GET_COMMSTATUS);DOWN;;;"";;;COM3;;
1891;27/08/2026 13:42:59;IRP_MJ_DEVICE_CONTROL (IOCTL_SERIAL_GET_COMMSTATUS);UP;STATUS_SUCCESS;00 00 00 00 00 00 00 00 0a 00 00 00 00 00 00 00 00 00 00 00 ;"....................";20;;COM3;;
1892;27/08/2026 13:42:59;IRP_MJ_DEVICE_CONTROL (IOCTL_SERIAL_WAIT_ON_MASK);DOWN;;;"";;;COM3;;
1893;27/08/2026 13:42:59;IRP_MJ_DEVICE_CONTROL (IOCTL_SERIAL_WAIT_ON_MASK);UP;STATUS_SUCCESS;01 00 00 00 ;"....";4;;COM3;;
1894;27/08/2026 13:42:59;IRP_MJ_DEVICE_CONTROL (IOCTL_SERIAL_GET_COMMSTATUS);DOWN;;;"";;;COM3;;
1895;27/08/2026 13:42:59;IRP_MJ_DEVICE_CONTROL (IOCTL_SERIAL_GET_COMMSTATUS);UP;STATUS_SUCCESS;00 00 00 00 00 00 00 00 0b 00 00 00 00 00 00 00 00 00 00 00 ;"....................";20;;COM3;;
1896;27/08/2026 13:42:59;IRP_MJ_DEVICE_CONTROL (IOCTL_SERIAL_WAIT_ON_MASK);DOWN;;;"";;;COM3;;
1897;27/08/2026 13:42:59;IRP_MJ_DEVICE_CONTROL (IOCTL_SERIAL_GET_COMMSTATUS);DOWN;;;"";;;COM3;;
1898;27/08/2026 13:42:59;IRP_MJ_DEVICE_CONTROL (IOCTL_SERIAL_GET_COMMSTATUS);UP;STATUS_SUCCESS;00 00 00 00 00 00 00 00 0b 00 00 00 00 00 00 00 00 00 00 00 ;"....................";20;;COM3;;
1899;27/08/2026 13:42:59;IRP_MJ_DEVICE_CONTROL (IOCTL_SERIAL_WAIT_ON_MASK);UP;STATUS_SUCCESS;01 00 00 00 ;"....";4;;COM3;;
1900;27/08/2026 13:42:59;IRP_MJ_DEVICE_CONTROL (IOCTL_SERIAL_GET_COMMSTATUS);DOWN;;;"";;;COM3;;
1901;27/08/2026 13:42:59;IRP_MJ_DEVICE_CONTROL (IOCTL_SERIAL_GET_COMMSTATUS);UP;STATUS_SUCCESS;00 00 00 00 00 00 00 00 0c 00 00 00 00 00 00 00 00 00 00 00 ;"....................";20;;COM3;;
1902;27/08/2026 13:42:59;IRP_MJ_DEVICE_CONTROL (IOCTL_SERIAL_WAIT_ON_MASK);DOWN;;;"";;;COM3;;
1903;27/08/2026 13:42:59;IRP_MJ_DEVICE_CONTROL (IOCTL_SERIAL_WAIT_ON_MASK);UP;STATUS_SUCCESS;01 00 00 00 ;"....";4;;COM3;;
1904;27/08/2026 13:42:59;IRP_MJ_DEVICE_CONTROL (IOCTL_SERIAL_GET_COMMSTATUS);DOWN;;;"";;;COM3;;
1905;27/08/2026 13:42:59;IRP_MJ_DEVICE_CONTROL (IOCTL_SERIAL_GET_COMMSTATUS);UP;STATUS_SUCCESS;00 00 00 00 00 00 00 00 0d 00 00 00 00 00 00 00 00 00 00 00 ;"....................";20;;COM3;;
1906;27/08/2026 13:42:59;IRP_MJ_DEVICE_CONTROL (IOCTL_SERIAL_WAIT_ON_MASK);DOWN;;;"";;;COM3;;
1907;27/08/2026 13:42:59;IRP_MJ_DEVICE_CONTROL (IOCTL_SERIAL_WAIT_ON_MASK);UP;STATUS_SUCCESS;01 00 00 00 ;"....";4;;COM3;;
1908;27/08/2026 13:42:59;IRP_MJ_DEVICE_CONTROL (IOCTL_SERIAL_GET_COMMSTATUS);DOWN;;;"";;;COM3;;
1909;27/08/2026 13:42:59;IRP_MJ_DEVICE_CONTROL (IOCTL_SERIAL_GET_COMMSTATUS);UP;STATUS_SUCCESS;00 00 00 00 00 00 00 00 0e 00 00 00 00 00 00 00 00 00 00 00 ;"....................";20;;COM3;;
1910;27/08/2026 13:42:59;IRP_MJ_DEVICE_CONTROL (IOCTL_SERIAL_WAIT_ON_MASK);DOWN;;;"";;;COM3;;
1911;27/08/2026 13:42:59;IRP_MJ_DEVICE_CONTROL (IOCTL_SERIAL_WAIT_ON_MASK);UP;STATUS_SUCCESS;01 00 00 00 ;"....";4;;COM3;;
1912;27/08/2026 13:42:59;IRP_MJ_DEVICE_CONTROL (IOCTL_SERIAL_GET_COMMSTATUS);DOWN;;;"";;;COM3;;
1913;27/08/2026 13:42:59;IRP_MJ_DEVICE_CONTROL (IOCTL_SERIAL_GET_COMMSTATUS);UP;STATUS_SUCCESS;00 00 00 00 00 00 00 00 0f 00 00 00 00 00 00 00 00 00 00 00 ;"....................";20;;COM3;;
1914;27/08/2026 13:42:59;IRP_MJ_DEVICE_CONTROL (IOCTL_SERIAL_WAIT_ON_MASK);DOWN;;;"";;;COM3;;
1915;27/08/2026 13:42:59;IRP_MJ_DEVICE_CONTROL (IOCTL_SERIAL_WAIT_ON_MASK);UP;STATUS_SUCCESS;01 00 00 00 ;"....";4;;COM3;;
1916;27/08/2026 13:42:59;IRP_MJ_DEVICE_CONTROL (IOCTL_SERIAL_GET_COMMSTATUS);DOWN;;;"";;;COM3;;
1917;27/08/2026 13:42:59;IRP_MJ_DEVICE_CONTROL (IOCTL_SERIAL_GET_COMMSTATUS);UP;STATUS_SUCCESS;00 00 00 00 00 00 00 00 10 00 00 00 00 00 00 00 00 00 00 00 ;"....................";20;;COM3;;
1918;27/08/2026 13:42:59;IRP_MJ_DEVICE_CONTROL (IOCTL_SERIAL_WAIT_ON_MASK);DOWN;;;"";;;COM3;;
1919;27/08/2026 13:42:59;IRP_MJ_DEVICE_CONTROL (IOCTL_SERIAL_WAIT_ON_MASK);UP;STATUS_SUCCESS;01 00 00 00 ;"....";4;;COM3;;
1920;27/08/2026 13:42:59;IRP_MJ_DEVICE_CONTROL (IOCTL_SERIAL_GET_COMMSTATUS);DOWN;;;"";;;COM3;;
1921;27/08/2026 13:42:59;IRP_MJ_DEVICE_CONTROL (IOCTL_SERIAL_GET_COMMSTATUS);UP;STATUS_SUCCESS;00 00 00 00 00 00 00 00 11 00 00 00 00 00 00 00 00 00 00 00 ;"....................";20;;COM3;;
1922;27/08/2026 13:42:59;IRP_MJ_DEVICE_CONTROL (IOCTL_SERIAL_WAIT_ON_MASK);DOWN;;;"";;;COM3;;
1923;27/08/2026 13:42:59;IRP_MJ_DEVICE_CONTROL (IOCTL_SERIAL_WAIT_ON_MASK);UP;STATUS_SUCCESS;01 00 00 00 ;"....";4;;COM3;;
1924;27/08/2026 13:42:59;IRP_MJ_DEVICE_CONTROL (IOCTL_SERIAL_GET_COMMSTATUS);DOWN;;;"";;;COM3;;
1925;27/08/2026 13:42:59;IRP_MJ_DEVICE_CONTROL (IOCTL_SERIAL_GET_COMMSTATUS);UP;STATUS_SUCCESS;00 00 00 00 00 00 00 00 12 00 00 00 00 00 00 00 00 00 00 00 ;"....................";20;;COM3;;
1926;27/08/2026 13:42:59;IRP_MJ_DEVICE_CONTROL (IOCTL_SERIAL_WAIT_ON_MASK);DOWN;;;"";;;COM3;;
1927;27/08/2026 13:42:59;IRP_MJ_DEVICE_CONTROL (IOCTL_SERIAL_GET_COMMSTATUS);DOWN;;;"";;;COM3;;
1928;27/08/2026 13:42:59;IRP_MJ_DEVICE_CONTROL (IOCTL_SERIAL_GET_COMMSTATUS);UP;STATUS_SUCCESS;00 00 00 00 00 00 00 00 12 00 00 00 00 00 00 00 00 00 00 00 ;"....................";20;;COM3;;
1929;27/08/2026 13:42:59;IRP_MJ_DEVICE_CONTROL (IOCTL_SERIAL_WAIT_ON_MASK);UP;STATUS_SUCCESS;01 00 00 00 ;"....";4;;COM3;;
1930;27/08/2026 13:42:59;IRP_MJ_DEVICE_CONTROL (IOCTL_SERIAL_GET_COMMSTATUS);DOWN;;;"";;;COM3;;
1931;27/08/2026 13:42:59;IRP_MJ_DEVICE_CONTROL (IOCTL_SERIAL_GET_COMMSTATUS);UP;STATUS_SUCCESS;00 00 00 00 00 00 00 00 13 00 00 00 00 00 00 00 00 00 00 00 ;"....................";20;;COM3;;
1932;27/08/2026 13:42:59;IRP_MJ_DEVICE_CONTROL (IOCTL_SERIAL_WAIT_ON_MASK);DOWN;;;"";;;COM3;;
1933;27/08/2026 13:42:59;IRP_MJ_DEVICE_CONTROL (IOCTL_SERIAL_WAIT_ON_MASK);UP;STATUS_SUCCESS;01 00 00 00 ;"....";4;;COM3;;
1934;27/08/2026 13:42:59;IRP_MJ_DEVICE_CONTROL (IOCTL_SERIAL_GET_COMMSTATUS);DOWN;;;"";;;COM3;;
1935;27/08/2026 13:42:59;IRP_MJ_DEVICE_CONTROL (IOCTL_SERIAL_GET_COMMSTATUS);UP;STATUS_SUCCESS;00 00 00 00 00 00 00 00 14 00 00 00 00 00 00 00 00 00 00 00 ;"....................";20;;COM3;;
1936;27/08/2026 13:42:59;IRP_MJ_DEVICE_CONTROL (IOCTL_SERIAL_WAIT_ON_MASK);DOWN;;;"";;;COM3;;
1937;27/08/2026 13:42:59;IRP_MJ_DEVICE_CONTROL (IOCTL_SERIAL_WAIT_ON_MASK);UP;STATUS_SUCCESS;01 00 00 00 ;"....";4;;COM3;;
1938;27/08/2026 13:42:59;IRP_MJ_DEVICE_CONTROL (IOCTL_SERIAL_GET_COMMSTATUS);DOWN;;;"";;;COM3;;
1939;27/08/2026 13:42:59;IRP_MJ_DEVICE_CONTROL (IOCTL_SERIAL_GET_COMMSTATUS);UP;STATUS_SUCCESS;00 00 00 00 00 00 00 00 15 00 00 00 00 00 00 00 00 00 00 00 ;"....................";20;;COM3;;
1940;27/08/2026 13:42:59;IRP_MJ_DEVICE_CONTROL (IOCTL_SERIAL_WAIT_ON_MASK);DOWN;;;"";;;COM3;;
1941;27/08/2026 13:42:59;IRP_MJ_DEVICE_CONTROL (IOCTL_SERIAL_WAIT_ON_MASK);UP;STATUS_SUCCESS;01 00 00 00 ;"....";4;;COM3;;
1942;27/08/2026 13:42:59;IRP_MJ_DEVICE_CONTROL (IOCTL_SERIAL_GET_COMMSTATUS);DOWN;;;"";;;COM3;;
1943;27/08/2026 13:42:59;IRP_MJ_DEVICE_CONTROL (IOCTL_SERIAL_GET_COMMSTATUS);UP;STATUS_SUCCESS;00 00 00 00 00 00 00 00 16 00 00 00 00 00 00 00 00 00 00 00 ;"....................";20;;COM3;;
1944;27/08/2026 13:42:59;IRP_MJ_DEVICE_CONTROL (IOCTL_SERIAL_WAIT_ON_MASK);DOWN;;;"";;;COM3;;
1945;27/08/2026 13:42:59;IRP_MJ_DEVICE_CONTROL (IOCTL_SERIAL_WAIT_ON_MASK);UP;STATUS_SUCCESS;01 00 00 00 ;"....";4;;COM3;;
1946;27/08/2026 13:42:59;IRP_MJ_DEVICE_CONTROL (IOCTL_SERIAL_GET_COMMSTATUS);DOWN;;;"";;;COM3;;
1947;27/08/2026 13:42:59;IRP_MJ_DEVICE_CONTROL (IOCTL_SERIAL_GET_COMMSTATUS);UP;STATUS_SUCCESS;00 00 00 00 00 00 00 00 17 00 00 00 00 00 00 00 00 00 00 00 ;"....................";20;;COM3;;
1948;27/08/2026 13:42:59;IRP_MJ_DEVICE_CONTROL (IOCTL_SERIAL_WAIT_ON_MASK);DOWN;;;"";;;COM3;;
1949;27/08/2026 13:42:59;IRP_MJ_DEVICE_CONTROL (IOCTL_SERIAL_WAIT_ON_MASK);UP;STATUS_SUCCESS;01 00 00 00 ;"....";4;;COM3;;
1950;27/08/2026 13:42:59;IRP_MJ_DEVICE_CONTROL (IOCTL_SERIAL_GET_COMMSTATUS);DOWN;;;"";;;COM3;;
1951;27/08/2026 13:42:59;IRP_MJ_DEVICE_CONTROL (IOCTL_SERIAL_GET_COMMSTATUS);UP;STATUS_SUCCESS;00 00 00 00 00 00 00 00 18 00 00 00 00 00 00 00 00 00 00 00 ;"....................";20;;COM3;;
1952;27/08/2026 13:42:59;IRP_MJ_DEVICE_CONTROL (IOCTL_SERIAL_WAIT_ON_MASK);DOWN;;;"";;;COM3;;
1953;27/08/2026 13:42:59;IRP_MJ_DEVICE_CONTROL (IOCTL_SERIAL_WAIT_ON_MASK);UP;STATUS_SUCCESS;01 00 00 00 ;"....";4;;COM3;;
1954;27/08/2026 13:42:59;IRP_MJ_DEVICE_CONTROL (IOCTL_SERIAL_GET_COMMSTATUS);DOWN;;;"";;;COM3;;
1955;27/08/2026 13:42:59;IRP_MJ_DEVICE_CONTROL (IOCTL_SERIAL_GET_COMMSTATUS);UP;STATUS_SUCCESS;00 00 00 00 00 00 00 00 19 00 00 00 00 00 00 00 00 00 00 00 ;"....................";20;;COM3;;
1956;27/08/2026 13:42:59;IRP_MJ_DEVICE_CONTROL (IOCTL_SERIAL_WAIT_ON_MASK);DOWN;;;"";;;COM3;;
1957;27/08/2026 13:42:59;IRP_MJ_DEVICE_CONTROL (IOCTL_SERIAL_GET_COMMSTATUS);DOWN;;;"";;;COM3;;
1958;27/08/2026 13:42:59;IRP_MJ_DEVICE_CONTROL (IOCTL_SERIAL_GET_COMMSTATUS);UP;STATUS_SUCCESS;00 00 00 00 00 00 00 00 19 00 00 00 00 00 00 00 00 00 00 00 ;"....................";20;;COM3;;
1959;27/08/2026 13:42:59;IRP_MJ_DEVICE_CONTROL (IOCTL_SERIAL_GET_COMMSTATUS);DOWN;;;"";;;COM3;;
1960;27/08/2026 13:42:59;IRP_MJ_DEVICE_CONTROL (IOCTL_SERIAL_GET_COMMSTATUS);UP;STATUS_SUCCESS;00 00 00 00 00 00 00 00 19 00 00 00 00 00 00 00 00 00 00 00 ;"....................";20;;COM3;;
1961;27/08/2026 13:42:59;IRP_MJ_READ;DOWN;;;"";;25;COM3;;
1962;27/08/2026 13:42:59;IRP_MJ_READ;UP;STATUS_SUCCESS;04 03 14 00 87 00 87 00 55 00 55 00 96 02 58 00 64 00 02 00 c8 00 00 4e 6a ;"....á.á.U.U.ñ.X.d...»..Nj";25;;COM3;;
1963;27/08/2026 13:42:59;IRP_MJ_WRITE;DOWN;;04 03 3b 61 00 15 d8 aa ;"..;a..ÿ™";8;8;COM3;;
1964;27/08/2026 13:42:59;IRP_MJ_WRITE;UP;STATUS_SUCCESS;04 03 3b 61 00 15 d8 aa ;"..;a..ÿ™";8;;COM3;;
1965;27/08/2026 13:42:59;IRP_MJ_DEVICE_CONTROL (IOCTL_SERIAL_GET_COMMSTATUS);DOWN;;;"";;;COM3;;
1966;27/08/2026 13:42:59;IRP_MJ_DEVICE_CONTROL (IOCTL_SERIAL_GET_COMMSTATUS);UP;STATUS_SUCCESS;00 00 00 00 00 00 00 00 00 00 00 00 00 00 00 00 00 00 00 00 ;"....................";20;;COM3;;
1967;27/08/2026 13:42:59;IRP_MJ_DEVICE_CONTROL (IOCTL_SERIAL_GET_COMMSTATUS);DOWN;;;"";;;COM3;;
1968;27/08/2026 13:42:59;IRP_MJ_DEVICE_CONTROL (IOCTL_SERIAL_GET_COMMSTATUS);UP;STATUS_SUCCESS;00 00 00 00 00 00 00 00 00 00 00 00 00 00 00 00 00 00 00 00 ;"....................";20;;COM3;;
1969;27/08/2026 13:42:59;IRP_MJ_DEVICE_CONTROL (IOCTL_SERIAL_GET_COMMSTATUS);DOWN;;;"";;;COM3;;
1970;27/08/2026 13:42:59;IRP_MJ_DEVICE_CONTROL (IOCTL_SERIAL_GET_COMMSTATUS);UP;STATUS_SUCCESS;00 00 00 00 00 00 00 00 00 00 00 00 00 00 00 00 00 00 00 00 ;"....................";20;;COM3;;
1971;27/08/2026 13:42:59;IRP_MJ_DEVICE_CONTROL (IOCTL_SERIAL_GET_COMMSTATUS);DOWN;;;"";;;COM3;;
1972;27/08/2026 13:42:59;IRP_MJ_DEVICE_CONTROL (IOCTL_SERIAL_GET_COMMSTATUS);UP;STATUS_SUCCESS;00 00 00 00 00 00 00 00 00 00 00 00 00 00 00 00 00 00 00 00 ;"....................";20;;COM3;;
1973;27/08/2026 13:42:59;IRP_MJ_DEVICE_CONTROL (IOCTL_SERIAL_GET_COMMSTATUS);DOWN;;;"";;;COM3;;
1974;27/08/2026 13:42:59;IRP_MJ_DEVICE_CONTROL (IOCTL_SERIAL_GET_COMMSTATUS);UP;STATUS_SUCCESS;00 00 00 00 00 00 00 00 00 00 00 00 00 00 00 00 00 00 00 00 ;"....................";20;;COM3;;
1975;27/08/2026 13:42:59;IRP_MJ_DEVICE_CONTROL (IOCTL_SERIAL_GET_COMMSTATUS);DOWN;;;"";;;COM3;;
1976;27/08/2026 13:42:59;IRP_MJ_DEVICE_CONTROL (IOCTL_SERIAL_GET_COMMSTATUS);UP;STATUS_SUCCESS;00 00 00 00 00 00 00 00 00 00 00 00 00 00 00 00 00 00 00 00 ;"....................";20;;COM3;;
1977;27/08/2026 13:42:59;IRP_MJ_DEVICE_CONTROL (IOCTL_SERIAL_GET_COMMSTATUS);DOWN;;;"";;;COM3;;
1978;27/08/2026 13:42:59;IRP_MJ_DEVICE_CONTROL (IOCTL_SERIAL_GET_COMMSTATUS);UP;STATUS_SUCCESS;00 00 00 00 00 00 00 00 00 00 00 00 00 00 00 00 00 00 00 00 ;"....................";20;;COM3;;
1979;27/08/2026 13:42:59;IRP_MJ_DEVICE_CONTROL (IOCTL_SERIAL_GET_COMMSTATUS);DOWN;;;"";;;COM3;;
1980;27/08/2026 13:42:59;IRP_MJ_DEVICE_CONTROL (IOCTL_SERIAL_GET_COMMSTATUS);UP;STATUS_SUCCESS;00 00 00 00 00 00 00 00 00 00 00 00 00 00 00 00 00 00 00 00 ;"....................";20;;COM3;;
1981;27/08/2026 13:42:59;IRP_MJ_DEVICE_CONTROL (IOCTL_SERIAL_GET_COMMSTATUS);DOWN;;;"";;;COM3;;
1982;27/08/2026 13:42:59;IRP_MJ_DEVICE_CONTROL (IOCTL_SERIAL_GET_COMMSTATUS);UP;STATUS_SUCCESS;00 00 00 00 00 00 00 00 00 00 00 00 00 00 00 00 00 00 00 00 ;"....................";20;;COM3;;
1983;27/08/2026 13:42:59;IRP_MJ_DEVICE_CONTROL (IOCTL_SERIAL_GET_COMMSTATUS);DOWN;;;"";;;COM3;;
1984;27/08/2026 13:42:59;IRP_MJ_DEVICE_CONTROL (IOCTL_SERIAL_GET_COMMSTATUS);UP;STATUS_SUCCESS;00 00 00 00 00 00 00 00 00 00 00 00 00 00 00 00 00 00 00 00 ;"....................";20;;COM3;;
1985;27/08/2026 13:42:59;IRP_MJ_DEVICE_CONTROL (IOCTL_SERIAL_GET_COMMSTATUS);DOWN;;;"";;;COM3;;
1986;27/08/2026 13:42:59;IRP_MJ_DEVICE_CONTROL (IOCTL_SERIAL_GET_COMMSTATUS);UP;STATUS_SUCCESS;00 00 00 00 00 00 00 00 00 00 00 00 00 00 00 00 00 00 00 00 ;"....................";20;;COM3;;
1987;27/08/2026 13:42:59;IRP_MJ_DEVICE_CONTROL (IOCTL_SERIAL_GET_COMMSTATUS);DOWN;;;"";;;COM3;;
1988;27/08/2026 13:42:59;IRP_MJ_DEVICE_CONTROL (IOCTL_SERIAL_GET_COMMSTATUS);UP;STATUS_SUCCESS;00 00 00 00 00 00 00 00 00 00 00 00 00 00 00 00 00 00 00 00 ;"....................";20;;COM3;;
1989;27/08/2026 13:42:59;IRP_MJ_DEVICE_CONTROL (IOCTL_SERIAL_WAIT_ON_MASK);UP;STATUS_SUCCESS;01 00 00 00 ;"....";4;;COM3;;
1990;27/08/2026 13:42:59;IRP_MJ_DEVICE_CONTROL (IOCTL_SERIAL_GET_COMMSTATUS);DOWN;;;"";;;COM3;;
1991;27/08/2026 13:42:59;IRP_MJ_DEVICE_CONTROL (IOCTL_SERIAL_GET_COMMSTATUS);UP;STATUS_SUCCESS;00 00 00 00 00 00 00 00 01 00 00 00 00 00 00 00 00 00 00 00 ;"....................";20;;COM3;;
1992;27/08/2026 13:42:59;IRP_MJ_DEVICE_CONTROL (IOCTL_SERIAL_WAIT_ON_MASK);DOWN;;;"";;;COM3;;
1993;27/08/2026 13:42:59;IRP_MJ_DEVICE_CONTROL (IOCTL_SERIAL_WAIT_ON_MASK);UP;STATUS_SUCCESS;01 00 00 00 ;"....";4;;COM3;;
1994;27/08/2026 13:42:59;IRP_MJ_DEVICE_CONTROL (IOCTL_SERIAL_GET_COMMSTATUS);DOWN;;;"";;;COM3;;
1995;27/08/2026 13:42:59;IRP_MJ_DEVICE_CONTROL (IOCTL_SERIAL_GET_COMMSTATUS);UP;STATUS_SUCCESS;00 00 00 00 00 00 00 00 02 00 00 00 00 00 00 00 00 00 00 00 ;"....................";20;;COM3;;
1996;27/08/2026 13:42:59;IRP_MJ_DEVICE_CONTROL (IOCTL_SERIAL_WAIT_ON_MASK);DOWN;;;"";;;COM3;;
1997;27/08/2026 13:42:59;IRP_MJ_DEVICE_CONTROL (IOCTL_SERIAL_WAIT_ON_MASK);UP;STATUS_SUCCESS;01 00 00 00 ;"....";4;;COM3;;
1998;27/08/2026 13:42:59;IRP_MJ_DEVICE_CONTROL (IOCTL_SERIAL_GET_COMMSTATUS);DOWN;;;"";;;COM3;;
1999;27/08/2026 13:42:59;IRP_MJ_DEVICE_CONTROL (IOCTL_SERIAL_GET_COMMSTATUS);UP;STATUS_SUCCESS;00 00 00 00 00 00 00 00 03 00 00 00 00 00 00 00 00 00 00 00 ;"....................";20;;COM3;;
2000;27/08/2026 13:42:59;IRP_MJ_DEVICE_CONTROL (IOCTL_SERIAL_WAIT_ON_MASK);DOWN;;;"";;;COM3;;
2001;27/08/2026 13:42:59;IRP_MJ_DEVICE_CONTROL (IOCTL_SERIAL_GET_COMMSTATUS);DOWN;;;"";;;COM3;;
2002;27/08/2026 13:42:59;IRP_MJ_DEVICE_CONTROL (IOCTL_SERIAL_GET_COMMSTATUS);UP;STATUS_SUCCESS;00 00 00 00 00 00 00 00 03 00 00 00 00 00 00 00 00 00 00 00 ;"....................";20;;COM3;;
2003;27/08/2026 13:42:59;IRP_MJ_DEVICE_CONTROL (IOCTL_SERIAL_WAIT_ON_MASK);UP;STATUS_SUCCESS;01 00 00 00 ;"....";4;;COM3;;
2004;27/08/2026 13:42:59;IRP_MJ_DEVICE_CONTROL (IOCTL_SERIAL_GET_COMMSTATUS);DOWN;;;"";;;COM3;;
2005;27/08/2026 13:42:59;IRP_MJ_DEVICE_CONTROL (IOCTL_SERIAL_GET_COMMSTATUS);UP;STATUS_SUCCESS;00 00 00 00 00 00 00 00 04 00 00 00 00 00 00 00 00 00 00 00 ;"....................";20;;COM3;;
2006;27/08/2026 13:42:59;IRP_MJ_DEVICE_CONTROL (IOCTL_SERIAL_WAIT_ON_MASK);DOWN;;;"";;;COM3;;
2007;27/08/2026 13:42:59;IRP_MJ_DEVICE_CONTROL (IOCTL_SERIAL_WAIT_ON_MASK);UP;STATUS_SUCCESS;01 00 00 00 ;"....";4;;COM3;;
2008;27/08/2026 13:42:59;IRP_MJ_DEVICE_CONTROL (IOCTL_SERIAL_GET_COMMSTATUS);DOWN;;;"";;;COM3;;
2009;27/08/2026 13:42:59;IRP_MJ_DEVICE_CONTROL (IOCTL_SERIAL_GET_COMMSTATUS);UP;STATUS_SUCCESS;00 00 00 00 00 00 00 00 05 00 00 00 00 00 00 00 00 00 00 00 ;"....................";20;;COM3;;
2010;27/08/2026 13:42:59;IRP_MJ_DEVICE_CONTROL (IOCTL_SERIAL_WAIT_ON_MASK);DOWN;;;"";;;COM3;;
2011;27/08/2026 13:42:59;IRP_MJ_DEVICE_CONTROL (IOCTL_SERIAL_WAIT_ON_MASK);UP;STATUS_SUCCESS;01 00 00 00 ;"....";4;;COM3;;
2012;27/08/2026 13:42:59;IRP_MJ_DEVICE_CONTROL (IOCTL_SERIAL_GET_COMMSTATUS);DOWN;;;"";;;COM3;;
2013;27/08/2026 13:42:59;IRP_MJ_DEVICE_CONTROL (IOCTL_SERIAL_GET_COMMSTATUS);UP;STATUS_SUCCESS;00 00 00 00 00 00 00 00 06 00 00 00 00 00 00 00 00 00 00 00 ;"....................";20;;COM3;;
2014;27/08/2026 13:42:59;IRP_MJ_DEVICE_CONTROL (IOCTL_SERIAL_WAIT_ON_MASK);DOWN;;;"";;;COM3;;
2015;27/08/2026 13:42:59;IRP_MJ_DEVICE_CONTROL (IOCTL_SERIAL_WAIT_ON_MASK);UP;STATUS_SUCCESS;01 00 00 00 ;"....";4;;COM3;;
2016;27/08/2026 13:42:59;IRP_MJ_DEVICE_CONTROL (IOCTL_SERIAL_GET_COMMSTATUS);DOWN;;;"";;;COM3;;
2017;27/08/2026 13:42:59;IRP_MJ_DEVICE_CONTROL (IOCTL_SERIAL_GET_COMMSTATUS);UP;STATUS_SUCCESS;00 00 00 00 00 00 00 00 07 00 00 00 00 00 00 00 00 00 00 00 ;"....................";20;;COM3;;
2018;27/08/2026 13:42:59;IRP_MJ_DEVICE_CONTROL (IOCTL_SERIAL_WAIT_ON_MASK);DOWN;;;"";;;COM3;;
2019;27/08/2026 13:42:59;IRP_MJ_DEVICE_CONTROL (IOCTL_SERIAL_WAIT_ON_MASK);UP;STATUS_SUCCESS;01 00 00 00 ;"....";4;;COM3;;
2020;27/08/2026 13:42:59;IRP_MJ_DEVICE_CONTROL (IOCTL_SERIAL_GET_COMMSTATUS);DOWN;;;"";;;COM3;;
2021;27/08/2026 13:42:59;IRP_MJ_DEVICE_CONTROL (IOCTL_SERIAL_GET_COMMSTATUS);UP;STATUS_SUCCESS;00 00 00 00 00 00 00 00 08 00 00 00 00 00 00 00 00 00 00 00 ;"....................";20;;COM3;;
2022;27/08/2026 13:42:59;IRP_MJ_DEVICE_CONTROL (IOCTL_SERIAL_WAIT_ON_MASK);DOWN;;;"";;;COM3;;
2023;27/08/2026 13:42:59;IRP_MJ_DEVICE_CONTROL (IOCTL_SERIAL_WAIT_ON_MASK);UP;STATUS_SUCCESS;01 00 00 00 ;"....";4;;COM3;;
2024;27/08/2026 13:42:59;IRP_MJ_DEVICE_CONTROL (IOCTL_SERIAL_GET_COMMSTATUS);DOWN;;;"";;;COM3;;
2025;27/08/2026 13:42:59;IRP_MJ_DEVICE_CONTROL (IOCTL_SERIAL_GET_COMMSTATUS);UP;STATUS_SUCCESS;00 00 00 00 00 00 00 00 09 00 00 00 00 00 00 00 00 00 00 00 ;"....................";20;;COM3;;
2026;27/08/2026 13:42:59;IRP_MJ_DEVICE_CONTROL (IOCTL_SERIAL_WAIT_ON_MASK);DOWN;;;"";;;COM3;;
2027;27/08/2026 13:42:59;IRP_MJ_DEVICE_CONTROL (IOCTL_SERIAL_WAIT_ON_MASK);UP;STATUS_SUCCESS;01 00 00 00 ;"....";4;;COM3;;
2028;27/08/2026 13:42:59;IRP_MJ_DEVICE_CONTROL (IOCTL_SERIAL_GET_COMMSTATUS);DOWN;;;"";;;COM3;;
2029;27/08/2026 13:42:59;IRP_MJ_DEVICE_CONTROL (IOCTL_SERIAL_GET_COMMSTATUS);UP;STATUS_SUCCESS;00 00 00 00 00 00 00 00 0a 00 00 00 00 00 00 00 00 00 00 00 ;"....................";20;;COM3;;
2030;27/08/2026 13:42:59;IRP_MJ_DEVICE_CONTROL (IOCTL_SERIAL_WAIT_ON_MASK);DOWN;;;"";;;COM3;;
2031;27/08/2026 13:42:59;IRP_MJ_DEVICE_CONTROL (IOCTL_SERIAL_GET_COMMSTATUS);DOWN;;;"";;;COM3;;
2032;27/08/2026 13:42:59;IRP_MJ_DEVICE_CONTROL (IOCTL_SERIAL_GET_COMMSTATUS);UP;STATUS_SUCCESS;00 00 00 00 00 00 00 00 0a 00 00 00 00 00 00 00 00 00 00 00 ;"....................";20;;COM3;;
2033;27/08/2026 13:42:59;IRP_MJ_DEVICE_CONTROL (IOCTL_SERIAL_WAIT_ON_MASK);UP;STATUS_SUCCESS;01 00 00 00 ;"....";4;;COM3;;
2034;27/08/2026 13:42:59;IRP_MJ_DEVICE_CONTROL (IOCTL_SERIAL_GET_COMMSTATUS);DOWN;;;"";;;COM3;;
2035;27/08/2026 13:42:59;IRP_MJ_DEVICE_CONTROL (IOCTL_SERIAL_GET_COMMSTATUS);UP;STATUS_SUCCESS;00 00 00 00 00 00 00 00 0b 00 00 00 00 00 00 00 00 00 00 00 ;"....................";20;;COM3;;
2036;27/08/2026 13:42:59;IRP_MJ_DEVICE_CONTROL (IOCTL_SERIAL_WAIT_ON_MASK);DOWN;;;"";;;COM3;;
2037;27/08/2026 13:42:59;IRP_MJ_DEVICE_CONTROL (IOCTL_SERIAL_WAIT_ON_MASK);UP;STATUS_SUCCESS;01 00 00 00 ;"....";4;;COM3;;
2038;27/08/2026 13:42:59;IRP_MJ_DEVICE_CONTROL (IOCTL_SERIAL_GET_COMMSTATUS);DOWN;;;"";;;COM3;;
2039;27/08/2026 13:42:59;IRP_MJ_DEVICE_CONTROL (IOCTL_SERIAL_GET_COMMSTATUS);UP;STATUS_SUCCESS;00 00 00 00 00 00 00 00 0c 00 00 00 00 00 00 00 00 00 00 00 ;"....................";20;;COM3;;
2040;27/08/2026 13:42:59;IRP_MJ_DEVICE_CONTROL (IOCTL_SERIAL_WAIT_ON_MASK);DOWN;;;"";;;COM3;;
2041;27/08/2026 13:42:59;IRP_MJ_DEVICE_CONTROL (IOCTL_SERIAL_WAIT_ON_MASK);UP;STATUS_SUCCESS;01 00 00 00 ;"....";4;;COM3;;
2042;27/08/2026 13:42:59;IRP_MJ_DEVICE_CONTROL (IOCTL_SERIAL_GET_COMMSTATUS);DOWN;;;"";;;COM3;;
2043;27/08/2026 13:42:59;IRP_MJ_DEVICE_CONTROL (IOCTL_SERIAL_GET_COMMSTATUS);UP;STATUS_SUCCESS;00 00 00 00 00 00 00 00 0d 00 00 00 00 00 00 00 00 00 00 00 ;"....................";20;;COM3;;
2044;27/08/2026 13:42:59;IRP_MJ_DEVICE_CONTROL (IOCTL_SERIAL_WAIT_ON_MASK);DOWN;;;"";;;COM3;;
2045;27/08/2026 13:42:59;IRP_MJ_DEVICE_CONTROL (IOCTL_SERIAL_WAIT_ON_MASK);UP;STATUS_SUCCESS;01 00 00 00 ;"....";4;;COM3;;
2046;27/08/2026 13:42:59;IRP_MJ_DEVICE_CONTROL (IOCTL_SERIAL_GET_COMMSTATUS);DOWN;;;"";;;COM3;;
2047;27/08/2026 13:42:59;IRP_MJ_DEVICE_CONTROL (IOCTL_SERIAL_GET_COMMSTATUS);UP;STATUS_SUCCESS;00 00 00 00 00 00 00 00 0e 00 00 00 00 00 00 00 00 00 00 00 ;"....................";20;;COM3;;
2048;27/08/2026 13:42:59;IRP_MJ_DEVICE_CONTROL (IOCTL_SERIAL_WAIT_ON_MASK);DOWN;;;"";;;COM3;;
2049;27/08/2026 13:42:59;IRP_MJ_DEVICE_CONTROL (IOCTL_SERIAL_WAIT_ON_MASK);UP;STATUS_SUCCESS;01 00 00 00 ;"....";4;;COM3;;
2050;27/08/2026 13:42:59;IRP_MJ_DEVICE_CONTROL (IOCTL_SERIAL_GET_COMMSTATUS);DOWN;;;"";;;COM3;;
2051;27/08/2026 13:42:59;IRP_MJ_DEVICE_CONTROL (IOCTL_SERIAL_GET_COMMSTATUS);UP;STATUS_SUCCESS;00 00 00 00 00 00 00 00 0f 00 00 00 00 00 00 00 00 00 00 00 ;"....................";20;;COM3;;
2052;27/08/2026 13:42:59;IRP_MJ_DEVICE_CONTROL (IOCTL_SERIAL_WAIT_ON_MASK);DOWN;;;"";;;COM3;;
2053;27/08/2026 13:42:59;IRP_MJ_DEVICE_CONTROL (IOCTL_SERIAL_WAIT_ON_MASK);UP;STATUS_SUCCESS;01 00 00 00 ;"....";4;;COM3;;
2054;27/08/2026 13:42:59;IRP_MJ_DEVICE_CONTROL (IOCTL_SERIAL_GET_COMMSTATUS);DOWN;;;"";;;COM3;;
2055;27/08/2026 13:42:59;IRP_MJ_DEVICE_CONTROL (IOCTL_SERIAL_GET_COMMSTATUS);UP;STATUS_SUCCESS;00 00 00 00 00 00 00 00 10 00 00 00 00 00 00 00 00 00 00 00 ;"....................";20;;COM3;;
2056;27/08/2026 13:42:59;IRP_MJ_DEVICE_CONTROL (IOCTL_SERIAL_WAIT_ON_MASK);DOWN;;;"";;;COM3;;
2057;27/08/2026 13:42:59;IRP_MJ_DEVICE_CONTROL (IOCTL_SERIAL_GET_COMMSTATUS);DOWN;;;"";;;COM3;;
2058;27/08/2026 13:42:59;IRP_MJ_DEVICE_CONTROL (IOCTL_SERIAL_GET_COMMSTATUS);UP;STATUS_SUCCESS;00 00 00 00 00 00 00 00 10 00 00 00 00 00 00 00 00 00 00 00 ;"....................";20;;COM3;;
2059;27/08/2026 13:42:59;IRP_MJ_DEVICE_CONTROL (IOCTL_SERIAL_WAIT_ON_MASK);UP;STATUS_SUCCESS;01 00 00 00 ;"....";4;;COM3;;
2060;27/08/2026 13:42:59;IRP_MJ_DEVICE_CONTROL (IOCTL_SERIAL_GET_COMMSTATUS);DOWN;;;"";;;COM3;;
2061;27/08/2026 13:42:59;IRP_MJ_DEVICE_CONTROL (IOCTL_SERIAL_GET_COMMSTATUS);UP;STATUS_SUCCESS;00 00 00 00 00 00 00 00 11 00 00 00 00 00 00 00 00 00 00 00 ;"....................";20;;COM3;;
2062;27/08/2026 13:42:59;IRP_MJ_DEVICE_CONTROL (IOCTL_SERIAL_WAIT_ON_MASK);DOWN;;;"";;;COM3;;
2063;27/08/2026 13:42:59;IRP_MJ_DEVICE_CONTROL (IOCTL_SERIAL_WAIT_ON_MASK);UP;STATUS_SUCCESS;01 00 00 00 ;"....";4;;COM3;;
2064;27/08/2026 13:42:59;IRP_MJ_DEVICE_CONTROL (IOCTL_SERIAL_GET_COMMSTATUS);DOWN;;;"";;;COM3;;
2065;27/08/2026 13:42:59;IRP_MJ_DEVICE_CONTROL (IOCTL_SERIAL_GET_COMMSTATUS);UP;STATUS_SUCCESS;00 00 00 00 00 00 00 00 12 00 00 00 00 00 00 00 00 00 00 00 ;"....................";20;;COM3;;
2066;27/08/2026 13:42:59;IRP_MJ_DEVICE_CONTROL (IOCTL_SERIAL_WAIT_ON_MASK);DOWN;;;"";;;COM3;;
2067;27/08/2026 13:42:59;IRP_MJ_DEVICE_CONTROL (IOCTL_SERIAL_WAIT_ON_MASK);UP;STATUS_SUCCESS;01 00 00 00 ;"....";4;;COM3;;
2068;27/08/2026 13:42:59;IRP_MJ_DEVICE_CONTROL (IOCTL_SERIAL_GET_COMMSTATUS);DOWN;;;"";;;COM3;;
2069;27/08/2026 13:42:59;IRP_MJ_DEVICE_CONTROL (IOCTL_SERIAL_GET_COMMSTATUS);UP;STATUS_SUCCESS;00 00 00 00 00 00 00 00 13 00 00 00 00 00 00 00 00 00 00 00 ;"....................";20;;COM3;;
2070;27/08/2026 13:42:59;IRP_MJ_DEVICE_CONTROL (IOCTL_SERIAL_WAIT_ON_MASK);DOWN;;;"";;;COM3;;
2071;27/08/2026 13:42:59;IRP_MJ_DEVICE_CONTROL (IOCTL_SERIAL_WAIT_ON_MASK);UP;STATUS_SUCCESS;01 00 00 00 ;"....";4;;COM3;;
2072;27/08/2026 13:42:59;IRP_MJ_DEVICE_CONTROL (IOCTL_SERIAL_GET_COMMSTATUS);DOWN;;;"";;;COM3;;
2073;27/08/2026 13:42:59;IRP_MJ_DEVICE_CONTROL (IOCTL_SERIAL_GET_COMMSTATUS);UP;STATUS_SUCCESS;00 00 00 00 00 00 00 00 14 00 00 00 00 00 00 00 00 00 00 00 ;"....................";20;;COM3;;
2074;27/08/2026 13:42:59;IRP_MJ_DEVICE_CONTROL (IOCTL_SERIAL_WAIT_ON_MASK);DOWN;;;"";;;COM3;;
2075;27/08/2026 13:42:59;IRP_MJ_DEVICE_CONTROL (IOCTL_SERIAL_WAIT_ON_MASK);UP;STATUS_SUCCESS;01 00 00 00 ;"....";4;;COM3;;
2076;27/08/2026 13:42:59;IRP_MJ_DEVICE_CONTROL (IOCTL_SERIAL_GET_COMMSTATUS);DOWN;;;"";;;COM3;;
2077;27/08/2026 13:42:59;IRP_MJ_DEVICE_CONTROL (IOCTL_SERIAL_GET_COMMSTATUS);UP;STATUS_SUCCESS;00 00 00 00 00 00 00 00 15 00 00 00 00 00 00 00 00 00 00 00 ;"....................";20;;COM3;;
2078;27/08/2026 13:42:59;IRP_MJ_DEVICE_CONTROL (IOCTL_SERIAL_WAIT_ON_MASK);DOWN;;;"";;;COM3;;
2079;27/08/2026 13:42:59;IRP_MJ_DEVICE_CONTROL (IOCTL_SERIAL_WAIT_ON_MASK);UP;STATUS_SUCCESS;01 00 00 00 ;"....";4;;COM3;;
2080;27/08/2026 13:42:59;IRP_MJ_DEVICE_CONTROL (IOCTL_SERIAL_GET_COMMSTATUS);DOWN;;;"";;;COM3;;
2081;27/08/2026 13:42:59;IRP_MJ_DEVICE_CONTROL (IOCTL_SERIAL_GET_COMMSTATUS);UP;STATUS_SUCCESS;00 00 00 00 00 00 00 00 16 00 00 00 00 00 00 00 00 00 00 00 ;"....................";20;;COM3;;
2082;27/08/2026 13:42:59;IRP_MJ_DEVICE_CONTROL (IOCTL_SERIAL_WAIT_ON_MASK);DOWN;;;"";;;COM3;;
2083;27/08/2026 13:42:59;IRP_MJ_DEVICE_CONTROL (IOCTL_SERIAL_WAIT_ON_MASK);UP;STATUS_SUCCESS;01 00 00 00 ;"....";4;;COM3;;
2084;27/08/2026 13:42:59;IRP_MJ_DEVICE_CONTROL (IOCTL_SERIAL_GET_COMMSTATUS);DOWN;;;"";;;COM3;;
2085;27/08/2026 13:42:59;IRP_MJ_DEVICE_CONTROL (IOCTL_SERIAL_GET_COMMSTATUS);UP;STATUS_SUCCESS;00 00 00 00 00 00 00 00 17 00 00 00 00 00 00 00 00 00 00 00 ;"....................";20;;COM3;;
2086;27/08/2026 13:42:59;IRP_MJ_DEVICE_CONTROL (IOCTL_SERIAL_WAIT_ON_MASK);DOWN;;;"";;;COM3;;
2087;27/08/2026 13:42:59;IRP_MJ_DEVICE_CONTROL (IOCTL_SERIAL_GET_COMMSTATUS);DOWN;;;"";;;COM3;;
2088;27/08/2026 13:42:59;IRP_MJ_DEVICE_CONTROL (IOCTL_SERIAL_GET_COMMSTATUS);UP;STATUS_SUCCESS;00 00 00 00 00 00 00 00 17 00 00 00 00 00 00 00 00 00 00 00 ;"....................";20;;COM3;;
2089;27/08/2026 13:42:59;IRP_MJ_DEVICE_CONTROL (IOCTL_SERIAL_WAIT_ON_MASK);UP;STATUS_SUCCESS;01 00 00 00 ;"....";4;;COM3;;
2090;27/08/2026 13:42:59;IRP_MJ_DEVICE_CONTROL (IOCTL_SERIAL_GET_COMMSTATUS);DOWN;;;"";;;COM3;;
2091;27/08/2026 13:42:59;IRP_MJ_DEVICE_CONTROL (IOCTL_SERIAL_GET_COMMSTATUS);UP;STATUS_SUCCESS;00 00 00 00 00 00 00 00 18 00 00 00 00 00 00 00 00 00 00 00 ;"....................";20;;COM3;;
2092;27/08/2026 13:42:59;IRP_MJ_DEVICE_CONTROL (IOCTL_SERIAL_WAIT_ON_MASK);DOWN;;;"";;;COM3;;
2093;27/08/2026 13:42:59;IRP_MJ_DEVICE_CONTROL (IOCTL_SERIAL_WAIT_ON_MASK);UP;STATUS_SUCCESS;01 00 00 00 ;"....";4;;COM3;;
2094;27/08/2026 13:42:59;IRP_MJ_DEVICE_CONTROL (IOCTL_SERIAL_GET_COMMSTATUS);DOWN;;;"";;;COM3;;
2095;27/08/2026 13:42:59;IRP_MJ_DEVICE_CONTROL (IOCTL_SERIAL_GET_COMMSTATUS);UP;STATUS_SUCCESS;00 00 00 00 00 00 00 00 19 00 00 00 00 00 00 00 00 00 00 00 ;"....................";20;;COM3;;
2096;27/08/2026 13:42:59;IRP_MJ_DEVICE_CONTROL (IOCTL_SERIAL_WAIT_ON_MASK);DOWN;;;"";;;COM3;;
2097;27/08/2026 13:42:59;IRP_MJ_DEVICE_CONTROL (IOCTL_SERIAL_WAIT_ON_MASK);UP;STATUS_SUCCESS;01 00 00 00 ;"....";4;;COM3;;
2098;27/08/2026 13:42:59;IRP_MJ_DEVICE_CONTROL (IOCTL_SERIAL_GET_COMMSTATUS);DOWN;;;"";;;COM3;;
2099;27/08/2026 13:42:59;IRP_MJ_DEVICE_CONTROL (IOCTL_SERIAL_GET_COMMSTATUS);UP;STATUS_SUCCESS;00 00 00 00 00 00 00 00 1a 00 00 00 00 00 00 00 00 00 00 00 ;"....................";20;;COM3;;
2100;27/08/2026 13:42:59;IRP_MJ_DEVICE_CONTROL (IOCTL_SERIAL_WAIT_ON_MASK);DOWN;;;"";;;COM3;;
2101;27/08/2026 13:42:59;IRP_MJ_DEVICE_CONTROL (IOCTL_SERIAL_WAIT_ON_MASK);UP;STATUS_SUCCESS;01 00 00 00 ;"....";4;;COM3;;
2102;27/08/2026 13:42:59;IRP_MJ_DEVICE_CONTROL (IOCTL_SERIAL_GET_COMMSTATUS);DOWN;;;"";;;COM3;;
2103;27/08/2026 13:42:59;IRP_MJ_DEVICE_CONTROL (IOCTL_SERIAL_GET_COMMSTATUS);UP;STATUS_SUCCESS;00 00 00 00 00 00 00 00 1b 00 00 00 00 00 00 00 00 00 00 00 ;"....................";20;;COM3;;
2104;27/08/2026 13:42:59;IRP_MJ_DEVICE_CONTROL (IOCTL_SERIAL_WAIT_ON_MASK);DOWN;;;"";;;COM3;;
2105;27/08/2026 13:42:59;IRP_MJ_DEVICE_CONTROL (IOCTL_SERIAL_WAIT_ON_MASK);UP;STATUS_SUCCESS;01 00 00 00 ;"....";4;;COM3;;
2106;27/08/2026 13:42:59;IRP_MJ_DEVICE_CONTROL (IOCTL_SERIAL_GET_COMMSTATUS);DOWN;;;"";;;COM3;;
2107;27/08/2026 13:42:59;IRP_MJ_DEVICE_CONTROL (IOCTL_SERIAL_GET_COMMSTATUS);UP;STATUS_SUCCESS;00 00 00 00 00 00 00 00 1c 00 00 00 00 00 00 00 00 00 00 00 ;"....................";20;;COM3;;
2108;27/08/2026 13:42:59;IRP_MJ_DEVICE_CONTROL (IOCTL_SERIAL_WAIT_ON_MASK);DOWN;;;"";;;COM3;;
2109;27/08/2026 13:42:59;IRP_MJ_DEVICE_CONTROL (IOCTL_SERIAL_WAIT_ON_MASK);UP;STATUS_SUCCESS;01 00 00 00 ;"....";4;;COM3;;
2110;27/08/2026 13:42:59;IRP_MJ_DEVICE_CONTROL (IOCTL_SERIAL_GET_COMMSTATUS);DOWN;;;"";;;COM3;;
2111;27/08/2026 13:42:59;IRP_MJ_DEVICE_CONTROL (IOCTL_SERIAL_GET_COMMSTATUS);UP;STATUS_SUCCESS;00 00 00 00 00 00 00 00 1d 00 00 00 00 00 00 00 00 00 00 00 ;"....................";20;;COM3;;
2112;27/08/2026 13:42:59;IRP_MJ_DEVICE_CONTROL (IOCTL_SERIAL_WAIT_ON_MASK);DOWN;;;"";;;COM3;;
2113;27/08/2026 13:42:59;IRP_MJ_DEVICE_CONTROL (IOCTL_SERIAL_WAIT_ON_MASK);UP;STATUS_SUCCESS;01 00 00 00 ;"....";4;;COM3;;
2114;27/08/2026 13:42:59;IRP_MJ_DEVICE_CONTROL (IOCTL_SERIAL_GET_COMMSTATUS);DOWN;;;"";;;COM3;;
2115;27/08/2026 13:42:59;IRP_MJ_DEVICE_CONTROL (IOCTL_SERIAL_GET_COMMSTATUS);UP;STATUS_SUCCESS;00 00 00 00 00 00 00 00 1e 00 00 00 00 00 00 00 00 00 00 00 ;"....................";20;;COM3;;
2116;27/08/2026 13:42:59;IRP_MJ_DEVICE_CONTROL (IOCTL_SERIAL_WAIT_ON_MASK);DOWN;;;"";;;COM3;;
2117;27/08/2026 13:42:59;IRP_MJ_DEVICE_CONTROL (IOCTL_SERIAL_GET_COMMSTATUS);DOWN;;;"";;;COM3;;
2118;27/08/2026 13:42:59;IRP_MJ_DEVICE_CONTROL (IOCTL_SERIAL_GET_COMMSTATUS);UP;STATUS_SUCCESS;00 00 00 00 00 00 00 00 1e 00 00 00 00 00 00 00 00 00 00 00 ;"....................";20;;COM3;;
2119;27/08/2026 13:42:59;IRP_MJ_DEVICE_CONTROL (IOCTL_SERIAL_WAIT_ON_MASK);UP;STATUS_SUCCESS;01 00 00 00 ;"....";4;;COM3;;
2120;27/08/2026 13:42:59;IRP_MJ_DEVICE_CONTROL (IOCTL_SERIAL_GET_COMMSTATUS);DOWN;;;"";;;COM3;;
2121;27/08/2026 13:42:59;IRP_MJ_DEVICE_CONTROL (IOCTL_SERIAL_GET_COMMSTATUS);UP;STATUS_SUCCESS;00 00 00 00 00 00 00 00 1f 00 00 00 00 00 00 00 00 00 00 00 ;"....................";20;;COM3;;
2122;27/08/2026 13:42:59;IRP_MJ_DEVICE_CONTROL (IOCTL_SERIAL_WAIT_ON_MASK);DOWN;;;"";;;COM3;;
2123;27/08/2026 13:42:59;IRP_MJ_DEVICE_CONTROL (IOCTL_SERIAL_WAIT_ON_MASK);UP;STATUS_SUCCESS;01 00 00 00 ;"....";4;;COM3;;
2124;27/08/2026 13:42:59;IRP_MJ_DEVICE_CONTROL (IOCTL_SERIAL_GET_COMMSTATUS);DOWN;;;"";;;COM3;;
2125;27/08/2026 13:42:59;IRP_MJ_DEVICE_CONTROL (IOCTL_SERIAL_GET_COMMSTATUS);UP;STATUS_SUCCESS;00 00 00 00 00 00 00 00 20 00 00 00 00 00 00 00 00 00 00 00 ;"........ ...........";20;;COM3;;
2126;27/08/2026 13:42:59;IRP_MJ_DEVICE_CONTROL (IOCTL_SERIAL_WAIT_ON_MASK);DOWN;;;"";;;COM3;;
2127;27/08/2026 13:42:59;IRP_MJ_DEVICE_CONTROL (IOCTL_SERIAL_WAIT_ON_MASK);UP;STATUS_SUCCESS;01 00 00 00 ;"....";4;;COM3;;
2128;27/08/2026 13:42:59;IRP_MJ_DEVICE_CONTROL (IOCTL_SERIAL_GET_COMMSTATUS);DOWN;;;"";;;COM3;;
2129;27/08/2026 13:42:59;IRP_MJ_DEVICE_CONTROL (IOCTL_SERIAL_GET_COMMSTATUS);UP;STATUS_SUCCESS;00 00 00 00 00 00 00 00 21 00 00 00 00 00 00 00 00 00 00 00 ;"........!...........";20;;COM3;;
2130;27/08/2026 13:42:59;IRP_MJ_DEVICE_CONTROL (IOCTL_SERIAL_WAIT_ON_MASK);DOWN;;;"";;;COM3;;
2131;27/08/2026 13:42:59;IRP_MJ_DEVICE_CONTROL (IOCTL_SERIAL_WAIT_ON_MASK);UP;STATUS_SUCCESS;01 00 00 00 ;"....";4;;COM3;;
2132;27/08/2026 13:42:59;IRP_MJ_DEVICE_CONTROL (IOCTL_SERIAL_GET_COMMSTATUS);DOWN;;;"";;;COM3;;
2133;27/08/2026 13:42:59;IRP_MJ_DEVICE_CONTROL (IOCTL_SERIAL_GET_COMMSTATUS);UP;STATUS_SUCCESS;00 00 00 00 00 00 00 00 22 00 00 00 00 00 00 00 00 00 00 00 ;"........""...........";20;;COM3;;
2134;27/08/2026 13:42:59;IRP_MJ_DEVICE_CONTROL (IOCTL_SERIAL_WAIT_ON_MASK);DOWN;;;"";;;COM3;;
2135;27/08/2026 13:42:59;IRP_MJ_DEVICE_CONTROL (IOCTL_SERIAL_WAIT_ON_MASK);UP;STATUS_SUCCESS;01 00 00 00 ;"....";4;;COM3;;
2136;27/08/2026 13:42:59;IRP_MJ_DEVICE_CONTROL (IOCTL_SERIAL_GET_COMMSTATUS);DOWN;;;"";;;COM3;;
2137;27/08/2026 13:42:59;IRP_MJ_DEVICE_CONTROL (IOCTL_SERIAL_GET_COMMSTATUS);UP;STATUS_SUCCESS;00 00 00 00 00 00 00 00 23 00 00 00 00 00 00 00 00 00 00 00 ;"........#...........";20;;COM3;;
2138;27/08/2026 13:42:59;IRP_MJ_DEVICE_CONTROL (IOCTL_SERIAL_WAIT_ON_MASK);DOWN;;;"";;;COM3;;
2139;27/08/2026 13:42:59;IRP_MJ_DEVICE_CONTROL (IOCTL_SERIAL_WAIT_ON_MASK);UP;STATUS_SUCCESS;01 00 00 00 ;"....";4;;COM3;;
2140;27/08/2026 13:42:59;IRP_MJ_DEVICE_CONTROL (IOCTL_SERIAL_GET_COMMSTATUS);DOWN;;;"";;;COM3;;
2141;27/08/2026 13:42:59;IRP_MJ_DEVICE_CONTROL (IOCTL_SERIAL_GET_COMMSTATUS);UP;STATUS_SUCCESS;00 00 00 00 00 00 00 00 24 00 00 00 00 00 00 00 00 00 00 00 ;"........$...........";20;;COM3;;
2142;27/08/2026 13:42:59;IRP_MJ_DEVICE_CONTROL (IOCTL_SERIAL_WAIT_ON_MASK);DOWN;;;"";;;COM3;;
2143;27/08/2026 13:42:59;IRP_MJ_DEVICE_CONTROL (IOCTL_SERIAL_WAIT_ON_MASK);UP;STATUS_SUCCESS;01 00 00 00 ;"....";4;;COM3;;
2144;27/08/2026 13:42:59;IRP_MJ_DEVICE_CONTROL (IOCTL_SERIAL_GET_COMMSTATUS);DOWN;;;"";;;COM3;;
2145;27/08/2026 13:42:59;IRP_MJ_DEVICE_CONTROL (IOCTL_SERIAL_GET_COMMSTATUS);UP;STATUS_SUCCESS;00 00 00 00 00 00 00 00 25 00 00 00 00 00 00 00 00 00 00 00 ;"........%...........";20;;COM3;;
2146;27/08/2026 13:42:59;IRP_MJ_DEVICE_CONTROL (IOCTL_SERIAL_WAIT_ON_MASK);DOWN;;;"";;;COM3;;
2147;27/08/2026 13:42:59;IRP_MJ_DEVICE_CONTROL (IOCTL_SERIAL_GET_COMMSTATUS);DOWN;;;"";;;COM3;;
2148;27/08/2026 13:42:59;IRP_MJ_DEVICE_CONTROL (IOCTL_SERIAL_GET_COMMSTATUS);UP;STATUS_SUCCESS;00 00 00 00 00 00 00 00 25 00 00 00 00 00 00 00 00 00 00 00 ;"........%...........";20;;COM3;;
2149;27/08/2026 13:42:59;IRP_MJ_DEVICE_CONTROL (IOCTL_SERIAL_WAIT_ON_MASK);UP;STATUS_SUCCESS;01 00 00 00 ;"....";4;;COM3;;
2150;27/08/2026 13:42:59;IRP_MJ_DEVICE_CONTROL (IOCTL_SERIAL_GET_COMMSTATUS);DOWN;;;"";;;COM3;;
2151;27/08/2026 13:42:59;IRP_MJ_DEVICE_CONTROL (IOCTL_SERIAL_GET_COMMSTATUS);UP;STATUS_SUCCESS;00 00 00 00 00 00 00 00 26 00 00 00 00 00 00 00 00 00 00 00 ;"........&...........";20;;COM3;;
2152;27/08/2026 13:42:59;IRP_MJ_DEVICE_CONTROL (IOCTL_SERIAL_WAIT_ON_MASK);DOWN;;;"";;;COM3;;
2153;27/08/2026 13:42:59;IRP_MJ_DEVICE_CONTROL (IOCTL_SERIAL_WAIT_ON_MASK);UP;STATUS_SUCCESS;01 00 00 00 ;"....";4;;COM3;;
2154;27/08/2026 13:42:59;IRP_MJ_DEVICE_CONTROL (IOCTL_SERIAL_GET_COMMSTATUS);DOWN;;;"";;;COM3;;
2155;27/08/2026 13:42:59;IRP_MJ_DEVICE_CONTROL (IOCTL_SERIAL_GET_COMMSTATUS);UP;STATUS_SUCCESS;00 00 00 00 00 00 00 00 27 00 00 00 00 00 00 00 00 00 00 00 ;"........'...........";20;;COM3;;
2156;27/08/2026 13:42:59;IRP_MJ_DEVICE_CONTROL (IOCTL_SERIAL_WAIT_ON_MASK);DOWN;;;"";;;COM3;;
2157;27/08/2026 13:42:59;IRP_MJ_DEVICE_CONTROL (IOCTL_SERIAL_WAIT_ON_MASK);UP;STATUS_SUCCESS;01 00 00 00 ;"....";4;;COM3;;
2158;27/08/2026 13:42:59;IRP_MJ_DEVICE_CONTROL (IOCTL_SERIAL_GET_COMMSTATUS);DOWN;;;"";;;COM3;;
2159;27/08/2026 13:42:59;IRP_MJ_DEVICE_CONTROL (IOCTL_SERIAL_GET_COMMSTATUS);UP;STATUS_SUCCESS;00 00 00 00 00 00 00 00 28 00 00 00 00 00 00 00 00 00 00 00 ;"........(...........";20;;COM3;;
2160;27/08/2026 13:42:59;IRP_MJ_DEVICE_CONTROL (IOCTL_SERIAL_WAIT_ON_MASK);DOWN;;;"";;;COM3;;
2161;27/08/2026 13:42:59;IRP_MJ_DEVICE_CONTROL (IOCTL_SERIAL_WAIT_ON_MASK);UP;STATUS_SUCCESS;01 00 00 00 ;"....";4;;COM3;;
2162;27/08/2026 13:42:59;IRP_MJ_DEVICE_CONTROL (IOCTL_SERIAL_GET_COMMSTATUS);DOWN;;;"";;;COM3;;
2163;27/08/2026 13:42:59;IRP_MJ_DEVICE_CONTROL (IOCTL_SERIAL_GET_COMMSTATUS);UP;STATUS_SUCCESS;00 00 00 00 00 00 00 00 29 00 00 00 00 00 00 00 00 00 00 00 ;"........)...........";20;;COM3;;
2164;27/08/2026 13:42:59;IRP_MJ_DEVICE_CONTROL (IOCTL_SERIAL_WAIT_ON_MASK);DOWN;;;"";;;COM3;;
2165;27/08/2026 13:42:59;IRP_MJ_DEVICE_CONTROL (IOCTL_SERIAL_WAIT_ON_MASK);UP;STATUS_SUCCESS;01 00 00 00 ;"....";4;;COM3;;
2166;27/08/2026 13:42:59;IRP_MJ_DEVICE_CONTROL (IOCTL_SERIAL_GET_COMMSTATUS);DOWN;;;"";;;COM3;;
2167;27/08/2026 13:42:59;IRP_MJ_DEVICE_CONTROL (IOCTL_SERIAL_GET_COMMSTATUS);UP;STATUS_SUCCESS;00 00 00 00 00 00 00 00 2a 00 00 00 00 00 00 00 00 00 00 00 ;"........*...........";20;;COM3;;
2168;27/08/2026 13:42:59;IRP_MJ_DEVICE_CONTROL (IOCTL_SERIAL_WAIT_ON_MASK);DOWN;;;"";;;COM3;;
2169;27/08/2026 13:42:59;IRP_MJ_DEVICE_CONTROL (IOCTL_SERIAL_WAIT_ON_MASK);UP;STATUS_SUCCESS;01 00 00 00 ;"....";4;;COM3;;
2170;27/08/2026 13:42:59;IRP_MJ_DEVICE_CONTROL (IOCTL_SERIAL_GET_COMMSTATUS);DOWN;;;"";;;COM3;;
2171;27/08/2026 13:42:59;IRP_MJ_DEVICE_CONTROL (IOCTL_SERIAL_GET_COMMSTATUS);UP;STATUS_SUCCESS;00 00 00 00 00 00 00 00 2b 00 00 00 00 00 00 00 00 00 00 00 ;"........+...........";20;;COM3;;
2172;27/08/2026 13:42:59;IRP_MJ_DEVICE_CONTROL (IOCTL_SERIAL_WAIT_ON_MASK);DOWN;;;"";;;COM3;;
2173;27/08/2026 13:42:59;IRP_MJ_DEVICE_CONTROL (IOCTL_SERIAL_WAIT_ON_MASK);UP;STATUS_SUCCESS;01 00 00 00 ;"....";4;;COM3;;
2174;27/08/2026 13:42:59;IRP_MJ_DEVICE_CONTROL (IOCTL_SERIAL_GET_COMMSTATUS);DOWN;;;"";;;COM3;;
2175;27/08/2026 13:42:59;IRP_MJ_DEVICE_CONTROL (IOCTL_SERIAL_GET_COMMSTATUS);UP;STATUS_SUCCESS;00 00 00 00 00 00 00 00 2c 00 00 00 00 00 00 00 00 00 00 00 ;"........,...........";20;;COM3;;
2176;27/08/2026 13:42:59;IRP_MJ_DEVICE_CONTROL (IOCTL_SERIAL_WAIT_ON_MASK);DOWN;;;"";;;COM3;;
2177;27/08/2026 13:42:59;IRP_MJ_DEVICE_CONTROL (IOCTL_SERIAL_GET_COMMSTATUS);DOWN;;;"";;;COM3;;
2178;27/08/2026 13:42:59;IRP_MJ_DEVICE_CONTROL (IOCTL_SERIAL_GET_COMMSTATUS);UP;STATUS_SUCCESS;00 00 00 00 00 00 00 00 2c 00 00 00 00 00 00 00 00 00 00 00 ;"........,...........";20;;COM3;;
2179;27/08/2026 13:42:59;IRP_MJ_DEVICE_CONTROL (IOCTL_SERIAL_WAIT_ON_MASK);UP;STATUS_SUCCESS;01 00 00 00 ;"....";4;;COM3;;
2180;27/08/2026 13:42:59;IRP_MJ_DEVICE_CONTROL (IOCTL_SERIAL_GET_COMMSTATUS);DOWN;;;"";;;COM3;;
2181;27/08/2026 13:42:59;IRP_MJ_DEVICE_CONTROL (IOCTL_SERIAL_GET_COMMSTATUS);UP;STATUS_SUCCESS;00 00 00 00 00 00 00 00 2d 00 00 00 00 00 00 00 00 00 00 00 ;"........-...........";20;;COM3;;
2182;27/08/2026 13:42:59;IRP_MJ_DEVICE_CONTROL (IOCTL_SERIAL_WAIT_ON_MASK);DOWN;;;"";;;COM3;;
2183;27/08/2026 13:42:59;IRP_MJ_DEVICE_CONTROL (IOCTL_SERIAL_WAIT_ON_MASK);UP;STATUS_SUCCESS;01 00 00 00 ;"....";4;;COM3;;
2184;27/08/2026 13:42:59;IRP_MJ_DEVICE_CONTROL (IOCTL_SERIAL_GET_COMMSTATUS);DOWN;;;"";;;COM3;;
2185;27/08/2026 13:42:59;IRP_MJ_DEVICE_CONTROL (IOCTL_SERIAL_GET_COMMSTATUS);UP;STATUS_SUCCESS;00 00 00 00 00 00 00 00 2e 00 00 00 00 00 00 00 00 00 00 00 ;"....................";20;;COM3;;
2186;27/08/2026 13:42:59;IRP_MJ_DEVICE_CONTROL (IOCTL_SERIAL_WAIT_ON_MASK);DOWN;;;"";;;COM3;;
2187;27/08/2026 13:42:59;IRP_MJ_DEVICE_CONTROL (IOCTL_SERIAL_WAIT_ON_MASK);UP;STATUS_SUCCESS;01 00 00 00 ;"....";4;;COM3;;
2188;27/08/2026 13:42:59;IRP_MJ_DEVICE_CONTROL (IOCTL_SERIAL_GET_COMMSTATUS);DOWN;;;"";;;COM3;;
2189;27/08/2026 13:42:59;IRP_MJ_DEVICE_CONTROL (IOCTL_SERIAL_GET_COMMSTATUS);UP;STATUS_SUCCESS;00 00 00 00 00 00 00 00 2f 00 00 00 00 00 00 00 00 00 00 00 ;"......../...........";20;;COM3;;
2190;27/08/2026 13:42:59;IRP_MJ_DEVICE_CONTROL (IOCTL_SERIAL_WAIT_ON_MASK);DOWN;;;"";;;COM3;;
2191;27/08/2026 13:42:59;IRP_MJ_DEVICE_CONTROL (IOCTL_SERIAL_GET_COMMSTATUS);DOWN;;;"";;;COM3;;
2192;27/08/2026 13:42:59;IRP_MJ_DEVICE_CONTROL (IOCTL_SERIAL_GET_COMMSTATUS);UP;STATUS_SUCCESS;00 00 00 00 00 00 00 00 2f 00 00 00 00 00 00 00 00 00 00 00 ;"......../...........";20;;COM3;;
2193;27/08/2026 13:42:59;IRP_MJ_DEVICE_CONTROL (IOCTL_SERIAL_GET_COMMSTATUS);DOWN;;;"";;;COM3;;
2194;27/08/2026 13:42:59;IRP_MJ_DEVICE_CONTROL (IOCTL_SERIAL_GET_COMMSTATUS);UP;STATUS_SUCCESS;00 00 00 00 00 00 00 00 2f 00 00 00 00 00 00 00 00 00 00 00 ;"......../...........";20;;COM3;;
2195;27/08/2026 13:42:59;IRP_MJ_READ;DOWN;;;"";;47;COM3;;
2196;27/08/2026 13:42:59;IRP_MJ_READ;UP;STATUS_SUCCESS;04 03 2a 00 01 00 00 00 00 00 00 00 00 00 7d 00 00 00 00 00 2c 00 00 00 00 00 00 00 20 00 00 00 0c 02 58 00 00 00 02 00 00 00 00 00 00 02 6b ;"..*...........}.....,....... .....X...........k";47;;COM3;;
2197;27/08/2026 13:42:59;IRP_MJ_WRITE;DOWN;;04 03 4e 20 00 11 93 71 ;"..N ..ìq";8;8;COM3;;
2198;27/08/2026 13:42:59;IRP_MJ_WRITE;UP;STATUS_SUCCESS;04 03 4e 20 00 11 93 71 ;"..N ..ìq";8;;COM3;;
2199;27/08/2026 13:42:59;IRP_MJ_DEVICE_CONTROL (IOCTL_SERIAL_GET_COMMSTATUS);DOWN;;;"";;;COM3;;
2200;27/08/2026 13:42:59;IRP_MJ_DEVICE_CONTROL (IOCTL_SERIAL_GET_COMMSTATUS);UP;STATUS_SUCCESS;00 00 00 00 00 00 00 00 00 00 00 00 00 00 00 00 00 00 00 00 ;"....................";20;;COM3;;
2201;27/08/2026 13:42:59;IRP_MJ_DEVICE_CONTROL (IOCTL_SERIAL_GET_COMMSTATUS);DOWN;;;"";;;COM3;;
2202;27/08/2026 13:42:59;IRP_MJ_DEVICE_CONTROL (IOCTL_SERIAL_GET_COMMSTATUS);UP;STATUS_SUCCESS;00 00 00 00 00 00 00 00 00 00 00 00 00 00 00 00 00 00 00 00 ;"....................";20;;COM3;;
2203;27/08/2026 13:42:59;IRP_MJ_DEVICE_CONTROL (IOCTL_SERIAL_GET_COMMSTATUS);DOWN;;;"";;;COM3;;
2204;27/08/2026 13:42:59;IRP_MJ_DEVICE_CONTROL (IOCTL_SERIAL_GET_COMMSTATUS);UP;STATUS_SUCCESS;00 00 00 00 00 00 00 00 00 00 00 00 00 00 00 00 00 00 00 00 ;"....................";20;;COM3;;
2205;27/08/2026 13:42:59;IRP_MJ_DEVICE_CONTROL (IOCTL_SERIAL_GET_COMMSTATUS);DOWN;;;"";;;COM3;;
2206;27/08/2026 13:42:59;IRP_MJ_DEVICE_CONTROL (IOCTL_SERIAL_GET_COMMSTATUS);UP;STATUS_SUCCESS;00 00 00 00 00 00 00 00 00 00 00 00 00 00 00 00 00 00 00 00 ;"....................";20;;COM3;;
2207;27/08/2026 13:42:59;IRP_MJ_DEVICE_CONTROL (IOCTL_SERIAL_GET_COMMSTATUS);DOWN;;;"";;;COM3;;
2208;27/08/2026 13:42:59;IRP_MJ_DEVICE_CONTROL (IOCTL_SERIAL_GET_COMMSTATUS);UP;STATUS_SUCCESS;00 00 00 00 00 00 00 00 00 00 00 00 00 00 00 00 00 00 00 00 ;"....................";20;;COM3;;
2209;27/08/2026 13:42:59;IRP_MJ_DEVICE_CONTROL (IOCTL_SERIAL_GET_COMMSTATUS);DOWN;;;"";;;COM3;;
2210;27/08/2026 13:42:59;IRP_MJ_DEVICE_CONTROL (IOCTL_SERIAL_GET_COMMSTATUS);UP;STATUS_SUCCESS;00 00 00 00 00 00 00 00 00 00 00 00 00 00 00 00 00 00 00 00 ;"....................";20;;COM3;;
2211;27/08/2026 13:42:59;IRP_MJ_DEVICE_CONTROL (IOCTL_SERIAL_GET_COMMSTATUS);DOWN;;;"";;;COM3;;
2212;27/08/2026 13:42:59;IRP_MJ_DEVICE_CONTROL (IOCTL_SERIAL_GET_COMMSTATUS);UP;STATUS_SUCCESS;00 00 00 00 00 00 00 00 00 00 00 00 00 00 00 00 00 00 00 00 ;"....................";20;;COM3;;
2213;27/08/2026 13:42:59;IRP_MJ_DEVICE_CONTROL (IOCTL_SERIAL_GET_COMMSTATUS);DOWN;;;"";;;COM3;;
2214;27/08/2026 13:42:59;IRP_MJ_DEVICE_CONTROL (IOCTL_SERIAL_GET_COMMSTATUS);UP;STATUS_SUCCESS;00 00 00 00 00 00 00 00 00 00 00 00 00 00 00 00 00 00 00 00 ;"....................";20;;COM3;;
2215;27/08/2026 13:42:59;IRP_MJ_DEVICE_CONTROL (IOCTL_SERIAL_GET_COMMSTATUS);DOWN;;;"";;;COM3;;
2216;27/08/2026 13:42:59;IRP_MJ_DEVICE_CONTROL (IOCTL_SERIAL_GET_COMMSTATUS);UP;STATUS_SUCCESS;00 00 00 00 00 00 00 00 00 00 00 00 00 00 00 00 00 00 00 00 ;"....................";20;;COM3;;
2217;27/08/2026 13:42:59;IRP_MJ_DEVICE_CONTROL (IOCTL_SERIAL_GET_COMMSTATUS);DOWN;;;"";;;COM3;;
2218;27/08/2026 13:42:59;IRP_MJ_DEVICE_CONTROL (IOCTL_SERIAL_GET_COMMSTATUS);UP;STATUS_SUCCESS;00 00 00 00 00 00 00 00 00 00 00 00 00 00 00 00 00 00 00 00 ;"....................";20;;COM3;;
2219;27/08/2026 13:42:59;IRP_MJ_DEVICE_CONTROL (IOCTL_SERIAL_GET_COMMSTATUS);DOWN;;;"";;;COM3;;
2220;27/08/2026 13:42:59;IRP_MJ_DEVICE_CONTROL (IOCTL_SERIAL_GET_COMMSTATUS);UP;STATUS_SUCCESS;00 00 00 00 00 00 00 00 00 00 00 00 00 00 00 00 00 00 00 00 ;"....................";20;;COM3;;
2221;27/08/2026 13:42:59;IRP_MJ_DEVICE_CONTROL (IOCTL_SERIAL_GET_COMMSTATUS);DOWN;;;"";;;COM3;;
2222;27/08/2026 13:42:59;IRP_MJ_DEVICE_CONTROL (IOCTL_SERIAL_GET_COMMSTATUS);UP;STATUS_SUCCESS;00 00 00 00 00 00 00 00 00 00 00 00 00 00 00 00 00 00 00 00 ;"....................";20;;COM3;;
2223;27/08/2026 13:42:59;IRP_MJ_DEVICE_CONTROL (IOCTL_SERIAL_WAIT_ON_MASK);UP;STATUS_SUCCESS;01 00 00 00 ;"....";4;;COM3;;
2224;27/08/2026 13:42:59;IRP_MJ_DEVICE_CONTROL (IOCTL_SERIAL_GET_COMMSTATUS);DOWN;;;"";;;COM3;;
2225;27/08/2026 13:42:59;IRP_MJ_DEVICE_CONTROL (IOCTL_SERIAL_GET_COMMSTATUS);UP;STATUS_SUCCESS;00 00 00 00 00 00 00 00 01 00 00 00 00 00 00 00 00 00 00 00 ;"....................";20;;COM3;;
2226;27/08/2026 13:42:59;IRP_MJ_DEVICE_CONTROL (IOCTL_SERIAL_WAIT_ON_MASK);DOWN;;;"";;;COM3;;
2227;27/08/2026 13:42:59;IRP_MJ_DEVICE_CONTROL (IOCTL_SERIAL_WAIT_ON_MASK);UP;STATUS_SUCCESS;01 00 00 00 ;"....";4;;COM3;;
2228;27/08/2026 13:42:59;IRP_MJ_DEVICE_CONTROL (IOCTL_SERIAL_GET_COMMSTATUS);DOWN;;;"";;;COM3;;
2229;27/08/2026 13:42:59;IRP_MJ_DEVICE_CONTROL (IOCTL_SERIAL_GET_COMMSTATUS);UP;STATUS_SUCCESS;00 00 00 00 00 00 00 00 02 00 00 00 00 00 00 00 00 00 00 00 ;"....................";20;;COM3;;
2230;27/08/2026 13:42:59;IRP_MJ_DEVICE_CONTROL (IOCTL_SERIAL_WAIT_ON_MASK);DOWN;;;"";;;COM3;;
2231;27/08/2026 13:42:59;IRP_MJ_DEVICE_CONTROL (IOCTL_SERIAL_GET_COMMSTATUS);DOWN;;;"";;;COM3;;
2232;27/08/2026 13:42:59;IRP_MJ_DEVICE_CONTROL (IOCTL_SERIAL_GET_COMMSTATUS);UP;STATUS_SUCCESS;00 00 00 00 00 00 00 00 02 00 00 00 00 00 00 00 00 00 00 00 ;"....................";20;;COM3;;
2233;27/08/2026 13:42:59;IRP_MJ_DEVICE_CONTROL (IOCTL_SERIAL_WAIT_ON_MASK);UP;STATUS_SUCCESS;01 00 00 00 ;"....";4;;COM3;;
2234;27/08/2026 13:42:59;IRP_MJ_DEVICE_CONTROL (IOCTL_SERIAL_GET_COMMSTATUS);DOWN;;;"";;;COM3;;
2235;27/08/2026 13:42:59;IRP_MJ_DEVICE_CONTROL (IOCTL_SERIAL_GET_COMMSTATUS);UP;STATUS_SUCCESS;00 00 00 00 00 00 00 00 03 00 00 00 00 00 00 00 00 00 00 00 ;"....................";20;;COM3;;
2236;27/08/2026 13:42:59;IRP_MJ_DEVICE_CONTROL (IOCTL_SERIAL_WAIT_ON_MASK);DOWN;;;"";;;COM3;;
2237;27/08/2026 13:42:59;IRP_MJ_DEVICE_CONTROL (IOCTL_SERIAL_WAIT_ON_MASK);UP;STATUS_SUCCESS;01 00 00 00 ;"....";4;;COM3;;
2238;27/08/2026 13:42:59;IRP_MJ_DEVICE_CONTROL (IOCTL_SERIAL_GET_COMMSTATUS);DOWN;;;"";;;COM3;;
2239;27/08/2026 13:42:59;IRP_MJ_DEVICE_CONTROL (IOCTL_SERIAL_GET_COMMSTATUS);UP;STATUS_SUCCESS;00 00 00 00 00 00 00 00 04 00 00 00 00 00 00 00 00 00 00 00 ;"....................";20;;COM3;;
2240;27/08/2026 13:42:59;IRP_MJ_DEVICE_CONTROL (IOCTL_SERIAL_WAIT_ON_MASK);DOWN;;;"";;;COM3;;
2241;27/08/2026 13:42:59;IRP_MJ_DEVICE_CONTROL (IOCTL_SERIAL_WAIT_ON_MASK);UP;STATUS_SUCCESS;01 00 00 00 ;"....";4;;COM3;;
2242;27/08/2026 13:42:59;IRP_MJ_DEVICE_CONTROL (IOCTL_SERIAL_GET_COMMSTATUS);DOWN;;;"";;;COM3;;
2243;27/08/2026 13:42:59;IRP_MJ_DEVICE_CONTROL (IOCTL_SERIAL_GET_COMMSTATUS);UP;STATUS_SUCCESS;00 00 00 00 00 00 00 00 05 00 00 00 00 00 00 00 00 00 00 00 ;"....................";20;;COM3;;
2244;27/08/2026 13:42:59;IRP_MJ_DEVICE_CONTROL (IOCTL_SERIAL_WAIT_ON_MASK);DOWN;;;"";;;COM3;;
2245;27/08/2026 13:42:59;IRP_MJ_DEVICE_CONTROL (IOCTL_SERIAL_WAIT_ON_MASK);UP;STATUS_SUCCESS;01 00 00 00 ;"....";4;;COM3;;
2246;27/08/2026 13:42:59;IRP_MJ_DEVICE_CONTROL (IOCTL_SERIAL_GET_COMMSTATUS);DOWN;;;"";;;COM3;;
2247;27/08/2026 13:42:59;IRP_MJ_DEVICE_CONTROL (IOCTL_SERIAL_GET_COMMSTATUS);UP;STATUS_SUCCESS;00 00 00 00 00 00 00 00 06 00 00 00 00 00 00 00 00 00 00 00 ;"....................";20;;COM3;;
2248;27/08/2026 13:42:59;IRP_MJ_DEVICE_CONTROL (IOCTL_SERIAL_WAIT_ON_MASK);DOWN;;;"";;;COM3;;
2249;27/08/2026 13:42:59;IRP_MJ_DEVICE_CONTROL (IOCTL_SERIAL_WAIT_ON_MASK);UP;STATUS_SUCCESS;01 00 00 00 ;"....";4;;COM3;;
2250;27/08/2026 13:42:59;IRP_MJ_DEVICE_CONTROL (IOCTL_SERIAL_GET_COMMSTATUS);DOWN;;;"";;;COM3;;
2251;27/08/2026 13:42:59;IRP_MJ_DEVICE_CONTROL (IOCTL_SERIAL_GET_COMMSTATUS);UP;STATUS_SUCCESS;00 00 00 00 00 00 00 00 07 00 00 00 00 00 00 00 00 00 00 00 ;"....................";20;;COM3;;
2252;27/08/2026 13:42:59;IRP_MJ_DEVICE_CONTROL (IOCTL_SERIAL_WAIT_ON_MASK);DOWN;;;"";;;COM3;;
2253;27/08/2026 13:42:59;IRP_MJ_DEVICE_CONTROL (IOCTL_SERIAL_WAIT_ON_MASK);UP;STATUS_SUCCESS;01 00 00 00 ;"....";4;;COM3;;
2254;27/08/2026 13:42:59;IRP_MJ_DEVICE_CONTROL (IOCTL_SERIAL_GET_COMMSTATUS);DOWN;;;"";;;COM3;;
2255;27/08/2026 13:42:59;IRP_MJ_DEVICE_CONTROL (IOCTL_SERIAL_GET_COMMSTATUS);UP;STATUS_SUCCESS;00 00 00 00 00 00 00 00 08 00 00 00 00 00 00 00 00 00 00 00 ;"....................";20;;COM3;;
2256;27/08/2026 13:42:59;IRP_MJ_DEVICE_CONTROL (IOCTL_SERIAL_WAIT_ON_MASK);DOWN;;;"";;;COM3;;
2257;27/08/2026 13:43:00;IRP_MJ_DEVICE_CONTROL (IOCTL_SERIAL_GET_COMMSTATUS);DOWN;;;"";;;COM3;;
2258;27/08/2026 13:43:00;IRP_MJ_DEVICE_CONTROL (IOCTL_SERIAL_GET_COMMSTATUS);UP;STATUS_SUCCESS;00 00 00 00 00 00 00 00 08 00 00 00 00 00 00 00 00 00 00 00 ;"....................";20;;COM3;;
2259;27/08/2026 13:43:00;IRP_MJ_DEVICE_CONTROL (IOCTL_SERIAL_WAIT_ON_MASK);UP;STATUS_SUCCESS;01 00 00 00 ;"....";4;;COM3;;
2260;27/08/2026 13:43:00;IRP_MJ_DEVICE_CONTROL (IOCTL_SERIAL_GET_COMMSTATUS);DOWN;;;"";;;COM3;;
2261;27/08/2026 13:43:00;IRP_MJ_DEVICE_CONTROL (IOCTL_SERIAL_GET_COMMSTATUS);UP;STATUS_SUCCESS;00 00 00 00 00 00 00 00 09 00 00 00 00 00 00 00 00 00 00 00 ;"....................";20;;COM3;;
2262;27/08/2026 13:43:00;IRP_MJ_DEVICE_CONTROL (IOCTL_SERIAL_WAIT_ON_MASK);DOWN;;;"";;;COM3;;
2263;27/08/2026 13:43:00;IRP_MJ_DEVICE_CONTROL (IOCTL_SERIAL_WAIT_ON_MASK);UP;STATUS_SUCCESS;01 00 00 00 ;"....";4;;COM3;;
2264;27/08/2026 13:43:00;IRP_MJ_DEVICE_CONTROL (IOCTL_SERIAL_GET_COMMSTATUS);DOWN;;;"";;;COM3;;
2265;27/08/2026 13:43:00;IRP_MJ_DEVICE_CONTROL (IOCTL_SERIAL_GET_COMMSTATUS);UP;STATUS_SUCCESS;00 00 00 00 00 00 00 00 0a 00 00 00 00 00 00 00 00 00 00 00 ;"....................";20;;COM3;;
2266;27/08/2026 13:43:00;IRP_MJ_DEVICE_CONTROL (IOCTL_SERIAL_WAIT_ON_MASK);DOWN;;;"";;;COM3;;
2267;27/08/2026 13:43:00;IRP_MJ_DEVICE_CONTROL (IOCTL_SERIAL_WAIT_ON_MASK);UP;STATUS_SUCCESS;01 00 00 00 ;"....";4;;COM3;;
2268;27/08/2026 13:43:00;IRP_MJ_DEVICE_CONTROL (IOCTL_SERIAL_GET_COMMSTATUS);DOWN;;;"";;;COM3;;
2269;27/08/2026 13:43:00;IRP_MJ_DEVICE_CONTROL (IOCTL_SERIAL_GET_COMMSTATUS);UP;STATUS_SUCCESS;00 00 00 00 00 00 00 00 0b 00 00 00 00 00 00 00 00 00 00 00 ;"....................";20;;COM3;;
2270;27/08/2026 13:43:00;IRP_MJ_DEVICE_CONTROL (IOCTL_SERIAL_WAIT_ON_MASK);DOWN;;;"";;;COM3;;
2271;27/08/2026 13:43:00;IRP_MJ_DEVICE_CONTROL (IOCTL_SERIAL_WAIT_ON_MASK);UP;STATUS_SUCCESS;01 00 00 00 ;"....";4;;COM3;;
2272;27/08/2026 13:43:00;IRP_MJ_DEVICE_CONTROL (IOCTL_SERIAL_GET_COMMSTATUS);DOWN;;;"";;;COM3;;
2273;27/08/2026 13:43:00;IRP_MJ_DEVICE_CONTROL (IOCTL_SERIAL_GET_COMMSTATUS);UP;STATUS_SUCCESS;00 00 00 00 00 00 00 00 0c 00 00 00 00 00 00 00 00 00 00 00 ;"....................";20;;COM3;;
2274;27/08/2026 13:43:00;IRP_MJ_DEVICE_CONTROL (IOCTL_SERIAL_WAIT_ON_MASK);DOWN;;;"";;;COM3;;
2275;27/08/2026 13:43:00;IRP_MJ_DEVICE_CONTROL (IOCTL_SERIAL_WAIT_ON_MASK);UP;STATUS_SUCCESS;01 00 00 00 ;"....";4;;COM3;;
2276;27/08/2026 13:43:00;IRP_MJ_DEVICE_CONTROL (IOCTL_SERIAL_GET_COMMSTATUS);DOWN;;;"";;;COM3;;
2277;27/08/2026 13:43:00;IRP_MJ_DEVICE_CONTROL (IOCTL_SERIAL_GET_COMMSTATUS);UP;STATUS_SUCCESS;00 00 00 00 00 00 00 00 0d 00 00 00 00 00 00 00 00 00 00 00 ;"....................";20;;COM3;;
2278;27/08/2026 13:43:00;IRP_MJ_DEVICE_CONTROL (IOCTL_SERIAL_WAIT_ON_MASK);DOWN;;;"";;;COM3;;
2279;27/08/2026 13:43:00;IRP_MJ_DEVICE_CONTROL (IOCTL_SERIAL_WAIT_ON_MASK);UP;STATUS_SUCCESS;01 00 00 00 ;"....";4;;COM3;;
2280;27/08/2026 13:43:00;IRP_MJ_DEVICE_CONTROL (IOCTL_SERIAL_GET_COMMSTATUS);DOWN;;;"";;;COM3;;
2281;27/08/2026 13:43:00;IRP_MJ_DEVICE_CONTROL (IOCTL_SERIAL_GET_COMMSTATUS);UP;STATUS_SUCCESS;00 00 00 00 00 00 00 00 0e 00 00 00 00 00 00 00 00 00 00 00 ;"....................";20;;COM3;;
2282;27/08/2026 13:43:00;IRP_MJ_DEVICE_CONTROL (IOCTL_SERIAL_WAIT_ON_MASK);DOWN;;;"";;;COM3;;
2283;27/08/2026 13:43:00;IRP_MJ_DEVICE_CONTROL (IOCTL_SERIAL_WAIT_ON_MASK);UP;STATUS_SUCCESS;01 00 00 00 ;"....";4;;COM3;;
2284;27/08/2026 13:43:00;IRP_MJ_DEVICE_CONTROL (IOCTL_SERIAL_GET_COMMSTATUS);DOWN;;;"";;;COM3;;
2285;27/08/2026 13:43:00;IRP_MJ_DEVICE_CONTROL (IOCTL_SERIAL_GET_COMMSTATUS);UP;STATUS_SUCCESS;00 00 00 00 00 00 00 00 0f 00 00 00 00 00 00 00 00 00 00 00 ;"....................";20;;COM3;;
2286;27/08/2026 13:43:00;IRP_MJ_DEVICE_CONTROL (IOCTL_SERIAL_WAIT_ON_MASK);DOWN;;;"";;;COM3;;
2287;27/08/2026 13:43:00;IRP_MJ_DEVICE_CONTROL (IOCTL_SERIAL_GET_COMMSTATUS);DOWN;;;"";;;COM3;;
2288;27/08/2026 13:43:00;IRP_MJ_DEVICE_CONTROL (IOCTL_SERIAL_GET_COMMSTATUS);UP;STATUS_SUCCESS;00 00 00 00 00 00 00 00 0f 00 00 00 00 00 00 00 00 00 00 00 ;"....................";20;;COM3;;
2289;27/08/2026 13:43:00;IRP_MJ_DEVICE_CONTROL (IOCTL_SERIAL_WAIT_ON_MASK);UP;STATUS_SUCCESS;01 00 00 00 ;"....";4;;COM3;;
2290;27/08/2026 13:43:00;IRP_MJ_DEVICE_CONTROL (IOCTL_SERIAL_GET_COMMSTATUS);DOWN;;;"";;;COM3;;
2291;27/08/2026 13:43:00;IRP_MJ_DEVICE_CONTROL (IOCTL_SERIAL_GET_COMMSTATUS);UP;STATUS_SUCCESS;00 00 00 00 00 00 00 00 10 00 00 00 00 00 00 00 00 00 00 00 ;"....................";20;;COM3;;
2292;27/08/2026 13:43:00;IRP_MJ_DEVICE_CONTROL (IOCTL_SERIAL_WAIT_ON_MASK);DOWN;;;"";;;COM3;;
2293;27/08/2026 13:43:00;IRP_MJ_DEVICE_CONTROL (IOCTL_SERIAL_WAIT_ON_MASK);UP;STATUS_SUCCESS;01 00 00 00 ;"....";4;;COM3;;
2294;27/08/2026 13:43:00;IRP_MJ_DEVICE_CONTROL (IOCTL_SERIAL_GET_COMMSTATUS);DOWN;;;"";;;COM3;;
2295;27/08/2026 13:43:00;IRP_MJ_DEVICE_CONTROL (IOCTL_SERIAL_GET_COMMSTATUS);UP;STATUS_SUCCESS;00 00 00 00 00 00 00 00 11 00 00 00 00 00 00 00 00 00 00 00 ;"....................";20;;COM3;;
2296;27/08/2026 13:43:00;IRP_MJ_DEVICE_CONTROL (IOCTL_SERIAL_WAIT_ON_MASK);DOWN;;;"";;;COM3;;
2297;27/08/2026 13:43:00;IRP_MJ_DEVICE_CONTROL (IOCTL_SERIAL_WAIT_ON_MASK);UP;STATUS_SUCCESS;01 00 00 00 ;"....";4;;COM3;;
2298;27/08/2026 13:43:00;IRP_MJ_DEVICE_CONTROL (IOCTL_SERIAL_GET_COMMSTATUS);DOWN;;;"";;;COM3;;
2299;27/08/2026 13:43:00;IRP_MJ_DEVICE_CONTROL (IOCTL_SERIAL_GET_COMMSTATUS);UP;STATUS_SUCCESS;00 00 00 00 00 00 00 00 12 00 00 00 00 00 00 00 00 00 00 00 ;"....................";20;;COM3;;
2300;27/08/2026 13:43:00;IRP_MJ_DEVICE_CONTROL (IOCTL_SERIAL_WAIT_ON_MASK);DOWN;;;"";;;COM3;;
2301;27/08/2026 13:43:00;IRP_MJ_DEVICE_CONTROL (IOCTL_SERIAL_WAIT_ON_MASK);UP;STATUS_SUCCESS;01 00 00 00 ;"....";4;;COM3;;
2302;27/08/2026 13:43:00;IRP_MJ_DEVICE_CONTROL (IOCTL_SERIAL_GET_COMMSTATUS);DOWN;;;"";;;COM3;;
2303;27/08/2026 13:43:00;IRP_MJ_DEVICE_CONTROL (IOCTL_SERIAL_GET_COMMSTATUS);UP;STATUS_SUCCESS;00 00 00 00 00 00 00 00 13 00 00 00 00 00 00 00 00 00 00 00 ;"....................";20;;COM3;;
2304;27/08/2026 13:43:00;IRP_MJ_DEVICE_CONTROL (IOCTL_SERIAL_WAIT_ON_MASK);DOWN;;;"";;;COM3;;
2305;27/08/2026 13:43:00;IRP_MJ_DEVICE_CONTROL (IOCTL_SERIAL_WAIT_ON_MASK);UP;STATUS_SUCCESS;01 00 00 00 ;"....";4;;COM3;;
2306;27/08/2026 13:43:00;IRP_MJ_DEVICE_CONTROL (IOCTL_SERIAL_GET_COMMSTATUS);DOWN;;;"";;;COM3;;
2307;27/08/2026 13:43:00;IRP_MJ_DEVICE_CONTROL (IOCTL_SERIAL_GET_COMMSTATUS);UP;STATUS_SUCCESS;00 00 00 00 00 00 00 00 14 00 00 00 00 00 00 00 00 00 00 00 ;"....................";20;;COM3;;
2308;27/08/2026 13:43:00;IRP_MJ_DEVICE_CONTROL (IOCTL_SERIAL_WAIT_ON_MASK);DOWN;;;"";;;COM3;;
2309;27/08/2026 13:43:00;IRP_MJ_DEVICE_CONTROL (IOCTL_SERIAL_WAIT_ON_MASK);UP;STATUS_SUCCESS;01 00 00 00 ;"....";4;;COM3;;
2310;27/08/2026 13:43:00;IRP_MJ_DEVICE_CONTROL (IOCTL_SERIAL_GET_COMMSTATUS);DOWN;;;"";;;COM3;;
2311;27/08/2026 13:43:00;IRP_MJ_DEVICE_CONTROL (IOCTL_SERIAL_GET_COMMSTATUS);UP;STATUS_SUCCESS;00 00 00 00 00 00 00 00 15 00 00 00 00 00 00 00 00 00 00 00 ;"....................";20;;COM3;;
2312;27/08/2026 13:43:00;IRP_MJ_DEVICE_CONTROL (IOCTL_SERIAL_WAIT_ON_MASK);DOWN;;;"";;;COM3;;
2313;27/08/2026 13:43:00;IRP_MJ_DEVICE_CONTROL (IOCTL_SERIAL_GET_COMMSTATUS);DOWN;;;"";;;COM3;;
2314;27/08/2026 13:43:00;IRP_MJ_DEVICE_CONTROL (IOCTL_SERIAL_GET_COMMSTATUS);UP;STATUS_SUCCESS;00 00 00 00 00 00 00 00 15 00 00 00 00 00 00 00 00 00 00 00 ;"....................";20;;COM3;;
2315;27/08/2026 13:43:00;IRP_MJ_DEVICE_CONTROL (IOCTL_SERIAL_WAIT_ON_MASK);UP;STATUS_SUCCESS;01 00 00 00 ;"....";4;;COM3;;
2316;27/08/2026 13:43:00;IRP_MJ_DEVICE_CONTROL (IOCTL_SERIAL_GET_COMMSTATUS);DOWN;;;"";;;COM3;;
2317;27/08/2026 13:43:00;IRP_MJ_DEVICE_CONTROL (IOCTL_SERIAL_GET_COMMSTATUS);UP;STATUS_SUCCESS;00 00 00 00 00 00 00 00 16 00 00 00 00 00 00 00 00 00 00 00 ;"....................";20;;COM3;;
2318;27/08/2026 13:43:00;IRP_MJ_DEVICE_CONTROL (IOCTL_SERIAL_WAIT_ON_MASK);DOWN;;;"";;;COM3;;
2319;27/08/2026 13:43:00;IRP_MJ_DEVICE_CONTROL (IOCTL_SERIAL_WAIT_ON_MASK);UP;STATUS_SUCCESS;01 00 00 00 ;"....";4;;COM3;;
2320;27/08/2026 13:43:00;IRP_MJ_DEVICE_CONTROL (IOCTL_SERIAL_GET_COMMSTATUS);DOWN;;;"";;;COM3;;
2321;27/08/2026 13:43:00;IRP_MJ_DEVICE_CONTROL (IOCTL_SERIAL_GET_COMMSTATUS);UP;STATUS_SUCCESS;00 00 00 00 00 00 00 00 17 00 00 00 00 00 00 00 00 00 00 00 ;"....................";20;;COM3;;
2322;27/08/2026 13:43:00;IRP_MJ_DEVICE_CONTROL (IOCTL_SERIAL_WAIT_ON_MASK);DOWN;;;"";;;COM3;;
2323;27/08/2026 13:43:00;IRP_MJ_DEVICE_CONTROL (IOCTL_SERIAL_WAIT_ON_MASK);UP;STATUS_SUCCESS;01 00 00 00 ;"....";4;;COM3;;
2324;27/08/2026 13:43:00;IRP_MJ_DEVICE_CONTROL (IOCTL_SERIAL_GET_COMMSTATUS);DOWN;;;"";;;COM3;;
2325;27/08/2026 13:43:00;IRP_MJ_DEVICE_CONTROL (IOCTL_SERIAL_GET_COMMSTATUS);UP;STATUS_SUCCESS;00 00 00 00 00 00 00 00 18 00 00 00 00 00 00 00 00 00 00 00 ;"....................";20;;COM3;;
2326;27/08/2026 13:43:00;IRP_MJ_DEVICE_CONTROL (IOCTL_SERIAL_WAIT_ON_MASK);DOWN;;;"";;;COM3;;
2327;27/08/2026 13:43:00;IRP_MJ_DEVICE_CONTROL (IOCTL_SERIAL_WAIT_ON_MASK);UP;STATUS_SUCCESS;01 00 00 00 ;"....";4;;COM3;;
2328;27/08/2026 13:43:00;IRP_MJ_DEVICE_CONTROL (IOCTL_SERIAL_GET_COMMSTATUS);DOWN;;;"";;;COM3;;
2329;27/08/2026 13:43:00;IRP_MJ_DEVICE_CONTROL (IOCTL_SERIAL_GET_COMMSTATUS);UP;STATUS_SUCCESS;00 00 00 00 00 00 00 00 19 00 00 00 00 00 00 00 00 00 00 00 ;"....................";20;;COM3;;
2330;27/08/2026 13:43:00;IRP_MJ_DEVICE_CONTROL (IOCTL_SERIAL_WAIT_ON_MASK);DOWN;;;"";;;COM3;;
2331;27/08/2026 13:43:00;IRP_MJ_DEVICE_CONTROL (IOCTL_SERIAL_WAIT_ON_MASK);UP;STATUS_SUCCESS;01 00 00 00 ;"....";4;;COM3;;
2332;27/08/2026 13:43:00;IRP_MJ_DEVICE_CONTROL (IOCTL_SERIAL_GET_COMMSTATUS);DOWN;;;"";;;COM3;;
2333;27/08/2026 13:43:00;IRP_MJ_DEVICE_CONTROL (IOCTL_SERIAL_GET_COMMSTATUS);UP;STATUS_SUCCESS;00 00 00 00 00 00 00 00 1a 00 00 00 00 00 00 00 00 00 00 00 ;"....................";20;;COM3;;
2334;27/08/2026 13:43:00;IRP_MJ_DEVICE_CONTROL (IOCTL_SERIAL_WAIT_ON_MASK);DOWN;;;"";;;COM3;;
2335;27/08/2026 13:43:00;IRP_MJ_DEVICE_CONTROL (IOCTL_SERIAL_WAIT_ON_MASK);UP;STATUS_SUCCESS;01 00 00 00 ;"....";4;;COM3;;
2336;27/08/2026 13:43:00;IRP_MJ_DEVICE_CONTROL (IOCTL_SERIAL_GET_COMMSTATUS);DOWN;;;"";;;COM3;;
2337;27/08/2026 13:43:00;IRP_MJ_DEVICE_CONTROL (IOCTL_SERIAL_GET_COMMSTATUS);UP;STATUS_SUCCESS;00 00 00 00 00 00 00 00 1b 00 00 00 00 00 00 00 00 00 00 00 ;"....................";20;;COM3;;
2338;27/08/2026 13:43:00;IRP_MJ_DEVICE_CONTROL (IOCTL_SERIAL_WAIT_ON_MASK);DOWN;;;"";;;COM3;;
2339;27/08/2026 13:43:00;IRP_MJ_DEVICE_CONTROL (IOCTL_SERIAL_GET_COMMSTATUS);DOWN;;;"";;;COM3;;
2340;27/08/2026 13:43:00;IRP_MJ_DEVICE_CONTROL (IOCTL_SERIAL_GET_COMMSTATUS);UP;STATUS_SUCCESS;00 00 00 00 00 00 00 00 1b 00 00 00 00 00 00 00 00 00 00 00 ;"....................";20;;COM3;;
2341;27/08/2026 13:43:00;IRP_MJ_DEVICE_CONTROL (IOCTL_SERIAL_WAIT_ON_MASK);UP;STATUS_SUCCESS;01 00 00 00 ;"....";4;;COM3;;
2342;27/08/2026 13:43:00;IRP_MJ_DEVICE_CONTROL (IOCTL_SERIAL_GET_COMMSTATUS);DOWN;;;"";;;COM3;;
2343;27/08/2026 13:43:00;IRP_MJ_DEVICE_CONTROL (IOCTL_SERIAL_GET_COMMSTATUS);UP;STATUS_SUCCESS;00 00 00 00 00 00 00 00 1c 00 00 00 00 00 00 00 00 00 00 00 ;"....................";20;;COM3;;
2344;27/08/2026 13:43:00;IRP_MJ_DEVICE_CONTROL (IOCTL_SERIAL_WAIT_ON_MASK);DOWN;;;"";;;COM3;;
2345;27/08/2026 13:43:00;IRP_MJ_DEVICE_CONTROL (IOCTL_SERIAL_WAIT_ON_MASK);UP;STATUS_SUCCESS;01 00 00 00 ;"....";4;;COM3;;
2346;27/08/2026 13:43:00;IRP_MJ_DEVICE_CONTROL (IOCTL_SERIAL_GET_COMMSTATUS);DOWN;;;"";;;COM3;;
2347;27/08/2026 13:43:00;IRP_MJ_DEVICE_CONTROL (IOCTL_SERIAL_GET_COMMSTATUS);UP;STATUS_SUCCESS;00 00 00 00 00 00 00 00 1d 00 00 00 00 00 00 00 00 00 00 00 ;"....................";20;;COM3;;
2348;27/08/2026 13:43:00;IRP_MJ_DEVICE_CONTROL (IOCTL_SERIAL_WAIT_ON_MASK);DOWN;;;"";;;COM3;;
2349;27/08/2026 13:43:00;IRP_MJ_DEVICE_CONTROL (IOCTL_SERIAL_WAIT_ON_MASK);UP;STATUS_SUCCESS;01 00 00 00 ;"....";4;;COM3;;
2350;27/08/2026 13:43:00;IRP_MJ_DEVICE_CONTROL (IOCTL_SERIAL_GET_COMMSTATUS);DOWN;;;"";;;COM3;;
2351;27/08/2026 13:43:00;IRP_MJ_DEVICE_CONTROL (IOCTL_SERIAL_GET_COMMSTATUS);UP;STATUS_SUCCESS;00 00 00 00 00 00 00 00 1e 00 00 00 00 00 00 00 00 00 00 00 ;"....................";20;;COM3;;
2352;27/08/2026 13:43:00;IRP_MJ_DEVICE_CONTROL (IOCTL_SERIAL_WAIT_ON_MASK);DOWN;;;"";;;COM3;;
2353;27/08/2026 13:43:00;IRP_MJ_DEVICE_CONTROL (IOCTL_SERIAL_WAIT_ON_MASK);UP;STATUS_SUCCESS;01 00 00 00 ;"....";4;;COM3;;
2354;27/08/2026 13:43:00;IRP_MJ_DEVICE_CONTROL (IOCTL_SERIAL_GET_COMMSTATUS);DOWN;;;"";;;COM3;;
2355;27/08/2026 13:43:00;IRP_MJ_DEVICE_CONTROL (IOCTL_SERIAL_GET_COMMSTATUS);UP;STATUS_SUCCESS;00 00 00 00 00 00 00 00 1f 00 00 00 00 00 00 00 00 00 00 00 ;"....................";20;;COM3;;
2356;27/08/2026 13:43:00;IRP_MJ_DEVICE_CONTROL (IOCTL_SERIAL_WAIT_ON_MASK);DOWN;;;"";;;COM3;;
2357;27/08/2026 13:43:00;IRP_MJ_DEVICE_CONTROL (IOCTL_SERIAL_WAIT_ON_MASK);UP;STATUS_SUCCESS;01 00 00 00 ;"....";4;;COM3;;
2358;27/08/2026 13:43:00;IRP_MJ_DEVICE_CONTROL (IOCTL_SERIAL_GET_COMMSTATUS);DOWN;;;"";;;COM3;;
2359;27/08/2026 13:43:00;IRP_MJ_DEVICE_CONTROL (IOCTL_SERIAL_GET_COMMSTATUS);UP;STATUS_SUCCESS;00 00 00 00 00 00 00 00 20 00 00 00 00 00 00 00 00 00 00 00 ;"........ ...........";20;;COM3;;
2360;27/08/2026 13:43:00;IRP_MJ_DEVICE_CONTROL (IOCTL_SERIAL_WAIT_ON_MASK);DOWN;;;"";;;COM3;;
2361;27/08/2026 13:43:00;IRP_MJ_DEVICE_CONTROL (IOCTL_SERIAL_WAIT_ON_MASK);UP;STATUS_SUCCESS;01 00 00 00 ;"....";4;;COM3;;
2362;27/08/2026 13:43:00;IRP_MJ_DEVICE_CONTROL (IOCTL_SERIAL_GET_COMMSTATUS);DOWN;;;"";;;COM3;;
2363;27/08/2026 13:43:00;IRP_MJ_DEVICE_CONTROL (IOCTL_SERIAL_GET_COMMSTATUS);UP;STATUS_SUCCESS;00 00 00 00 00 00 00 00 21 00 00 00 00 00 00 00 00 00 00 00 ;"........!...........";20;;COM3;;
2364;27/08/2026 13:43:00;IRP_MJ_DEVICE_CONTROL (IOCTL_SERIAL_WAIT_ON_MASK);DOWN;;;"";;;COM3;;
2365;27/08/2026 13:43:00;IRP_MJ_DEVICE_CONTROL (IOCTL_SERIAL_WAIT_ON_MASK);UP;STATUS_SUCCESS;01 00 00 00 ;"....";4;;COM3;;
2366;27/08/2026 13:43:00;IRP_MJ_DEVICE_CONTROL (IOCTL_SERIAL_GET_COMMSTATUS);DOWN;;;"";;;COM3;;
2367;27/08/2026 13:43:00;IRP_MJ_DEVICE_CONTROL (IOCTL_SERIAL_GET_COMMSTATUS);UP;STATUS_SUCCESS;00 00 00 00 00 00 00 00 22 00 00 00 00 00 00 00 00 00 00 00 ;"........""...........";20;;COM3;;
2368;27/08/2026 13:43:00;IRP_MJ_DEVICE_CONTROL (IOCTL_SERIAL_WAIT_ON_MASK);DOWN;;;"";;;COM3;;
2369;27/08/2026 13:43:00;IRP_MJ_DEVICE_CONTROL (IOCTL_SERIAL_GET_COMMSTATUS);DOWN;;;"";;;COM3;;
2370;27/08/2026 13:43:00;IRP_MJ_DEVICE_CONTROL (IOCTL_SERIAL_GET_COMMSTATUS);UP;STATUS_SUCCESS;00 00 00 00 00 00 00 00 22 00 00 00 00 00 00 00 00 00 00 00 ;"........""...........";20;;COM3;;
2371;27/08/2026 13:43:00;IRP_MJ_DEVICE_CONTROL (IOCTL_SERIAL_WAIT_ON_MASK);UP;STATUS_SUCCESS;01 00 00 00 ;"....";4;;COM3;;
2372;27/08/2026 13:43:00;IRP_MJ_DEVICE_CONTROL (IOCTL_SERIAL_GET_COMMSTATUS);DOWN;;;"";;;COM3;;
2373;27/08/2026 13:43:00;IRP_MJ_DEVICE_CONTROL (IOCTL_SERIAL_GET_COMMSTATUS);UP;STATUS_SUCCESS;00 00 00 00 00 00 00 00 23 00 00 00 00 00 00 00 00 00 00 00 ;"........#...........";20;;COM3;;
2374;27/08/2026 13:43:00;IRP_MJ_DEVICE_CONTROL (IOCTL_SERIAL_WAIT_ON_MASK);DOWN;;;"";;;COM3;;
2375;27/08/2026 13:43:00;IRP_MJ_DEVICE_CONTROL (IOCTL_SERIAL_WAIT_ON_MASK);UP;STATUS_SUCCESS;01 00 00 00 ;"....";4;;COM3;;
2376;27/08/2026 13:43:00;IRP_MJ_DEVICE_CONTROL (IOCTL_SERIAL_GET_COMMSTATUS);DOWN;;;"";;;COM3;;
2377;27/08/2026 13:43:00;IRP_MJ_DEVICE_CONTROL (IOCTL_SERIAL_GET_COMMSTATUS);UP;STATUS_SUCCESS;00 00 00 00 00 00 00 00 24 00 00 00 00 00 00 00 00 00 00 00 ;"........$...........";20;;COM3;;
2378;27/08/2026 13:43:00;IRP_MJ_DEVICE_CONTROL (IOCTL_SERIAL_WAIT_ON_MASK);DOWN;;;"";;;COM3;;
2379;27/08/2026 13:43:00;IRP_MJ_DEVICE_CONTROL (IOCTL_SERIAL_WAIT_ON_MASK);UP;STATUS_SUCCESS;01 00 00 00 ;"....";4;;COM3;;
2380;27/08/2026 13:43:00;IRP_MJ_DEVICE_CONTROL (IOCTL_SERIAL_GET_COMMSTATUS);DOWN;;;"";;;COM3;;
2381;27/08/2026 13:43:00;IRP_MJ_DEVICE_CONTROL (IOCTL_SERIAL_GET_COMMSTATUS);UP;STATUS_SUCCESS;00 00 00 00 00 00 00 00 25 00 00 00 00 00 00 00 00 00 00 00 ;"........%...........";20;;COM3;;
2382;27/08/2026 13:43:00;IRP_MJ_DEVICE_CONTROL (IOCTL_SERIAL_WAIT_ON_MASK);DOWN;;;"";;;COM3;;
2383;27/08/2026 13:43:00;IRP_MJ_DEVICE_CONTROL (IOCTL_SERIAL_WAIT_ON_MASK);UP;STATUS_SUCCESS;01 00 00 00 ;"....";4;;COM3;;
2384;27/08/2026 13:43:00;IRP_MJ_DEVICE_CONTROL (IOCTL_SERIAL_GET_COMMSTATUS);DOWN;;;"";;;COM3;;
2385;27/08/2026 13:43:00;IRP_MJ_DEVICE_CONTROL (IOCTL_SERIAL_GET_COMMSTATUS);UP;STATUS_SUCCESS;00 00 00 00 00 00 00 00 26 00 00 00 00 00 00 00 00 00 00 00 ;"........&...........";20;;COM3;;
2386;27/08/2026 13:43:00;IRP_MJ_DEVICE_CONTROL (IOCTL_SERIAL_WAIT_ON_MASK);DOWN;;;"";;;COM3;;
2387;27/08/2026 13:43:00;IRP_MJ_DEVICE_CONTROL (IOCTL_SERIAL_WAIT_ON_MASK);UP;STATUS_SUCCESS;01 00 00 00 ;"....";4;;COM3;;
2388;27/08/2026 13:43:00;IRP_MJ_DEVICE_CONTROL (IOCTL_SERIAL_GET_COMMSTATUS);DOWN;;;"";;;COM3;;
2389;27/08/2026 13:43:00;IRP_MJ_DEVICE_CONTROL (IOCTL_SERIAL_GET_COMMSTATUS);UP;STATUS_SUCCESS;00 00 00 00 00 00 00 00 27 00 00 00 00 00 00 00 00 00 00 00 ;"........'...........";20;;COM3;;
2390;27/08/2026 13:43:00;IRP_MJ_DEVICE_CONTROL (IOCTL_SERIAL_WAIT_ON_MASK);DOWN;;;"";;;COM3;;
2391;27/08/2026 13:43:00;IRP_MJ_DEVICE_CONTROL (IOCTL_SERIAL_GET_COMMSTATUS);DOWN;;;"";;;COM3;;
2392;27/08/2026 13:43:00;IRP_MJ_DEVICE_CONTROL (IOCTL_SERIAL_GET_COMMSTATUS);UP;STATUS_SUCCESS;00 00 00 00 00 00 00 00 27 00 00 00 00 00 00 00 00 00 00 00 ;"........'...........";20;;COM3;;
2393;27/08/2026 13:43:00;IRP_MJ_DEVICE_CONTROL (IOCTL_SERIAL_GET_COMMSTATUS);DOWN;;;"";;;COM3;;
2394;27/08/2026 13:43:00;IRP_MJ_DEVICE_CONTROL (IOCTL_SERIAL_GET_COMMSTATUS);UP;STATUS_SUCCESS;00 00 00 00 00 00 00 00 27 00 00 00 00 00 00 00 00 00 00 00 ;"........'...........";20;;COM3;;
2395;27/08/2026 13:43:00;IRP_MJ_READ;DOWN;;;"";;39;COM3;;
2396;27/08/2026 13:43:00;IRP_MJ_READ;UP;STATUS_SUCCESS;04 03 22 50 56 07 08 ff ff ff ff 27 75 13 29 28 ae ff ff ff ff ff ff ff ff ff ff ff ff ff ff ff ff ff ff ff ff 20 72 ;"..""PV..ˇˇˇˇ'u.)(Æˇˇˇˇˇˇˇˇˇˇˇˇˇˇˇˇˇˇˇˇ r";39;;COM3;;
2397;27/08/2026 13:43:00;IRP_MJ_WRITE;DOWN;;04 03 4e 85 00 2b 03 41 ;"..NÖ.+.A";8;8;COM3;;
2398;27/08/2026 13:43:00;IRP_MJ_WRITE;UP;STATUS_SUCCESS;04 03 4e 85 00 2b 03 41 ;"..NÖ.+.A";8;;COM3;;
2399;27/08/2026 13:43:00;IRP_MJ_DEVICE_CONTROL (IOCTL_SERIAL_GET_COMMSTATUS);DOWN;;;"";;;COM3;;
2400;27/08/2026 13:43:00;IRP_MJ_DEVICE_CONTROL (IOCTL_SERIAL_GET_COMMSTATUS);UP;STATUS_SUCCESS;00 00 00 00 00 00 00 00 00 00 00 00 00 00 00 00 00 00 00 00 ;"....................";20;;COM3;;
2401;27/08/2026 13:43:00;IRP_MJ_DEVICE_CONTROL (IOCTL_SERIAL_GET_COMMSTATUS);DOWN;;;"";;;COM3;;
2402;27/08/2026 13:43:00;IRP_MJ_DEVICE_CONTROL (IOCTL_SERIAL_GET_COMMSTATUS);UP;STATUS_SUCCESS;00 00 00 00 00 00 00 00 00 00 00 00 00 00 00 00 00 00 00 00 ;"....................";20;;COM3;;
2403;27/08/2026 13:43:00;IRP_MJ_DEVICE_CONTROL (IOCTL_SERIAL_GET_COMMSTATUS);DOWN;;;"";;;COM3;;
2404;27/08/2026 13:43:00;IRP_MJ_DEVICE_CONTROL (IOCTL_SERIAL_GET_COMMSTATUS);UP;STATUS_SUCCESS;00 00 00 00 00 00 00 00 00 00 00 00 00 00 00 00 00 00 00 00 ;"....................";20;;COM3;;
2405;27/08/2026 13:43:00;IRP_MJ_DEVICE_CONTROL (IOCTL_SERIAL_GET_COMMSTATUS);DOWN;;;"";;;COM3;;
2406;27/08/2026 13:43:00;IRP_MJ_DEVICE_CONTROL (IOCTL_SERIAL_GET_COMMSTATUS);UP;STATUS_SUCCESS;00 00 00 00 00 00 00 00 00 00 00 00 00 00 00 00 00 00 00 00 ;"....................";20;;COM3;;
2407;27/08/2026 13:43:00;IRP_MJ_DEVICE_CONTROL (IOCTL_SERIAL_GET_COMMSTATUS);DOWN;;;"";;;COM3;;
2408;27/08/2026 13:43:00;IRP_MJ_DEVICE_CONTROL (IOCTL_SERIAL_GET_COMMSTATUS);UP;STATUS_SUCCESS;00 00 00 00 00 00 00 00 00 00 00 00 00 00 00 00 00 00 00 00 ;"....................";20;;COM3;;
2409;27/08/2026 13:43:00;IRP_MJ_DEVICE_CONTROL (IOCTL_SERIAL_GET_COMMSTATUS);DOWN;;;"";;;COM3;;
2410;27/08/2026 13:43:00;IRP_MJ_DEVICE_CONTROL (IOCTL_SERIAL_GET_COMMSTATUS);UP;STATUS_SUCCESS;00 00 00 00 00 00 00 00 00 00 00 00 00 00 00 00 00 00 00 00 ;"....................";20;;COM3;;
2411;27/08/2026 13:43:00;IRP_MJ_DEVICE_CONTROL (IOCTL_SERIAL_GET_COMMSTATUS);DOWN;;;"";;;COM3;;
2412;27/08/2026 13:43:00;IRP_MJ_DEVICE_CONTROL (IOCTL_SERIAL_GET_COMMSTATUS);UP;STATUS_SUCCESS;00 00 00 00 00 00 00 00 00 00 00 00 00 00 00 00 00 00 00 00 ;"....................";20;;COM3;;
2413;27/08/2026 13:43:00;IRP_MJ_DEVICE_CONTROL (IOCTL_SERIAL_GET_COMMSTATUS);DOWN;;;"";;;COM3;;
2414;27/08/2026 13:43:00;IRP_MJ_DEVICE_CONTROL (IOCTL_SERIAL_GET_COMMSTATUS);UP;STATUS_SUCCESS;00 00 00 00 00 00 00 00 00 00 00 00 00 00 00 00 00 00 00 00 ;"....................";20;;COM3;;
2415;27/08/2026 13:43:00;IRP_MJ_DEVICE_CONTROL (IOCTL_SERIAL_GET_COMMSTATUS);DOWN;;;"";;;COM3;;
2416;27/08/2026 13:43:00;IRP_MJ_DEVICE_CONTROL (IOCTL_SERIAL_GET_COMMSTATUS);UP;STATUS_SUCCESS;00 00 00 00 00 00 00 00 00 00 00 00 00 00 00 00 00 00 00 00 ;"....................";20;;COM3;;
2417;27/08/2026 13:43:00;IRP_MJ_DEVICE_CONTROL (IOCTL_SERIAL_GET_COMMSTATUS);DOWN;;;"";;;COM3;;
2418;27/08/2026 13:43:00;IRP_MJ_DEVICE_CONTROL (IOCTL_SERIAL_GET_COMMSTATUS);UP;STATUS_SUCCESS;00 00 00 00 00 00 00 00 00 00 00 00 00 00 00 00 00 00 00 00 ;"....................";20;;COM3;;
2419;27/08/2026 13:43:00;IRP_MJ_DEVICE_CONTROL (IOCTL_SERIAL_GET_COMMSTATUS);DOWN;;;"";;;COM3;;
2420;27/08/2026 13:43:00;IRP_MJ_DEVICE_CONTROL (IOCTL_SERIAL_GET_COMMSTATUS);UP;STATUS_SUCCESS;00 00 00 00 00 00 00 00 00 00 00 00 00 00 00 00 00 00 00 00 ;"....................";20;;COM3;;
2421;27/08/2026 13:43:00;IRP_MJ_DEVICE_CONTROL (IOCTL_SERIAL_GET_COMMSTATUS);DOWN;;;"";;;COM3;;
2422;27/08/2026 13:43:00;IRP_MJ_DEVICE_CONTROL (IOCTL_SERIAL_GET_COMMSTATUS);UP;STATUS_SUCCESS;00 00 00 00 00 00 00 00 00 00 00 00 00 00 00 00 00 00 00 00 ;"....................";20;;COM3;;
2423;27/08/2026 13:43:00;IRP_MJ_DEVICE_CONTROL (IOCTL_SERIAL_GET_COMMSTATUS);DOWN;;;"";;;COM3;;
2424;27/08/2026 13:43:00;IRP_MJ_DEVICE_CONTROL (IOCTL_SERIAL_GET_COMMSTATUS);UP;STATUS_SUCCESS;00 00 00 00 00 00 00 00 00 00 00 00 00 00 00 00 00 00 00 00 ;"....................";20;;COM3;;
2425;27/08/2026 13:43:00;IRP_MJ_DEVICE_CONTROL (IOCTL_SERIAL_WAIT_ON_MASK);UP;STATUS_SUCCESS;01 00 00 00 ;"....";4;;COM3;;
2426;27/08/2026 13:43:00;IRP_MJ_DEVICE_CONTROL (IOCTL_SERIAL_GET_COMMSTATUS);DOWN;;;"";;;COM3;;
2427;27/08/2026 13:43:00;IRP_MJ_DEVICE_CONTROL (IOCTL_SERIAL_GET_COMMSTATUS);UP;STATUS_SUCCESS;00 00 00 00 00 00 00 00 01 00 00 00 00 00 00 00 00 00 00 00 ;"....................";20;;COM3;;
2428;27/08/2026 13:43:00;IRP_MJ_DEVICE_CONTROL (IOCTL_SERIAL_WAIT_ON_MASK);DOWN;;;"";;;COM3;;
2429;27/08/2026 13:43:00;IRP_MJ_DEVICE_CONTROL (IOCTL_SERIAL_WAIT_ON_MASK);UP;STATUS_SUCCESS;01 00 00 00 ;"....";4;;COM3;;
2430;27/08/2026 13:43:00;IRP_MJ_DEVICE_CONTROL (IOCTL_SERIAL_GET_COMMSTATUS);DOWN;;;"";;;COM3;;
2431;27/08/2026 13:43:00;IRP_MJ_DEVICE_CONTROL (IOCTL_SERIAL_GET_COMMSTATUS);UP;STATUS_SUCCESS;00 00 00 00 00 00 00 00 02 00 00 00 00 00 00 00 00 00 00 00 ;"....................";20;;COM3;;
2432;27/08/2026 13:43:00;IRP_MJ_DEVICE_CONTROL (IOCTL_SERIAL_WAIT_ON_MASK);DOWN;;;"";;;COM3;;
2433;27/08/2026 13:43:00;IRP_MJ_DEVICE_CONTROL (IOCTL_SERIAL_WAIT_ON_MASK);UP;STATUS_SUCCESS;01 00 00 00 ;"....";4;;COM3;;
2434;27/08/2026 13:43:00;IRP_MJ_DEVICE_CONTROL (IOCTL_SERIAL_GET_COMMSTATUS);DOWN;;;"";;;COM3;;
2435;27/08/2026 13:43:00;IRP_MJ_DEVICE_CONTROL (IOCTL_SERIAL_GET_COMMSTATUS);UP;STATUS_SUCCESS;00 00 00 00 00 00 00 00 03 00 00 00 00 00 00 00 00 00 00 00 ;"....................";20;;COM3;;
2436;27/08/2026 13:43:00;IRP_MJ_DEVICE_CONTROL (IOCTL_SERIAL_WAIT_ON_MASK);DOWN;;;"";;;COM3;;
2437;27/08/2026 13:43:00;IRP_MJ_DEVICE_CONTROL (IOCTL_SERIAL_WAIT_ON_MASK);UP;STATUS_SUCCESS;01 00 00 00 ;"....";4;;COM3;;
2438;27/08/2026 13:43:00;IRP_MJ_DEVICE_CONTROL (IOCTL_SERIAL_GET_COMMSTATUS);DOWN;;;"";;;COM3;;
2439;27/08/2026 13:43:00;IRP_MJ_DEVICE_CONTROL (IOCTL_SERIAL_GET_COMMSTATUS);UP;STATUS_SUCCESS;00 00 00 00 00 00 00 00 04 00 00 00 00 00 00 00 00 00 00 00 ;"....................";20;;COM3;;
2440;27/08/2026 13:43:00;IRP_MJ_DEVICE_CONTROL (IOCTL_SERIAL_WAIT_ON_MASK);DOWN;;;"";;;COM3;;
2441;27/08/2026 13:43:00;IRP_MJ_DEVICE_CONTROL (IOCTL_SERIAL_WAIT_ON_MASK);UP;STATUS_SUCCESS;01 00 00 00 ;"....";4;;COM3;;
2442;27/08/2026 13:43:00;IRP_MJ_DEVICE_CONTROL (IOCTL_SERIAL_GET_COMMSTATUS);DOWN;;;"";;;COM3;;
2443;27/08/2026 13:43:00;IRP_MJ_DEVICE_CONTROL (IOCTL_SERIAL_GET_COMMSTATUS);UP;STATUS_SUCCESS;00 00 00 00 00 00 00 00 05 00 00 00 00 00 00 00 00 00 00 00 ;"....................";20;;COM3;;
2444;27/08/2026 13:43:00;IRP_MJ_DEVICE_CONTROL (IOCTL_SERIAL_WAIT_ON_MASK);DOWN;;;"";;;COM3;;
2445;27/08/2026 13:43:00;IRP_MJ_DEVICE_CONTROL (IOCTL_SERIAL_WAIT_ON_MASK);UP;STATUS_SUCCESS;01 00 00 00 ;"....";4;;COM3;;
2446;27/08/2026 13:43:00;IRP_MJ_DEVICE_CONTROL (IOCTL_SERIAL_GET_COMMSTATUS);DOWN;;;"";;;COM3;;
2447;27/08/2026 13:43:00;IRP_MJ_DEVICE_CONTROL (IOCTL_SERIAL_GET_COMMSTATUS);UP;STATUS_SUCCESS;00 00 00 00 00 00 00 00 06 00 00 00 00 00 00 00 00 00 00 00 ;"....................";20;;COM3;;
2448;27/08/2026 13:43:00;IRP_MJ_DEVICE_CONTROL (IOCTL_SERIAL_WAIT_ON_MASK);DOWN;;;"";;;COM3;;
2449;27/08/2026 13:43:00;IRP_MJ_DEVICE_CONTROL (IOCTL_SERIAL_GET_COMMSTATUS);DOWN;;;"";;;COM3;;
2450;27/08/2026 13:43:00;IRP_MJ_DEVICE_CONTROL (IOCTL_SERIAL_GET_COMMSTATUS);UP;STATUS_SUCCESS;00 00 00 00 00 00 00 00 06 00 00 00 00 00 00 00 00 00 00 00 ;"....................";20;;COM3;;
2451;27/08/2026 13:43:00;IRP_MJ_DEVICE_CONTROL (IOCTL_SERIAL_WAIT_ON_MASK);UP;STATUS_SUCCESS;01 00 00 00 ;"....";4;;COM3;;
2452;27/08/2026 13:43:00;IRP_MJ_DEVICE_CONTROL (IOCTL_SERIAL_GET_COMMSTATUS);DOWN;;;"";;;COM3;;
2453;27/08/2026 13:43:00;IRP_MJ_DEVICE_CONTROL (IOCTL_SERIAL_GET_COMMSTATUS);UP;STATUS_SUCCESS;00 00 00 00 00 00 00 00 07 00 00 00 00 00 00 00 00 00 00 00 ;"....................";20;;COM3;;
2454;27/08/2026 13:43:00;IRP_MJ_DEVICE_CONTROL (IOCTL_SERIAL_WAIT_ON_MASK);DOWN;;;"";;;COM3;;
2455;27/08/2026 13:43:00;IRP_MJ_DEVICE_CONTROL (IOCTL_SERIAL_WAIT_ON_MASK);UP;STATUS_SUCCESS;01 00 00 00 ;"....";4;;COM3;;
2456;27/08/2026 13:43:00;IRP_MJ_DEVICE_CONTROL (IOCTL_SERIAL_GET_COMMSTATUS);DOWN;;;"";;;COM3;;
2457;27/08/2026 13:43:00;IRP_MJ_DEVICE_CONTROL (IOCTL_SERIAL_GET_COMMSTATUS);UP;STATUS_SUCCESS;00 00 00 00 00 00 00 00 08 00 00 00 00 00 00 00 00 00 00 00 ;"....................";20;;COM3;;
2458;27/08/2026 13:43:00;IRP_MJ_DEVICE_CONTROL (IOCTL_SERIAL_WAIT_ON_MASK);DOWN;;;"";;;COM3;;
2459;27/08/2026 13:43:00;IRP_MJ_DEVICE_CONTROL (IOCTL_SERIAL_WAIT_ON_MASK);UP;STATUS_SUCCESS;01 00 00 00 ;"....";4;;COM3;;
2460;27/08/2026 13:43:00;IRP_MJ_DEVICE_CONTROL (IOCTL_SERIAL_GET_COMMSTATUS);DOWN;;;"";;;COM3;;
2461;27/08/2026 13:43:00;IRP_MJ_DEVICE_CONTROL (IOCTL_SERIAL_GET_COMMSTATUS);UP;STATUS_SUCCESS;00 00 00 00 00 00 00 00 09 00 00 00 00 00 00 00 00 00 00 00 ;"....................";20;;COM3;;
2462;27/08/2026 13:43:00;IRP_MJ_DEVICE_CONTROL (IOCTL_SERIAL_WAIT_ON_MASK);DOWN;;;"";;;COM3;;
2463;27/08/2026 13:43:00;IRP_MJ_DEVICE_CONTROL (IOCTL_SERIAL_WAIT_ON_MASK);UP;STATUS_SUCCESS;01 00 00 00 ;"....";4;;COM3;;
2464;27/08/2026 13:43:00;IRP_MJ_DEVICE_CONTROL (IOCTL_SERIAL_GET_COMMSTATUS);DOWN;;;"";;;COM3;;
2465;27/08/2026 13:43:00;IRP_MJ_DEVICE_CONTROL (IOCTL_SERIAL_GET_COMMSTATUS);UP;STATUS_SUCCESS;00 00 00 00 00 00 00 00 0a 00 00 00 00 00 00 00 00 00 00 00 ;"....................";20;;COM3;;
2466;27/08/2026 13:43:00;IRP_MJ_DEVICE_CONTROL (IOCTL_SERIAL_WAIT_ON_MASK);DOWN;;;"";;;COM3;;
2467;27/08/2026 13:43:00;IRP_MJ_DEVICE_CONTROL (IOCTL_SERIAL_WAIT_ON_MASK);UP;STATUS_SUCCESS;01 00 00 00 ;"....";4;;COM3;;
2468;27/08/2026 13:43:00;IRP_MJ_DEVICE_CONTROL (IOCTL_SERIAL_GET_COMMSTATUS);DOWN;;;"";;;COM3;;
2469;27/08/2026 13:43:00;IRP_MJ_DEVICE_CONTROL (IOCTL_SERIAL_GET_COMMSTATUS);UP;STATUS_SUCCESS;00 00 00 00 00 00 00 00 0b 00 00 00 00 00 00 00 00 00 00 00 ;"....................";20;;COM3;;
2470;27/08/2026 13:43:00;IRP_MJ_DEVICE_CONTROL (IOCTL_SERIAL_WAIT_ON_MASK);DOWN;;;"";;;COM3;;
2471;27/08/2026 13:43:00;IRP_MJ_DEVICE_CONTROL (IOCTL_SERIAL_WAIT_ON_MASK);UP;STATUS_SUCCESS;01 00 00 00 ;"....";4;;COM3;;
2472;27/08/2026 13:43:00;IRP_MJ_DEVICE_CONTROL (IOCTL_SERIAL_GET_COMMSTATUS);DOWN;;;"";;;COM3;;
2473;27/08/2026 13:43:00;IRP_MJ_DEVICE_CONTROL (IOCTL_SERIAL_GET_COMMSTATUS);UP;STATUS_SUCCESS;00 00 00 00 00 00 00 00 0c 00 00 00 00 00 00 00 00 00 00 00 ;"....................";20;;COM3;;
2474;27/08/2026 13:43:00;IRP_MJ_DEVICE_CONTROL (IOCTL_SERIAL_WAIT_ON_MASK);DOWN;;;"";;;COM3;;
2475;27/08/2026 13:43:00;IRP_MJ_DEVICE_CONTROL (IOCTL_SERIAL_WAIT_ON_MASK);UP;STATUS_SUCCESS;01 00 00 00 ;"....";4;;COM3;;
2476;27/08/2026 13:43:00;IRP_MJ_DEVICE_CONTROL (IOCTL_SERIAL_GET_COMMSTATUS);DOWN;;;"";;;COM3;;
2477;27/08/2026 13:43:00;IRP_MJ_DEVICE_CONTROL (IOCTL_SERIAL_GET_COMMSTATUS);UP;STATUS_SUCCESS;00 00 00 00 00 00 00 00 0d 00 00 00 00 00 00 00 00 00 00 00 ;"....................";20;;COM3;;
2478;27/08/2026 13:43:00;IRP_MJ_DEVICE_CONTROL (IOCTL_SERIAL_WAIT_ON_MASK);DOWN;;;"";;;COM3;;
2479;27/08/2026 13:43:00;IRP_MJ_DEVICE_CONTROL (IOCTL_SERIAL_GET_COMMSTATUS);DOWN;;;"";;;COM3;;
2480;27/08/2026 13:43:00;IRP_MJ_DEVICE_CONTROL (IOCTL_SERIAL_GET_COMMSTATUS);UP;STATUS_SUCCESS;00 00 00 00 00 00 00 00 0d 00 00 00 00 00 00 00 00 00 00 00 ;"....................";20;;COM3;;
2481;27/08/2026 13:43:00;IRP_MJ_DEVICE_CONTROL (IOCTL_SERIAL_WAIT_ON_MASK);UP;STATUS_SUCCESS;01 00 00 00 ;"....";4;;COM3;;
2482;27/08/2026 13:43:00;IRP_MJ_DEVICE_CONTROL (IOCTL_SERIAL_GET_COMMSTATUS);DOWN;;;"";;;COM3;;
2483;27/08/2026 13:43:00;IRP_MJ_DEVICE_CONTROL (IOCTL_SERIAL_GET_COMMSTATUS);UP;STATUS_SUCCESS;00 00 00 00 00 00 00 00 0e 00 00 00 00 00 00 00 00 00 00 00 ;"....................";20;;COM3;;
2484;27/08/2026 13:43:00;IRP_MJ_DEVICE_CONTROL (IOCTL_SERIAL_WAIT_ON_MASK);DOWN;;;"";;;COM3;;
2485;27/08/2026 13:43:00;IRP_MJ_DEVICE_CONTROL (IOCTL_SERIAL_WAIT_ON_MASK);UP;STATUS_SUCCESS;01 00 00 00 ;"....";4;;COM3;;
2486;27/08/2026 13:43:00;IRP_MJ_DEVICE_CONTROL (IOCTL_SERIAL_GET_COMMSTATUS);DOWN;;;"";;;COM3;;
2487;27/08/2026 13:43:00;IRP_MJ_DEVICE_CONTROL (IOCTL_SERIAL_GET_COMMSTATUS);UP;STATUS_SUCCESS;00 00 00 00 00 00 00 00 0f 00 00 00 00 00 00 00 00 00 00 00 ;"....................";20;;COM3;;
2488;27/08/2026 13:43:00;IRP_MJ_DEVICE_CONTROL (IOCTL_SERIAL_WAIT_ON_MASK);DOWN;;;"";;;COM3;;
2489;27/08/2026 13:43:00;IRP_MJ_DEVICE_CONTROL (IOCTL_SERIAL_WAIT_ON_MASK);UP;STATUS_SUCCESS;01 00 00 00 ;"....";4;;COM3;;
2490;27/08/2026 13:43:00;IRP_MJ_DEVICE_CONTROL (IOCTL_SERIAL_GET_COMMSTATUS);DOWN;;;"";;;COM3;;
2491;27/08/2026 13:43:00;IRP_MJ_DEVICE_CONTROL (IOCTL_SERIAL_GET_COMMSTATUS);UP;STATUS_SUCCESS;00 00 00 00 00 00 00 00 10 00 00 00 00 00 00 00 00 00 00 00 ;"....................";20;;COM3;;
2492;27/08/2026 13:43:00;IRP_MJ_DEVICE_CONTROL (IOCTL_SERIAL_WAIT_ON_MASK);DOWN;;;"";;;COM3;;
2493;27/08/2026 13:43:00;IRP_MJ_DEVICE_CONTROL (IOCTL_SERIAL_WAIT_ON_MASK);UP;STATUS_SUCCESS;01 00 00 00 ;"....";4;;COM3;;
2494;27/08/2026 13:43:00;IRP_MJ_DEVICE_CONTROL (IOCTL_SERIAL_GET_COMMSTATUS);DOWN;;;"";;;COM3;;
2495;27/08/2026 13:43:00;IRP_MJ_DEVICE_CONTROL (IOCTL_SERIAL_GET_COMMSTATUS);UP;STATUS_SUCCESS;00 00 00 00 00 00 00 00 11 00 00 00 00 00 00 00 00 00 00 00 ;"....................";20;;COM3;;
2496;27/08/2026 13:43:00;IRP_MJ_DEVICE_CONTROL (IOCTL_SERIAL_WAIT_ON_MASK);DOWN;;;"";;;COM3;;
2497;27/08/2026 13:43:00;IRP_MJ_DEVICE_CONTROL (IOCTL_SERIAL_WAIT_ON_MASK);UP;STATUS_SUCCESS;01 00 00 00 ;"....";4;;COM3;;
2498;27/08/2026 13:43:00;IRP_MJ_DEVICE_CONTROL (IOCTL_SERIAL_GET_COMMSTATUS);DOWN;;;"";;;COM3;;
2499;27/08/2026 13:43:00;IRP_MJ_DEVICE_CONTROL (IOCTL_SERIAL_GET_COMMSTATUS);UP;STATUS_SUCCESS;00 00 00 00 00 00 00 00 12 00 00 00 00 00 00 00 00 00 00 00 ;"....................";20;;COM3;;
2500;27/08/2026 13:43:00;IRP_MJ_DEVICE_CONTROL (IOCTL_SERIAL_WAIT_ON_MASK);DOWN;;;"";;;COM3;;
2501;27/08/2026 13:43:00;IRP_MJ_DEVICE_CONTROL (IOCTL_SERIAL_WAIT_ON_MASK);UP;STATUS_SUCCESS;01 00 00 00 ;"....";4;;COM3;;
2502;27/08/2026 13:43:00;IRP_MJ_DEVICE_CONTROL (IOCTL_SERIAL_GET_COMMSTATUS);DOWN;;;"";;;COM3;;
2503;27/08/2026 13:43:00;IRP_MJ_DEVICE_CONTROL (IOCTL_SERIAL_GET_COMMSTATUS);UP;STATUS_SUCCESS;00 00 00 00 00 00 00 00 13 00 00 00 00 00 00 00 00 00 00 00 ;"....................";20;;COM3;;
2504;27/08/2026 13:43:00;IRP_MJ_DEVICE_CONTROL (IOCTL_SERIAL_WAIT_ON_MASK);DOWN;;;"";;;COM3;;
2505;27/08/2026 13:43:00;IRP_MJ_DEVICE_CONTROL (IOCTL_SERIAL_GET_COMMSTATUS);DOWN;;;"";;;COM3;;
2506;27/08/2026 13:43:00;IRP_MJ_DEVICE_CONTROL (IOCTL_SERIAL_GET_COMMSTATUS);UP;STATUS_SUCCESS;00 00 00 00 00 00 00 00 13 00 00 00 00 00 00 00 00 00 00 00 ;"....................";20;;COM3;;
2507;27/08/2026 13:43:00;IRP_MJ_DEVICE_CONTROL (IOCTL_SERIAL_WAIT_ON_MASK);UP;STATUS_SUCCESS;01 00 00 00 ;"....";4;;COM3;;
2508;27/08/2026 13:43:00;IRP_MJ_DEVICE_CONTROL (IOCTL_SERIAL_GET_COMMSTATUS);DOWN;;;"";;;COM3;;
2509;27/08/2026 13:43:00;IRP_MJ_DEVICE_CONTROL (IOCTL_SERIAL_GET_COMMSTATUS);UP;STATUS_SUCCESS;00 00 00 00 00 00 00 00 14 00 00 00 00 00 00 00 00 00 00 00 ;"....................";20;;COM3;;
2510;27/08/2026 13:43:00;IRP_MJ_DEVICE_CONTROL (IOCTL_SERIAL_WAIT_ON_MASK);DOWN;;;"";;;COM3;;
2511;27/08/2026 13:43:00;IRP_MJ_DEVICE_CONTROL (IOCTL_SERIAL_WAIT_ON_MASK);UP;STATUS_SUCCESS;01 00 00 00 ;"....";4;;COM3;;
2512;27/08/2026 13:43:00;IRP_MJ_DEVICE_CONTROL (IOCTL_SERIAL_GET_COMMSTATUS);DOWN;;;"";;;COM3;;
2513;27/08/2026 13:43:00;IRP_MJ_DEVICE_CONTROL (IOCTL_SERIAL_GET_COMMSTATUS);UP;STATUS_SUCCESS;00 00 00 00 00 00 00 00 15 00 00 00 00 00 00 00 00 00 00 00 ;"....................";20;;COM3;;
2514;27/08/2026 13:43:00;IRP_MJ_DEVICE_CONTROL (IOCTL_SERIAL_WAIT_ON_MASK);DOWN;;;"";;;COM3;;
2515;27/08/2026 13:43:00;IRP_MJ_DEVICE_CONTROL (IOCTL_SERIAL_WAIT_ON_MASK);UP;STATUS_SUCCESS;01 00 00 00 ;"....";4;;COM3;;
2516;27/08/2026 13:43:00;IRP_MJ_DEVICE_CONTROL (IOCTL_SERIAL_GET_COMMSTATUS);DOWN;;;"";;;COM3;;
2517;27/08/2026 13:43:00;IRP_MJ_DEVICE_CONTROL (IOCTL_SERIAL_GET_COMMSTATUS);UP;STATUS_SUCCESS;00 00 00 00 00 00 00 00 16 00 00 00 00 00 00 00 00 00 00 00 ;"....................";20;;COM3;;
2518;27/08/2026 13:43:00;IRP_MJ_DEVICE_CONTROL (IOCTL_SERIAL_WAIT_ON_MASK);DOWN;;;"";;;COM3;;
2519;27/08/2026 13:43:00;IRP_MJ_DEVICE_CONTROL (IOCTL_SERIAL_WAIT_ON_MASK);UP;STATUS_SUCCESS;01 00 00 00 ;"....";4;;COM3;;
2520;27/08/2026 13:43:00;IRP_MJ_DEVICE_CONTROL (IOCTL_SERIAL_GET_COMMSTATUS);DOWN;;;"";;;COM3;;
2521;27/08/2026 13:43:00;IRP_MJ_DEVICE_CONTROL (IOCTL_SERIAL_GET_COMMSTATUS);UP;STATUS_SUCCESS;00 00 00 00 00 00 00 00 17 00 00 00 00 00 00 00 00 00 00 00 ;"....................";20;;COM3;;
2522;27/08/2026 13:43:00;IRP_MJ_DEVICE_CONTROL (IOCTL_SERIAL_WAIT_ON_MASK);DOWN;;;"";;;COM3;;
2523;27/08/2026 13:43:00;IRP_MJ_DEVICE_CONTROL (IOCTL_SERIAL_WAIT_ON_MASK);UP;STATUS_SUCCESS;01 00 00 00 ;"....";4;;COM3;;
2524;27/08/2026 13:43:00;IRP_MJ_DEVICE_CONTROL (IOCTL_SERIAL_GET_COMMSTATUS);DOWN;;;"";;;COM3;;
2525;27/08/2026 13:43:00;IRP_MJ_DEVICE_CONTROL (IOCTL_SERIAL_GET_COMMSTATUS);UP;STATUS_SUCCESS;00 00 00 00 00 00 00 00 18 00 00 00 00 00 00 00 00 00 00 00 ;"....................";20;;COM3;;
2526;27/08/2026 13:43:00;IRP_MJ_DEVICE_CONTROL (IOCTL_SERIAL_WAIT_ON_MASK);DOWN;;;"";;;COM3;;
2527;27/08/2026 13:43:00;IRP_MJ_DEVICE_CONTROL (IOCTL_SERIAL_WAIT_ON_MASK);UP;STATUS_SUCCESS;01 00 00 00 ;"....";4;;COM3;;
2528;27/08/2026 13:43:00;IRP_MJ_DEVICE_CONTROL (IOCTL_SERIAL_GET_COMMSTATUS);DOWN;;;"";;;COM3;;
2529;27/08/2026 13:43:00;IRP_MJ_DEVICE_CONTROL (IOCTL_SERIAL_GET_COMMSTATUS);UP;STATUS_SUCCESS;00 00 00 00 00 00 00 00 19 00 00 00 00 00 00 00 00 00 00 00 ;"....................";20;;COM3;;
2530;27/08/2026 13:43:00;IRP_MJ_DEVICE_CONTROL (IOCTL_SERIAL_WAIT_ON_MASK);DOWN;;;"";;;COM3;;
2531;27/08/2026 13:43:00;IRP_MJ_DEVICE_CONTROL (IOCTL_SERIAL_WAIT_ON_MASK);UP;STATUS_SUCCESS;01 00 00 00 ;"....";4;;COM3;;
2532;27/08/2026 13:43:00;IRP_MJ_DEVICE_CONTROL (IOCTL_SERIAL_GET_COMMSTATUS);DOWN;;;"";;;COM3;;
2533;27/08/2026 13:43:00;IRP_MJ_DEVICE_CONTROL (IOCTL_SERIAL_GET_COMMSTATUS);DOWN;;;"";;;COM3;;
2534;27/08/2026 13:43:00;IRP_MJ_DEVICE_CONTROL (IOCTL_SERIAL_GET_COMMSTATUS);UP;STATUS_SUCCESS;00 00 00 00 00 00 00 00 1a 00 00 00 00 00 00 00 00 00 00 00 ;"....................";20;;COM3;;
2535;27/08/2026 13:43:00;IRP_MJ_DEVICE_CONTROL (IOCTL_SERIAL_GET_COMMSTATUS);UP;STATUS_SUCCESS;00 00 00 00 00 00 00 00 1a 00 00 00 00 00 00 00 00 00 00 00 ;"....................";20;;COM3;;
2536;27/08/2026 13:43:00;IRP_MJ_DEVICE_CONTROL (IOCTL_SERIAL_WAIT_ON_MASK);DOWN;;;"";;;COM3;;
2537;27/08/2026 13:43:00;IRP_MJ_DEVICE_CONTROL (IOCTL_SERIAL_WAIT_ON_MASK);UP;STATUS_SUCCESS;01 00 00 00 ;"....";4;;COM3;;
2538;27/08/2026 13:43:00;IRP_MJ_DEVICE_CONTROL (IOCTL_SERIAL_GET_COMMSTATUS);DOWN;;;"";;;COM3;;
2539;27/08/2026 13:43:00;IRP_MJ_DEVICE_CONTROL (IOCTL_SERIAL_GET_COMMSTATUS);UP;STATUS_SUCCESS;00 00 00 00 00 00 00 00 1b 00 00 00 00 00 00 00 00 00 00 00 ;"....................";20;;COM3;;
2540;27/08/2026 13:43:00;IRP_MJ_DEVICE_CONTROL (IOCTL_SERIAL_WAIT_ON_MASK);DOWN;;;"";;;COM3;;
2541;27/08/2026 13:43:00;IRP_MJ_DEVICE_CONTROL (IOCTL_SERIAL_WAIT_ON_MASK);UP;STATUS_SUCCESS;01 00 00 00 ;"....";4;;COM3;;
2542;27/08/2026 13:43:00;IRP_MJ_DEVICE_CONTROL (IOCTL_SERIAL_GET_COMMSTATUS);DOWN;;;"";;;COM3;;
2543;27/08/2026 13:43:00;IRP_MJ_DEVICE_CONTROL (IOCTL_SERIAL_GET_COMMSTATUS);UP;STATUS_SUCCESS;00 00 00 00 00 00 00 00 1c 00 00 00 00 00 00 00 00 00 00 00 ;"....................";20;;COM3;;
2544;27/08/2026 13:43:00;IRP_MJ_DEVICE_CONTROL (IOCTL_SERIAL_WAIT_ON_MASK);DOWN;;;"";;;COM3;;
2545;27/08/2026 13:43:00;IRP_MJ_DEVICE_CONTROL (IOCTL_SERIAL_WAIT_ON_MASK);UP;STATUS_SUCCESS;01 00 00 00 ;"....";4;;COM3;;
2546;27/08/2026 13:43:00;IRP_MJ_DEVICE_CONTROL (IOCTL_SERIAL_GET_COMMSTATUS);DOWN;;;"";;;COM3;;
2547;27/08/2026 13:43:00;IRP_MJ_DEVICE_CONTROL (IOCTL_SERIAL_GET_COMMSTATUS);UP;STATUS_SUCCESS;00 00 00 00 00 00 00 00 1d 00 00 00 00 00 00 00 00 00 00 00 ;"....................";20;;COM3;;
2548;27/08/2026 13:43:00;IRP_MJ_DEVICE_CONTROL (IOCTL_SERIAL_WAIT_ON_MASK);DOWN;;;"";;;COM3;;
2549;27/08/2026 13:43:00;IRP_MJ_DEVICE_CONTROL (IOCTL_SERIAL_WAIT_ON_MASK);UP;STATUS_SUCCESS;01 00 00 00 ;"....";4;;COM3;;
2550;27/08/2026 13:43:00;IRP_MJ_DEVICE_CONTROL (IOCTL_SERIAL_GET_COMMSTATUS);DOWN;;;"";;;COM3;;
2551;27/08/2026 13:43:00;IRP_MJ_DEVICE_CONTROL (IOCTL_SERIAL_GET_COMMSTATUS);UP;STATUS_SUCCESS;00 00 00 00 00 00 00 00 1e 00 00 00 00 00 00 00 00 00 00 00 ;"....................";20;;COM3;;
2552;27/08/2026 13:43:00;IRP_MJ_DEVICE_CONTROL (IOCTL_SERIAL_WAIT_ON_MASK);DOWN;;;"";;;COM3;;
2553;27/08/2026 13:43:00;IRP_MJ_DEVICE_CONTROL (IOCTL_SERIAL_WAIT_ON_MASK);UP;STATUS_SUCCESS;01 00 00 00 ;"....";4;;COM3;;
2554;27/08/2026 13:43:00;IRP_MJ_DEVICE_CONTROL (IOCTL_SERIAL_GET_COMMSTATUS);DOWN;;;"";;;COM3;;
2555;27/08/2026 13:43:00;IRP_MJ_DEVICE_CONTROL (IOCTL_SERIAL_GET_COMMSTATUS);UP;STATUS_SUCCESS;00 00 00 00 00 00 00 00 1f 00 00 00 00 00 00 00 00 00 00 00 ;"....................";20;;COM3;;
2556;27/08/2026 13:43:00;IRP_MJ_DEVICE_CONTROL (IOCTL_SERIAL_WAIT_ON_MASK);DOWN;;;"";;;COM3;;
2557;27/08/2026 13:43:00;IRP_MJ_DEVICE_CONTROL (IOCTL_SERIAL_WAIT_ON_MASK);UP;STATUS_SUCCESS;01 00 00 00 ;"....";4;;COM3;;
2558;27/08/2026 13:43:00;IRP_MJ_DEVICE_CONTROL (IOCTL_SERIAL_GET_COMMSTATUS);DOWN;;;"";;;COM3;;
2559;27/08/2026 13:43:00;IRP_MJ_DEVICE_CONTROL (IOCTL_SERIAL_GET_COMMSTATUS);UP;STATUS_SUCCESS;00 00 00 00 00 00 00 00 20 00 00 00 00 00 00 00 00 00 00 00 ;"........ ...........";20;;COM3;;
2560;27/08/2026 13:43:00;IRP_MJ_DEVICE_CONTROL (IOCTL_SERIAL_WAIT_ON_MASK);DOWN;;;"";;;COM3;;
2561;27/08/2026 13:43:00;IRP_MJ_DEVICE_CONTROL (IOCTL_SERIAL_GET_COMMSTATUS);DOWN;;;"";;;COM3;;
2562;27/08/2026 13:43:00;IRP_MJ_DEVICE_CONTROL (IOCTL_SERIAL_GET_COMMSTATUS);UP;STATUS_SUCCESS;00 00 00 00 00 00 00 00 20 00 00 00 00 00 00 00 00 00 00 00 ;"........ ...........";20;;COM3;;
2563;27/08/2026 13:43:00;IRP_MJ_DEVICE_CONTROL (IOCTL_SERIAL_WAIT_ON_MASK);UP;STATUS_SUCCESS;01 00 00 00 ;"....";4;;COM3;;
2564;27/08/2026 13:43:00;IRP_MJ_DEVICE_CONTROL (IOCTL_SERIAL_GET_COMMSTATUS);DOWN;;;"";;;COM3;;
2565;27/08/2026 13:43:00;IRP_MJ_DEVICE_CONTROL (IOCTL_SERIAL_GET_COMMSTATUS);UP;STATUS_SUCCESS;00 00 00 00 00 00 00 00 21 00 00 00 00 00 00 00 00 00 00 00 ;"........!...........";20;;COM3;;
2566;27/08/2026 13:43:00;IRP_MJ_DEVICE_CONTROL (IOCTL_SERIAL_WAIT_ON_MASK);DOWN;;;"";;;COM3;;
2567;27/08/2026 13:43:00;IRP_MJ_DEVICE_CONTROL (IOCTL_SERIAL_WAIT_ON_MASK);UP;STATUS_SUCCESS;01 00 00 00 ;"....";4;;COM3;;
2568;27/08/2026 13:43:00;IRP_MJ_DEVICE_CONTROL (IOCTL_SERIAL_GET_COMMSTATUS);DOWN;;;"";;;COM3;;
2569;27/08/2026 13:43:00;IRP_MJ_DEVICE_CONTROL (IOCTL_SERIAL_GET_COMMSTATUS);UP;STATUS_SUCCESS;00 00 00 00 00 00 00 00 22 00 00 00 00 00 00 00 00 00 00 00 ;"........""...........";20;;COM3;;
2570;27/08/2026 13:43:00;IRP_MJ_DEVICE_CONTROL (IOCTL_SERIAL_WAIT_ON_MASK);DOWN;;;"";;;COM3;;
2571;27/08/2026 13:43:00;IRP_MJ_DEVICE_CONTROL (IOCTL_SERIAL_WAIT_ON_MASK);UP;STATUS_SUCCESS;01 00 00 00 ;"....";4;;COM3;;
2572;27/08/2026 13:43:00;IRP_MJ_DEVICE_CONTROL (IOCTL_SERIAL_GET_COMMSTATUS);DOWN;;;"";;;COM3;;
2573;27/08/2026 13:43:00;IRP_MJ_DEVICE_CONTROL (IOCTL_SERIAL_GET_COMMSTATUS);UP;STATUS_SUCCESS;00 00 00 00 00 00 00 00 23 00 00 00 00 00 00 00 00 00 00 00 ;"........#...........";20;;COM3;;
2574;27/08/2026 13:43:00;IRP_MJ_DEVICE_CONTROL (IOCTL_SERIAL_WAIT_ON_MASK);DOWN;;;"";;;COM3;;
2575;27/08/2026 13:43:00;IRP_MJ_DEVICE_CONTROL (IOCTL_SERIAL_WAIT_ON_MASK);UP;STATUS_SUCCESS;01 00 00 00 ;"....";4;;COM3;;
2576;27/08/2026 13:43:00;IRP_MJ_DEVICE_CONTROL (IOCTL_SERIAL_GET_COMMSTATUS);DOWN;;;"";;;COM3;;
2577;27/08/2026 13:43:00;IRP_MJ_DEVICE_CONTROL (IOCTL_SERIAL_GET_COMMSTATUS);UP;STATUS_SUCCESS;00 00 00 00 00 00 00 00 24 00 00 00 00 00 00 00 00 00 00 00 ;"........$...........";20;;COM3;;
2578;27/08/2026 13:43:00;IRP_MJ_DEVICE_CONTROL (IOCTL_SERIAL_WAIT_ON_MASK);DOWN;;;"";;;COM3;;
2579;27/08/2026 13:43:00;IRP_MJ_DEVICE_CONTROL (IOCTL_SERIAL_WAIT_ON_MASK);UP;STATUS_SUCCESS;01 00 00 00 ;"....";4;;COM3;;
2580;27/08/2026 13:43:00;IRP_MJ_DEVICE_CONTROL (IOCTL_SERIAL_GET_COMMSTATUS);DOWN;;;"";;;COM3;;
2581;27/08/2026 13:43:00;IRP_MJ_DEVICE_CONTROL (IOCTL_SERIAL_GET_COMMSTATUS);UP;STATUS_SUCCESS;00 00 00 00 00 00 00 00 25 00 00 00 00 00 00 00 00 00 00 00 ;"........%...........";20;;COM3;;
2582;27/08/2026 13:43:00;IRP_MJ_DEVICE_CONTROL (IOCTL_SERIAL_WAIT_ON_MASK);DOWN;;;"";;;COM3;;
2583;27/08/2026 13:43:00;IRP_MJ_DEVICE_CONTROL (IOCTL_SERIAL_WAIT_ON_MASK);UP;STATUS_SUCCESS;01 00 00 00 ;"....";4;;COM3;;
2584;27/08/2026 13:43:00;IRP_MJ_DEVICE_CONTROL (IOCTL_SERIAL_GET_COMMSTATUS);DOWN;;;"";;;COM3;;
2585;27/08/2026 13:43:00;IRP_MJ_DEVICE_CONTROL (IOCTL_SERIAL_GET_COMMSTATUS);UP;STATUS_SUCCESS;00 00 00 00 00 00 00 00 26 00 00 00 00 00 00 00 00 00 00 00 ;"........&...........";20;;COM3;;
2586;27/08/2026 13:43:00;IRP_MJ_DEVICE_CONTROL (IOCTL_SERIAL_WAIT_ON_MASK);DOWN;;;"";;;COM3;;
2587;27/08/2026 13:43:00;IRP_MJ_DEVICE_CONTROL (IOCTL_SERIAL_WAIT_ON_MASK);UP;STATUS_SUCCESS;01 00 00 00 ;"....";4;;COM3;;
2588;27/08/2026 13:43:00;IRP_MJ_DEVICE_CONTROL (IOCTL_SERIAL_GET_COMMSTATUS);DOWN;;;"";;;COM3;;
2589;27/08/2026 13:43:00;IRP_MJ_DEVICE_CONTROL (IOCTL_SERIAL_GET_COMMSTATUS);UP;STATUS_SUCCESS;00 00 00 00 00 00 00 00 27 00 00 00 00 00 00 00 00 00 00 00 ;"........'...........";20;;COM3;;
2590;27/08/2026 13:43:00;IRP_MJ_DEVICE_CONTROL (IOCTL_SERIAL_WAIT_ON_MASK);DOWN;;;"";;;COM3;;
2591;27/08/2026 13:43:00;IRP_MJ_DEVICE_CONTROL (IOCTL_SERIAL_GET_COMMSTATUS);DOWN;;;"";;;COM3;;
2592;27/08/2026 13:43:00;IRP_MJ_DEVICE_CONTROL (IOCTL_SERIAL_GET_COMMSTATUS);UP;STATUS_SUCCESS;00 00 00 00 00 00 00 00 27 00 00 00 00 00 00 00 00 00 00 00 ;"........'...........";20;;COM3;;
2593;27/08/2026 13:43:00;IRP_MJ_DEVICE_CONTROL (IOCTL_SERIAL_WAIT_ON_MASK);UP;STATUS_SUCCESS;01 00 00 00 ;"....";4;;COM3;;
2594;27/08/2026 13:43:00;IRP_MJ_DEVICE_CONTROL (IOCTL_SERIAL_GET_COMMSTATUS);DOWN;;;"";;;COM3;;
2595;27/08/2026 13:43:00;IRP_MJ_DEVICE_CONTROL (IOCTL_SERIAL_GET_COMMSTATUS);UP;STATUS_SUCCESS;00 00 00 00 00 00 00 00 28 00 00 00 00 00 00 00 00 00 00 00 ;"........(...........";20;;COM3;;
2596;27/08/2026 13:43:00;IRP_MJ_DEVICE_CONTROL (IOCTL_SERIAL_WAIT_ON_MASK);DOWN;;;"";;;COM3;;
2597;27/08/2026 13:43:00;IRP_MJ_DEVICE_CONTROL (IOCTL_SERIAL_WAIT_ON_MASK);UP;STATUS_SUCCESS;01 00 00 00 ;"....";4;;COM3;;
2598;27/08/2026 13:43:00;IRP_MJ_DEVICE_CONTROL (IOCTL_SERIAL_GET_COMMSTATUS);DOWN;;;"";;;COM3;;
2599;27/08/2026 13:43:00;IRP_MJ_DEVICE_CONTROL (IOCTL_SERIAL_GET_COMMSTATUS);UP;STATUS_SUCCESS;00 00 00 00 00 00 00 00 29 00 00 00 00 00 00 00 00 00 00 00 ;"........)...........";20;;COM3;;
2600;27/08/2026 13:43:00;IRP_MJ_DEVICE_CONTROL (IOCTL_SERIAL_WAIT_ON_MASK);DOWN;;;"";;;COM3;;
2601;27/08/2026 13:43:00;IRP_MJ_DEVICE_CONTROL (IOCTL_SERIAL_WAIT_ON_MASK);UP;STATUS_SUCCESS;01 00 00 00 ;"....";4;;COM3;;
2602;27/08/2026 13:43:00;IRP_MJ_DEVICE_CONTROL (IOCTL_SERIAL_GET_COMMSTATUS);DOWN;;;"";;;COM3;;
2603;27/08/2026 13:43:00;IRP_MJ_DEVICE_CONTROL (IOCTL_SERIAL_GET_COMMSTATUS);UP;STATUS_SUCCESS;00 00 00 00 00 00 00 00 2a 00 00 00 00 00 00 00 00 00 00 00 ;"........*...........";20;;COM3;;
2604;27/08/2026 13:43:00;IRP_MJ_DEVICE_CONTROL (IOCTL_SERIAL_WAIT_ON_MASK);DOWN;;;"";;;COM3;;
2605;27/08/2026 13:43:00;IRP_MJ_DEVICE_CONTROL (IOCTL_SERIAL_WAIT_ON_MASK);UP;STATUS_SUCCESS;01 00 00 00 ;"....";4;;COM3;;
2606;27/08/2026 13:43:00;IRP_MJ_DEVICE_CONTROL (IOCTL_SERIAL_GET_COMMSTATUS);DOWN;;;"";;;COM3;;
2607;27/08/2026 13:43:00;IRP_MJ_DEVICE_CONTROL (IOCTL_SERIAL_GET_COMMSTATUS);UP;STATUS_SUCCESS;00 00 00 00 00 00 00 00 2b 00 00 00 00 00 00 00 00 00 00 00 ;"........+...........";20;;COM3;;
2608;27/08/2026 13:43:00;IRP_MJ_DEVICE_CONTROL (IOCTL_SERIAL_WAIT_ON_MASK);DOWN;;;"";;;COM3;;
2609;27/08/2026 13:43:00;IRP_MJ_DEVICE_CONTROL (IOCTL_SERIAL_WAIT_ON_MASK);UP;STATUS_SUCCESS;01 00 00 00 ;"....";4;;COM3;;
2610;27/08/2026 13:43:00;IRP_MJ_DEVICE_CONTROL (IOCTL_SERIAL_GET_COMMSTATUS);DOWN;;;"";;;COM3;;
2611;27/08/2026 13:43:00;IRP_MJ_DEVICE_CONTROL (IOCTL_SERIAL_GET_COMMSTATUS);UP;STATUS_SUCCESS;00 00 00 00 00 00 00 00 2c 00 00 00 00 00 00 00 00 00 00 00 ;"........,...........";20;;COM3;;
2612;27/08/2026 13:43:00;IRP_MJ_DEVICE_CONTROL (IOCTL_SERIAL_WAIT_ON_MASK);DOWN;;;"";;;COM3;;
2613;27/08/2026 13:43:00;IRP_MJ_DEVICE_CONTROL (IOCTL_SERIAL_WAIT_ON_MASK);UP;STATUS_SUCCESS;01 00 00 00 ;"....";4;;COM3;;
2614;27/08/2026 13:43:00;IRP_MJ_DEVICE_CONTROL (IOCTL_SERIAL_GET_COMMSTATUS);DOWN;;;"";;;COM3;;
2615;27/08/2026 13:43:00;IRP_MJ_DEVICE_CONTROL (IOCTL_SERIAL_GET_COMMSTATUS);UP;STATUS_SUCCESS;00 00 00 00 00 00 00 00 2d 00 00 00 00 00 00 00 00 00 00 00 ;"........-...........";20;;COM3;;
2616;27/08/2026 13:43:00;IRP_MJ_DEVICE_CONTROL (IOCTL_SERIAL_WAIT_ON_MASK);DOWN;;;"";;;COM3;;
2617;27/08/2026 13:43:00;IRP_MJ_DEVICE_CONTROL (IOCTL_SERIAL_GET_COMMSTATUS);DOWN;;;"";;;COM3;;
2618;27/08/2026 13:43:00;IRP_MJ_DEVICE_CONTROL (IOCTL_SERIAL_GET_COMMSTATUS);UP;STATUS_SUCCESS;00 00 00 00 00 00 00 00 2d 00 00 00 00 00 00 00 00 00 00 00 ;"........-...........";20;;COM3;;
2619;27/08/2026 13:43:00;IRP_MJ_DEVICE_CONTROL (IOCTL_SERIAL_WAIT_ON_MASK);UP;STATUS_SUCCESS;01 00 00 00 ;"....";4;;COM3;;
2620;27/08/2026 13:43:00;IRP_MJ_DEVICE_CONTROL (IOCTL_SERIAL_GET_COMMSTATUS);DOWN;;;"";;;COM3;;
2621;27/08/2026 13:43:00;IRP_MJ_DEVICE_CONTROL (IOCTL_SERIAL_GET_COMMSTATUS);UP;STATUS_SUCCESS;00 00 00 00 00 00 00 00 2e 00 00 00 00 00 00 00 00 00 00 00 ;"....................";20;;COM3;;
2622;27/08/2026 13:43:00;IRP_MJ_DEVICE_CONTROL (IOCTL_SERIAL_WAIT_ON_MASK);DOWN;;;"";;;COM3;;
2623;27/08/2026 13:43:00;IRP_MJ_DEVICE_CONTROL (IOCTL_SERIAL_WAIT_ON_MASK);UP;STATUS_SUCCESS;01 00 00 00 ;"....";4;;COM3;;
2624;27/08/2026 13:43:00;IRP_MJ_DEVICE_CONTROL (IOCTL_SERIAL_GET_COMMSTATUS);DOWN;;;"";;;COM3;;
2625;27/08/2026 13:43:00;IRP_MJ_DEVICE_CONTROL (IOCTL_SERIAL_GET_COMMSTATUS);UP;STATUS_SUCCESS;00 00 00 00 00 00 00 00 2f 00 00 00 00 00 00 00 00 00 00 00 ;"......../...........";20;;COM3;;
2626;27/08/2026 13:43:00;IRP_MJ_DEVICE_CONTROL (IOCTL_SERIAL_WAIT_ON_MASK);DOWN;;;"";;;COM3;;
2627;27/08/2026 13:43:00;IRP_MJ_DEVICE_CONTROL (IOCTL_SERIAL_WAIT_ON_MASK);UP;STATUS_SUCCESS;01 00 00 00 ;"....";4;;COM3;;
2628;27/08/2026 13:43:00;IRP_MJ_DEVICE_CONTROL (IOCTL_SERIAL_GET_COMMSTATUS);DOWN;;;"";;;COM3;;
2629;27/08/2026 13:43:00;IRP_MJ_DEVICE_CONTROL (IOCTL_SERIAL_GET_COMMSTATUS);UP;STATUS_SUCCESS;00 00 00 00 00 00 00 00 30 00 00 00 00 00 00 00 00 00 00 00 ;"........0...........";20;;COM3;;
2630;27/08/2026 13:43:00;IRP_MJ_DEVICE_CONTROL (IOCTL_SERIAL_WAIT_ON_MASK);DOWN;;;"";;;COM3;;
2631;27/08/2026 13:43:00;IRP_MJ_DEVICE_CONTROL (IOCTL_SERIAL_WAIT_ON_MASK);UP;STATUS_SUCCESS;01 00 00 00 ;"....";4;;COM3;;
2632;27/08/2026 13:43:00;IRP_MJ_DEVICE_CONTROL (IOCTL_SERIAL_GET_COMMSTATUS);DOWN;;;"";;;COM3;;
2633;27/08/2026 13:43:00;IRP_MJ_DEVICE_CONTROL (IOCTL_SERIAL_GET_COMMSTATUS);UP;STATUS_SUCCESS;00 00 00 00 00 00 00 00 31 00 00 00 00 00 00 00 00 00 00 00 ;"........1...........";20;;COM3;;
2634;27/08/2026 13:43:00;IRP_MJ_DEVICE_CONTROL (IOCTL_SERIAL_WAIT_ON_MASK);DOWN;;;"";;;COM3;;
2635;27/08/2026 13:43:00;IRP_MJ_DEVICE_CONTROL (IOCTL_SERIAL_WAIT_ON_MASK);UP;STATUS_SUCCESS;01 00 00 00 ;"....";4;;COM3;;
2636;27/08/2026 13:43:00;IRP_MJ_DEVICE_CONTROL (IOCTL_SERIAL_GET_COMMSTATUS);DOWN;;;"";;;COM3;;
2637;27/08/2026 13:43:00;IRP_MJ_DEVICE_CONTROL (IOCTL_SERIAL_GET_COMMSTATUS);UP;STATUS_SUCCESS;00 00 00 00 00 00 00 00 32 00 00 00 00 00 00 00 00 00 00 00 ;"........2...........";20;;COM3;;
2638;27/08/2026 13:43:00;IRP_MJ_DEVICE_CONTROL (IOCTL_SERIAL_WAIT_ON_MASK);DOWN;;;"";;;COM3;;
2639;27/08/2026 13:43:00;IRP_MJ_DEVICE_CONTROL (IOCTL_SERIAL_WAIT_ON_MASK);UP;STATUS_SUCCESS;01 00 00 00 ;"....";4;;COM3;;
2640;27/08/2026 13:43:00;IRP_MJ_DEVICE_CONTROL (IOCTL_SERIAL_GET_COMMSTATUS);DOWN;;;"";;;COM3;;
2641;27/08/2026 13:43:00;IRP_MJ_DEVICE_CONTROL (IOCTL_SERIAL_GET_COMMSTATUS);UP;STATUS_SUCCESS;00 00 00 00 00 00 00 00 33 00 00 00 00 00 00 00 00 00 00 00 ;"........3...........";20;;COM3;;
2642;27/08/2026 13:43:00;IRP_MJ_DEVICE_CONTROL (IOCTL_SERIAL_WAIT_ON_MASK);DOWN;;;"";;;COM3;;
2643;27/08/2026 13:43:00;IRP_MJ_DEVICE_CONTROL (IOCTL_SERIAL_GET_COMMSTATUS);DOWN;;;"";;;COM3;;
2644;27/08/2026 13:43:00;IRP_MJ_DEVICE_CONTROL (IOCTL_SERIAL_GET_COMMSTATUS);UP;STATUS_SUCCESS;00 00 00 00 00 00 00 00 33 00 00 00 00 00 00 00 00 00 00 00 ;"........3...........";20;;COM3;;
2645;27/08/2026 13:43:00;IRP_MJ_DEVICE_CONTROL (IOCTL_SERIAL_WAIT_ON_MASK);UP;STATUS_SUCCESS;01 00 00 00 ;"....";4;;COM3;;
2646;27/08/2026 13:43:00;IRP_MJ_DEVICE_CONTROL (IOCTL_SERIAL_GET_COMMSTATUS);DOWN;;;"";;;COM3;;
2647;27/08/2026 13:43:00;IRP_MJ_DEVICE_CONTROL (IOCTL_SERIAL_GET_COMMSTATUS);UP;STATUS_SUCCESS;00 00 00 00 00 00 00 00 34 00 00 00 00 00 00 00 00 00 00 00 ;"........4...........";20;;COM3;;
2648;27/08/2026 13:43:00;IRP_MJ_DEVICE_CONTROL (IOCTL_SERIAL_WAIT_ON_MASK);DOWN;;;"";;;COM3;;
2649;27/08/2026 13:43:00;IRP_MJ_DEVICE_CONTROL (IOCTL_SERIAL_WAIT_ON_MASK);UP;STATUS_SUCCESS;01 00 00 00 ;"....";4;;COM3;;
2650;27/08/2026 13:43:00;IRP_MJ_DEVICE_CONTROL (IOCTL_SERIAL_GET_COMMSTATUS);DOWN;;;"";;;COM3;;
2651;27/08/2026 13:43:00;IRP_MJ_DEVICE_CONTROL (IOCTL_SERIAL_GET_COMMSTATUS);UP;STATUS_SUCCESS;00 00 00 00 00 00 00 00 35 00 00 00 00 00 00 00 00 00 00 00 ;"........5...........";20;;COM3;;
2652;27/08/2026 13:43:00;IRP_MJ_DEVICE_CONTROL (IOCTL_SERIAL_WAIT_ON_MASK);DOWN;;;"";;;COM3;;
2653;27/08/2026 13:43:00;IRP_MJ_DEVICE_CONTROL (IOCTL_SERIAL_WAIT_ON_MASK);UP;STATUS_SUCCESS;01 00 00 00 ;"....";4;;COM3;;
2654;27/08/2026 13:43:00;IRP_MJ_DEVICE_CONTROL (IOCTL_SERIAL_GET_COMMSTATUS);DOWN;;;"";;;COM3;;
2655;27/08/2026 13:43:00;IRP_MJ_DEVICE_CONTROL (IOCTL_SERIAL_GET_COMMSTATUS);UP;STATUS_SUCCESS;00 00 00 00 00 00 00 00 36 00 00 00 00 00 00 00 00 00 00 00 ;"........6...........";20;;COM3;;
2656;27/08/2026 13:43:00;IRP_MJ_DEVICE_CONTROL (IOCTL_SERIAL_WAIT_ON_MASK);DOWN;;;"";;;COM3;;
2657;27/08/2026 13:43:00;IRP_MJ_DEVICE_CONTROL (IOCTL_SERIAL_WAIT_ON_MASK);UP;STATUS_SUCCESS;01 00 00 00 ;"....";4;;COM3;;
2658;27/08/2026 13:43:00;IRP_MJ_DEVICE_CONTROL (IOCTL_SERIAL_GET_COMMSTATUS);DOWN;;;"";;;COM3;;
2659;27/08/2026 13:43:00;IRP_MJ_DEVICE_CONTROL (IOCTL_SERIAL_GET_COMMSTATUS);UP;STATUS_SUCCESS;00 00 00 00 00 00 00 00 37 00 00 00 00 00 00 00 00 00 00 00 ;"........7...........";20;;COM3;;
2660;27/08/2026 13:43:00;IRP_MJ_DEVICE_CONTROL (IOCTL_SERIAL_WAIT_ON_MASK);DOWN;;;"";;;COM3;;
2661;27/08/2026 13:43:00;IRP_MJ_DEVICE_CONTROL (IOCTL_SERIAL_WAIT_ON_MASK);UP;STATUS_SUCCESS;01 00 00 00 ;"....";4;;COM3;;
2662;27/08/2026 13:43:00;IRP_MJ_DEVICE_CONTROL (IOCTL_SERIAL_GET_COMMSTATUS);DOWN;;;"";;;COM3;;
2663;27/08/2026 13:43:00;IRP_MJ_DEVICE_CONTROL (IOCTL_SERIAL_GET_COMMSTATUS);UP;STATUS_SUCCESS;00 00 00 00 00 00 00 00 38 00 00 00 00 00 00 00 00 00 00 00 ;"........8...........";20;;COM3;;
2664;27/08/2026 13:43:00;IRP_MJ_DEVICE_CONTROL (IOCTL_SERIAL_WAIT_ON_MASK);DOWN;;;"";;;COM3;;
2665;27/08/2026 13:43:00;IRP_MJ_DEVICE_CONTROL (IOCTL_SERIAL_WAIT_ON_MASK);UP;STATUS_SUCCESS;01 00 00 00 ;"....";4;;COM3;;
2666;27/08/2026 13:43:00;IRP_MJ_DEVICE_CONTROL (IOCTL_SERIAL_GET_COMMSTATUS);DOWN;;;"";;;COM3;;
2667;27/08/2026 13:43:00;IRP_MJ_DEVICE_CONTROL (IOCTL_SERIAL_GET_COMMSTATUS);UP;STATUS_SUCCESS;00 00 00 00 00 00 00 00 39 00 00 00 00 00 00 00 00 00 00 00 ;"........9...........";20;;COM3;;
2668;27/08/2026 13:43:00;IRP_MJ_DEVICE_CONTROL (IOCTL_SERIAL_WAIT_ON_MASK);DOWN;;;"";;;COM3;;
2669;27/08/2026 13:43:00;IRP_MJ_DEVICE_CONTROL (IOCTL_SERIAL_WAIT_ON_MASK);UP;STATUS_SUCCESS;01 00 00 00 ;"....";4;;COM3;;
2670;27/08/2026 13:43:00;IRP_MJ_DEVICE_CONTROL (IOCTL_SERIAL_GET_COMMSTATUS);DOWN;;;"";;;COM3;;
2671;27/08/2026 13:43:00;IRP_MJ_DEVICE_CONTROL (IOCTL_SERIAL_GET_COMMSTATUS);UP;STATUS_SUCCESS;00 00 00 00 00 00 00 00 3a 00 00 00 00 00 00 00 00 00 00 00 ;"........:...........";20;;COM3;;
2672;27/08/2026 13:43:00;IRP_MJ_DEVICE_CONTROL (IOCTL_SERIAL_WAIT_ON_MASK);DOWN;;;"";;;COM3;;
2673;27/08/2026 13:43:00;IRP_MJ_DEVICE_CONTROL (IOCTL_SERIAL_GET_COMMSTATUS);DOWN;;;"";;;COM3;;
2674;27/08/2026 13:43:00;IRP_MJ_DEVICE_CONTROL (IOCTL_SERIAL_GET_COMMSTATUS);UP;STATUS_SUCCESS;00 00 00 00 00 00 00 00 3a 00 00 00 00 00 00 00 00 00 00 00 ;"........:...........";20;;COM3;;
2675;27/08/2026 13:43:00;IRP_MJ_DEVICE_CONTROL (IOCTL_SERIAL_WAIT_ON_MASK);UP;STATUS_SUCCESS;01 00 00 00 ;"....";4;;COM3;;
2676;27/08/2026 13:43:00;IRP_MJ_DEVICE_CONTROL (IOCTL_SERIAL_GET_COMMSTATUS);DOWN;;;"";;;COM3;;
2677;27/08/2026 13:43:00;IRP_MJ_DEVICE_CONTROL (IOCTL_SERIAL_GET_COMMSTATUS);UP;STATUS_SUCCESS;00 00 00 00 00 00 00 00 3b 00 00 00 00 00 00 00 00 00 00 00 ;"........;...........";20;;COM3;;
2678;27/08/2026 13:43:00;IRP_MJ_DEVICE_CONTROL (IOCTL_SERIAL_WAIT_ON_MASK);DOWN;;;"";;;COM3;;
2679;27/08/2026 13:43:00;IRP_MJ_DEVICE_CONTROL (IOCTL_SERIAL_WAIT_ON_MASK);UP;STATUS_SUCCESS;01 00 00 00 ;"....";4;;COM3;;
2680;27/08/2026 13:43:00;IRP_MJ_DEVICE_CONTROL (IOCTL_SERIAL_GET_COMMSTATUS);DOWN;;;"";;;COM3;;
2681;27/08/2026 13:43:00;IRP_MJ_DEVICE_CONTROL (IOCTL_SERIAL_GET_COMMSTATUS);UP;STATUS_SUCCESS;00 00 00 00 00 00 00 00 3c 00 00 00 00 00 00 00 00 00 00 00 ;"........<...........";20;;COM3;;
2682;27/08/2026 13:43:00;IRP_MJ_DEVICE_CONTROL (IOCTL_SERIAL_WAIT_ON_MASK);DOWN;;;"";;;COM3;;
2683;27/08/2026 13:43:00;IRP_MJ_DEVICE_CONTROL (IOCTL_SERIAL_WAIT_ON_MASK);UP;STATUS_SUCCESS;01 00 00 00 ;"....";4;;COM3;;
2684;27/08/2026 13:43:00;IRP_MJ_DEVICE_CONTROL (IOCTL_SERIAL_GET_COMMSTATUS);DOWN;;;"";;;COM3;;
2685;27/08/2026 13:43:00;IRP_MJ_DEVICE_CONTROL (IOCTL_SERIAL_GET_COMMSTATUS);UP;STATUS_SUCCESS;00 00 00 00 00 00 00 00 3d 00 00 00 00 00 00 00 00 00 00 00 ;"........=...........";20;;COM3;;
2686;27/08/2026 13:43:00;IRP_MJ_DEVICE_CONTROL (IOCTL_SERIAL_WAIT_ON_MASK);DOWN;;;"";;;COM3;;
2687;27/08/2026 13:43:00;IRP_MJ_DEVICE_CONTROL (IOCTL_SERIAL_WAIT_ON_MASK);UP;STATUS_SUCCESS;01 00 00 00 ;"....";4;;COM3;;
2688;27/08/2026 13:43:00;IRP_MJ_DEVICE_CONTROL (IOCTL_SERIAL_GET_COMMSTATUS);DOWN;;;"";;;COM3;;
2689;27/08/2026 13:43:00;IRP_MJ_DEVICE_CONTROL (IOCTL_SERIAL_GET_COMMSTATUS);UP;STATUS_SUCCESS;00 00 00 00 00 00 00 00 3e 00 00 00 00 00 00 00 00 00 00 00 ;"........>...........";20;;COM3;;
2690;27/08/2026 13:43:00;IRP_MJ_DEVICE_CONTROL (IOCTL_SERIAL_WAIT_ON_MASK);DOWN;;;"";;;COM3;;
2691;27/08/2026 13:43:00;IRP_MJ_DEVICE_CONTROL (IOCTL_SERIAL_WAIT_ON_MASK);UP;STATUS_SUCCESS;01 00 00 00 ;"....";4;;COM3;;
2692;27/08/2026 13:43:00;IRP_MJ_DEVICE_CONTROL (IOCTL_SERIAL_GET_COMMSTATUS);DOWN;;;"";;;COM3;;
2693;27/08/2026 13:43:00;IRP_MJ_DEVICE_CONTROL (IOCTL_SERIAL_GET_COMMSTATUS);UP;STATUS_SUCCESS;00 00 00 00 00 00 00 00 3f 00 00 00 00 00 00 00 00 00 00 00 ;"........?...........";20;;COM3;;
2694;27/08/2026 13:43:00;IRP_MJ_DEVICE_CONTROL (IOCTL_SERIAL_WAIT_ON_MASK);DOWN;;;"";;;COM3;;
2695;27/08/2026 13:43:00;IRP_MJ_DEVICE_CONTROL (IOCTL_SERIAL_WAIT_ON_MASK);UP;STATUS_SUCCESS;01 00 00 00 ;"....";4;;COM3;;
2696;27/08/2026 13:43:00;IRP_MJ_DEVICE_CONTROL (IOCTL_SERIAL_GET_COMMSTATUS);DOWN;;;"";;;COM3;;
2697;27/08/2026 13:43:00;IRP_MJ_DEVICE_CONTROL (IOCTL_SERIAL_GET_COMMSTATUS);UP;STATUS_SUCCESS;00 00 00 00 00 00 00 00 40 00 00 00 00 00 00 00 00 00 00 00 ;"........@...........";20;;COM3;;
2698;27/08/2026 13:43:00;IRP_MJ_DEVICE_CONTROL (IOCTL_SERIAL_WAIT_ON_MASK);DOWN;;;"";;;COM3;;
2699;27/08/2026 13:43:00;IRP_MJ_DEVICE_CONTROL (IOCTL_SERIAL_GET_COMMSTATUS);DOWN;;;"";;;COM3;;
2700;27/08/2026 13:43:00;IRP_MJ_DEVICE_CONTROL (IOCTL_SERIAL_GET_COMMSTATUS);UP;STATUS_SUCCESS;00 00 00 00 00 00 00 00 40 00 00 00 00 00 00 00 00 00 00 00 ;"........@...........";20;;COM3;;
2701;27/08/2026 13:43:00;IRP_MJ_DEVICE_CONTROL (IOCTL_SERIAL_WAIT_ON_MASK);UP;STATUS_SUCCESS;01 00 00 00 ;"....";4;;COM3;;
2702;27/08/2026 13:43:00;IRP_MJ_DEVICE_CONTROL (IOCTL_SERIAL_GET_COMMSTATUS);DOWN;;;"";;;COM3;;
2703;27/08/2026 13:43:00;IRP_MJ_DEVICE_CONTROL (IOCTL_SERIAL_GET_COMMSTATUS);UP;STATUS_SUCCESS;00 00 00 00 00 00 00 00 41 00 00 00 00 00 00 00 00 00 00 00 ;"........A...........";20;;COM3;;
2704;27/08/2026 13:43:00;IRP_MJ_DEVICE_CONTROL (IOCTL_SERIAL_WAIT_ON_MASK);DOWN;;;"";;;COM3;;
2705;27/08/2026 13:43:00;IRP_MJ_DEVICE_CONTROL (IOCTL_SERIAL_WAIT_ON_MASK);UP;STATUS_SUCCESS;01 00 00 00 ;"....";4;;COM3;;
2706;27/08/2026 13:43:00;IRP_MJ_DEVICE_CONTROL (IOCTL_SERIAL_GET_COMMSTATUS);DOWN;;;"";;;COM3;;
2707;27/08/2026 13:43:00;IRP_MJ_DEVICE_CONTROL (IOCTL_SERIAL_GET_COMMSTATUS);UP;STATUS_SUCCESS;00 00 00 00 00 00 00 00 42 00 00 00 00 00 00 00 00 00 00 00 ;"........B...........";20;;COM3;;
2708;27/08/2026 13:43:00;IRP_MJ_DEVICE_CONTROL (IOCTL_SERIAL_WAIT_ON_MASK);DOWN;;;"";;;COM3;;
2709;27/08/2026 13:43:00;IRP_MJ_DEVICE_CONTROL (IOCTL_SERIAL_WAIT_ON_MASK);UP;STATUS_SUCCESS;01 00 00 00 ;"....";4;;COM3;;
2710;27/08/2026 13:43:00;IRP_MJ_DEVICE_CONTROL (IOCTL_SERIAL_GET_COMMSTATUS);DOWN;;;"";;;COM3;;
2711;27/08/2026 13:43:00;IRP_MJ_DEVICE_CONTROL (IOCTL_SERIAL_GET_COMMSTATUS);UP;STATUS_SUCCESS;00 00 00 00 00 00 00 00 43 00 00 00 00 00 00 00 00 00 00 00 ;"........C...........";20;;COM3;;
2712;27/08/2026 13:43:00;IRP_MJ_DEVICE_CONTROL (IOCTL_SERIAL_WAIT_ON_MASK);DOWN;;;"";;;COM3;;
2713;27/08/2026 13:43:00;IRP_MJ_DEVICE_CONTROL (IOCTL_SERIAL_WAIT_ON_MASK);UP;STATUS_SUCCESS;01 00 00 00 ;"....";4;;COM3;;
2714;27/08/2026 13:43:00;IRP_MJ_DEVICE_CONTROL (IOCTL_SERIAL_GET_COMMSTATUS);DOWN;;;"";;;COM3;;
2715;27/08/2026 13:43:00;IRP_MJ_DEVICE_CONTROL (IOCTL_SERIAL_GET_COMMSTATUS);UP;STATUS_SUCCESS;00 00 00 00 00 00 00 00 44 00 00 00 00 00 00 00 00 00 00 00 ;"........D...........";20;;COM3;;
2716;27/08/2026 13:43:00;IRP_MJ_DEVICE_CONTROL (IOCTL_SERIAL_WAIT_ON_MASK);DOWN;;;"";;;COM3;;
2717;27/08/2026 13:43:00;IRP_MJ_DEVICE_CONTROL (IOCTL_SERIAL_WAIT_ON_MASK);UP;STATUS_SUCCESS;01 00 00 00 ;"....";4;;COM3;;
2718;27/08/2026 13:43:00;IRP_MJ_DEVICE_CONTROL (IOCTL_SERIAL_GET_COMMSTATUS);DOWN;;;"";;;COM3;;
2719;27/08/2026 13:43:00;IRP_MJ_DEVICE_CONTROL (IOCTL_SERIAL_GET_COMMSTATUS);UP;STATUS_SUCCESS;00 00 00 00 00 00 00 00 45 00 00 00 00 00 00 00 00 00 00 00 ;"........E...........";20;;COM3;;
2720;27/08/2026 13:43:00;IRP_MJ_DEVICE_CONTROL (IOCTL_SERIAL_WAIT_ON_MASK);DOWN;;;"";;;COM3;;
2721;27/08/2026 13:43:00;IRP_MJ_DEVICE_CONTROL (IOCTL_SERIAL_WAIT_ON_MASK);UP;STATUS_SUCCESS;01 00 00 00 ;"....";4;;COM3;;
2722;27/08/2026 13:43:00;IRP_MJ_DEVICE_CONTROL (IOCTL_SERIAL_GET_COMMSTATUS);DOWN;;;"";;;COM3;;
2723;27/08/2026 13:43:00;IRP_MJ_DEVICE_CONTROL (IOCTL_SERIAL_GET_COMMSTATUS);UP;STATUS_SUCCESS;00 00 00 00 00 00 00 00 46 00 00 00 00 00 00 00 00 00 00 00 ;"........F...........";20;;COM3;;
2724;27/08/2026 13:43:00;IRP_MJ_DEVICE_CONTROL (IOCTL_SERIAL_WAIT_ON_MASK);DOWN;;;"";;;COM3;;
2725;27/08/2026 13:43:00;IRP_MJ_DEVICE_CONTROL (IOCTL_SERIAL_WAIT_ON_MASK);UP;STATUS_SUCCESS;01 00 00 00 ;"....";4;;COM3;;
2726;27/08/2026 13:43:00;IRP_MJ_DEVICE_CONTROL (IOCTL_SERIAL_GET_COMMSTATUS);DOWN;;;"";;;COM3;;
2727;27/08/2026 13:43:00;IRP_MJ_DEVICE_CONTROL (IOCTL_SERIAL_GET_COMMSTATUS);UP;STATUS_SUCCESS;00 00 00 00 00 00 00 00 47 00 00 00 00 00 00 00 00 00 00 00 ;"........G...........";20;;COM3;;
2728;27/08/2026 13:43:00;IRP_MJ_DEVICE_CONTROL (IOCTL_SERIAL_WAIT_ON_MASK);DOWN;;;"";;;COM3;;
2729;27/08/2026 13:43:00;IRP_MJ_DEVICE_CONTROL (IOCTL_SERIAL_GET_COMMSTATUS);DOWN;;;"";;;COM3;;
2730;27/08/2026 13:43:00;IRP_MJ_DEVICE_CONTROL (IOCTL_SERIAL_GET_COMMSTATUS);UP;STATUS_SUCCESS;00 00 00 00 00 00 00 00 47 00 00 00 00 00 00 00 00 00 00 00 ;"........G...........";20;;COM3;;
2731;27/08/2026 13:43:00;IRP_MJ_DEVICE_CONTROL (IOCTL_SERIAL_WAIT_ON_MASK);UP;STATUS_SUCCESS;01 00 00 00 ;"....";4;;COM3;;
2732;27/08/2026 13:43:00;IRP_MJ_DEVICE_CONTROL (IOCTL_SERIAL_GET_COMMSTATUS);DOWN;;;"";;;COM3;;
2733;27/08/2026 13:43:00;IRP_MJ_DEVICE_CONTROL (IOCTL_SERIAL_GET_COMMSTATUS);UP;STATUS_SUCCESS;00 00 00 00 00 00 00 00 48 00 00 00 00 00 00 00 00 00 00 00 ;"........H...........";20;;COM3;;
2734;27/08/2026 13:43:00;IRP_MJ_DEVICE_CONTROL (IOCTL_SERIAL_WAIT_ON_MASK);DOWN;;;"";;;COM3;;
2735;27/08/2026 13:43:00;IRP_MJ_DEVICE_CONTROL (IOCTL_SERIAL_WAIT_ON_MASK);UP;STATUS_SUCCESS;01 00 00 00 ;"....";4;;COM3;;
2736;27/08/2026 13:43:00;IRP_MJ_DEVICE_CONTROL (IOCTL_SERIAL_GET_COMMSTATUS);DOWN;;;"";;;COM3;;
2737;27/08/2026 13:43:00;IRP_MJ_DEVICE_CONTROL (IOCTL_SERIAL_GET_COMMSTATUS);UP;STATUS_SUCCESS;00 00 00 00 00 00 00 00 49 00 00 00 00 00 00 00 00 00 00 00 ;"........I...........";20;;COM3;;
2738;27/08/2026 13:43:00;IRP_MJ_DEVICE_CONTROL (IOCTL_SERIAL_WAIT_ON_MASK);DOWN;;;"";;;COM3;;
2739;27/08/2026 13:43:00;IRP_MJ_DEVICE_CONTROL (IOCTL_SERIAL_WAIT_ON_MASK);UP;STATUS_SUCCESS;01 00 00 00 ;"....";4;;COM3;;
2740;27/08/2026 13:43:00;IRP_MJ_DEVICE_CONTROL (IOCTL_SERIAL_GET_COMMSTATUS);DOWN;;;"";;;COM3;;
2741;27/08/2026 13:43:00;IRP_MJ_DEVICE_CONTROL (IOCTL_SERIAL_GET_COMMSTATUS);UP;STATUS_SUCCESS;00 00 00 00 00 00 00 00 4a 00 00 00 00 00 00 00 00 00 00 00 ;"........J...........";20;;COM3;;
2742;27/08/2026 13:43:00;IRP_MJ_DEVICE_CONTROL (IOCTL_SERIAL_WAIT_ON_MASK);DOWN;;;"";;;COM3;;
2743;27/08/2026 13:43:00;IRP_MJ_DEVICE_CONTROL (IOCTL_SERIAL_WAIT_ON_MASK);UP;STATUS_SUCCESS;01 00 00 00 ;"....";4;;COM3;;
2744;27/08/2026 13:43:00;IRP_MJ_DEVICE_CONTROL (IOCTL_SERIAL_GET_COMMSTATUS);DOWN;;;"";;;COM3;;
2745;27/08/2026 13:43:00;IRP_MJ_DEVICE_CONTROL (IOCTL_SERIAL_GET_COMMSTATUS);UP;STATUS_SUCCESS;00 00 00 00 00 00 00 00 4b 00 00 00 00 00 00 00 00 00 00 00 ;"........K...........";20;;COM3;;
2746;27/08/2026 13:43:00;IRP_MJ_DEVICE_CONTROL (IOCTL_SERIAL_WAIT_ON_MASK);DOWN;;;"";;;COM3;;
2747;27/08/2026 13:43:00;IRP_MJ_DEVICE_CONTROL (IOCTL_SERIAL_WAIT_ON_MASK);UP;STATUS_SUCCESS;01 00 00 00 ;"....";4;;COM3;;
2748;27/08/2026 13:43:00;IRP_MJ_DEVICE_CONTROL (IOCTL_SERIAL_GET_COMMSTATUS);DOWN;;;"";;;COM3;;
2749;27/08/2026 13:43:00;IRP_MJ_DEVICE_CONTROL (IOCTL_SERIAL_GET_COMMSTATUS);UP;STATUS_SUCCESS;00 00 00 00 00 00 00 00 4c 00 00 00 00 00 00 00 00 00 00 00 ;"........L...........";20;;COM3;;
2750;27/08/2026 13:43:00;IRP_MJ_DEVICE_CONTROL (IOCTL_SERIAL_WAIT_ON_MASK);DOWN;;;"";;;COM3;;
2751;27/08/2026 13:43:00;IRP_MJ_DEVICE_CONTROL (IOCTL_SERIAL_WAIT_ON_MASK);UP;STATUS_SUCCESS;01 00 00 00 ;"....";4;;COM3;;
2752;27/08/2026 13:43:00;IRP_MJ_DEVICE_CONTROL (IOCTL_SERIAL_GET_COMMSTATUS);DOWN;;;"";;;COM3;;
2753;27/08/2026 13:43:00;IRP_MJ_DEVICE_CONTROL (IOCTL_SERIAL_GET_COMMSTATUS);UP;STATUS_SUCCESS;00 00 00 00 00 00 00 00 4d 00 00 00 00 00 00 00 00 00 00 00 ;"........M...........";20;;COM3;;
2754;27/08/2026 13:43:00;IRP_MJ_DEVICE_CONTROL (IOCTL_SERIAL_WAIT_ON_MASK);DOWN;;;"";;;COM3;;
2755;27/08/2026 13:43:00;IRP_MJ_DEVICE_CONTROL (IOCTL_SERIAL_GET_COMMSTATUS);DOWN;;;"";;;COM3;;
2756;27/08/2026 13:43:00;IRP_MJ_DEVICE_CONTROL (IOCTL_SERIAL_GET_COMMSTATUS);UP;STATUS_SUCCESS;00 00 00 00 00 00 00 00 4d 00 00 00 00 00 00 00 00 00 00 00 ;"........M...........";20;;COM3;;
2757;27/08/2026 13:43:00;IRP_MJ_DEVICE_CONTROL (IOCTL_SERIAL_WAIT_ON_MASK);UP;STATUS_SUCCESS;01 00 00 00 ;"....";4;;COM3;;
2758;27/08/2026 13:43:00;IRP_MJ_DEVICE_CONTROL (IOCTL_SERIAL_GET_COMMSTATUS);DOWN;;;"";;;COM3;;
2759;27/08/2026 13:43:00;IRP_MJ_DEVICE_CONTROL (IOCTL_SERIAL_GET_COMMSTATUS);UP;STATUS_SUCCESS;00 00 00 00 00 00 00 00 4e 00 00 00 00 00 00 00 00 00 00 00 ;"........N...........";20;;COM3;;
2760;27/08/2026 13:43:00;IRP_MJ_DEVICE_CONTROL (IOCTL_SERIAL_WAIT_ON_MASK);DOWN;;;"";;;COM3;;
2761;27/08/2026 13:43:00;IRP_MJ_DEVICE_CONTROL (IOCTL_SERIAL_WAIT_ON_MASK);UP;STATUS_SUCCESS;01 00 00 00 ;"....";4;;COM3;;
2762;27/08/2026 13:43:00;IRP_MJ_DEVICE_CONTROL (IOCTL_SERIAL_GET_COMMSTATUS);DOWN;;;"";;;COM3;;
2763;27/08/2026 13:43:00;IRP_MJ_DEVICE_CONTROL (IOCTL_SERIAL_GET_COMMSTATUS);UP;STATUS_SUCCESS;00 00 00 00 00 00 00 00 4f 00 00 00 00 00 00 00 00 00 00 00 ;"........O...........";20;;COM3;;
2764;27/08/2026 13:43:00;IRP_MJ_DEVICE_CONTROL (IOCTL_SERIAL_WAIT_ON_MASK);DOWN;;;"";;;COM3;;
2765;27/08/2026 13:43:00;IRP_MJ_DEVICE_CONTROL (IOCTL_SERIAL_WAIT_ON_MASK);UP;STATUS_SUCCESS;01 00 00 00 ;"....";4;;COM3;;
2766;27/08/2026 13:43:00;IRP_MJ_DEVICE_CONTROL (IOCTL_SERIAL_GET_COMMSTATUS);DOWN;;;"";;;COM3;;
2767;27/08/2026 13:43:00;IRP_MJ_DEVICE_CONTROL (IOCTL_SERIAL_GET_COMMSTATUS);UP;STATUS_SUCCESS;00 00 00 00 00 00 00 00 50 00 00 00 00 00 00 00 00 00 00 00 ;"........P...........";20;;COM3;;
2768;27/08/2026 13:43:00;IRP_MJ_DEVICE_CONTROL (IOCTL_SERIAL_WAIT_ON_MASK);DOWN;;;"";;;COM3;;
2769;27/08/2026 13:43:00;IRP_MJ_DEVICE_CONTROL (IOCTL_SERIAL_WAIT_ON_MASK);UP;STATUS_SUCCESS;01 00 00 00 ;"....";4;;COM3;;
2770;27/08/2026 13:43:00;IRP_MJ_DEVICE_CONTROL (IOCTL_SERIAL_GET_COMMSTATUS);DOWN;;;"";;;COM3;;
2771;27/08/2026 13:43:00;IRP_MJ_DEVICE_CONTROL (IOCTL_SERIAL_GET_COMMSTATUS);UP;STATUS_SUCCESS;00 00 00 00 00 00 00 00 51 00 00 00 00 00 00 00 00 00 00 00 ;"........Q...........";20;;COM3;;
2772;27/08/2026 13:43:00;IRP_MJ_DEVICE_CONTROL (IOCTL_SERIAL_WAIT_ON_MASK);DOWN;;;"";;;COM3;;
2773;27/08/2026 13:43:00;IRP_MJ_DEVICE_CONTROL (IOCTL_SERIAL_WAIT_ON_MASK);UP;STATUS_SUCCESS;01 00 00 00 ;"....";4;;COM3;;
2774;27/08/2026 13:43:00;IRP_MJ_DEVICE_CONTROL (IOCTL_SERIAL_GET_COMMSTATUS);DOWN;;;"";;;COM3;;
2775;27/08/2026 13:43:00;IRP_MJ_DEVICE_CONTROL (IOCTL_SERIAL_GET_COMMSTATUS);UP;STATUS_SUCCESS;00 00 00 00 00 00 00 00 52 00 00 00 00 00 00 00 00 00 00 00 ;"........R...........";20;;COM3;;
2776;27/08/2026 13:43:00;IRP_MJ_DEVICE_CONTROL (IOCTL_SERIAL_WAIT_ON_MASK);DOWN;;;"";;;COM3;;
2777;27/08/2026 13:43:00;IRP_MJ_DEVICE_CONTROL (IOCTL_SERIAL_WAIT_ON_MASK);UP;STATUS_SUCCESS;01 00 00 00 ;"....";4;;COM3;;
2778;27/08/2026 13:43:00;IRP_MJ_DEVICE_CONTROL (IOCTL_SERIAL_GET_COMMSTATUS);DOWN;;;"";;;COM3;;
2779;27/08/2026 13:43:00;IRP_MJ_DEVICE_CONTROL (IOCTL_SERIAL_GET_COMMSTATUS);UP;STATUS_SUCCESS;00 00 00 00 00 00 00 00 53 00 00 00 00 00 00 00 00 00 00 00 ;"........S...........";20;;COM3;;
2780;27/08/2026 13:43:00;IRP_MJ_DEVICE_CONTROL (IOCTL_SERIAL_WAIT_ON_MASK);DOWN;;;"";;;COM3;;
2781;27/08/2026 13:43:00;IRP_MJ_DEVICE_CONTROL (IOCTL_SERIAL_GET_COMMSTATUS);DOWN;;;"";;;COM3;;
2782;27/08/2026 13:43:00;IRP_MJ_DEVICE_CONTROL (IOCTL_SERIAL_GET_COMMSTATUS);UP;STATUS_SUCCESS;00 00 00 00 00 00 00 00 53 00 00 00 00 00 00 00 00 00 00 00 ;"........S...........";20;;COM3;;
2783;27/08/2026 13:43:00;IRP_MJ_DEVICE_CONTROL (IOCTL_SERIAL_WAIT_ON_MASK);UP;STATUS_SUCCESS;01 00 00 00 ;"....";4;;COM3;;
2784;27/08/2026 13:43:00;IRP_MJ_DEVICE_CONTROL (IOCTL_SERIAL_GET_COMMSTATUS);DOWN;;;"";;;COM3;;
2785;27/08/2026 13:43:00;IRP_MJ_DEVICE_CONTROL (IOCTL_SERIAL_GET_COMMSTATUS);UP;STATUS_SUCCESS;00 00 00 00 00 00 00 00 54 00 00 00 00 00 00 00 00 00 00 00 ;"........T...........";20;;COM3;;
2786;27/08/2026 13:43:00;IRP_MJ_DEVICE_CONTROL (IOCTL_SERIAL_WAIT_ON_MASK);DOWN;;;"";;;COM3;;
2787;27/08/2026 13:43:00;IRP_MJ_DEVICE_CONTROL (IOCTL_SERIAL_WAIT_ON_MASK);UP;STATUS_SUCCESS;01 00 00 00 ;"....";4;;COM3;;
2788;27/08/2026 13:43:00;IRP_MJ_DEVICE_CONTROL (IOCTL_SERIAL_GET_COMMSTATUS);DOWN;;;"";;;COM3;;
2789;27/08/2026 13:43:00;IRP_MJ_DEVICE_CONTROL (IOCTL_SERIAL_GET_COMMSTATUS);UP;STATUS_SUCCESS;00 00 00 00 00 00 00 00 55 00 00 00 00 00 00 00 00 00 00 00 ;"........U...........";20;;COM3;;
2790;27/08/2026 13:43:00;IRP_MJ_DEVICE_CONTROL (IOCTL_SERIAL_WAIT_ON_MASK);DOWN;;;"";;;COM3;;
2791;27/08/2026 13:43:00;IRP_MJ_DEVICE_CONTROL (IOCTL_SERIAL_WAIT_ON_MASK);UP;STATUS_SUCCESS;01 00 00 00 ;"....";4;;COM3;;
2792;27/08/2026 13:43:00;IRP_MJ_DEVICE_CONTROL (IOCTL_SERIAL_GET_COMMSTATUS);DOWN;;;"";;;COM3;;
2793;27/08/2026 13:43:00;IRP_MJ_DEVICE_CONTROL (IOCTL_SERIAL_GET_COMMSTATUS);UP;STATUS_SUCCESS;00 00 00 00 00 00 00 00 56 00 00 00 00 00 00 00 00 00 00 00 ;"........V...........";20;;COM3;;
2794;27/08/2026 13:43:00;IRP_MJ_DEVICE_CONTROL (IOCTL_SERIAL_WAIT_ON_MASK);DOWN;;;"";;;COM3;;
2795;27/08/2026 13:43:00;IRP_MJ_DEVICE_CONTROL (IOCTL_SERIAL_WAIT_ON_MASK);UP;STATUS_SUCCESS;01 00 00 00 ;"....";4;;COM3;;
2796;27/08/2026 13:43:00;IRP_MJ_DEVICE_CONTROL (IOCTL_SERIAL_GET_COMMSTATUS);DOWN;;;"";;;COM3;;
2797;27/08/2026 13:43:00;IRP_MJ_DEVICE_CONTROL (IOCTL_SERIAL_GET_COMMSTATUS);UP;STATUS_SUCCESS;00 00 00 00 00 00 00 00 57 00 00 00 00 00 00 00 00 00 00 00 ;"........W...........";20;;COM3;;
2798;27/08/2026 13:43:00;IRP_MJ_DEVICE_CONTROL (IOCTL_SERIAL_WAIT_ON_MASK);DOWN;;;"";;;COM3;;
2799;27/08/2026 13:43:00;IRP_MJ_DEVICE_CONTROL (IOCTL_SERIAL_WAIT_ON_MASK);UP;STATUS_SUCCESS;01 00 00 00 ;"....";4;;COM3;;
2800;27/08/2026 13:43:00;IRP_MJ_DEVICE_CONTROL (IOCTL_SERIAL_GET_COMMSTATUS);DOWN;;;"";;;COM3;;
2801;27/08/2026 13:43:00;IRP_MJ_DEVICE_CONTROL (IOCTL_SERIAL_GET_COMMSTATUS);UP;STATUS_SUCCESS;00 00 00 00 00 00 00 00 58 00 00 00 00 00 00 00 00 00 00 00 ;"........X...........";20;;COM3;;
2802;27/08/2026 13:43:00;IRP_MJ_DEVICE_CONTROL (IOCTL_SERIAL_WAIT_ON_MASK);DOWN;;;"";;;COM3;;
2803;27/08/2026 13:43:00;IRP_MJ_DEVICE_CONTROL (IOCTL_SERIAL_WAIT_ON_MASK);UP;STATUS_SUCCESS;01 00 00 00 ;"....";4;;COM3;;
2804;27/08/2026 13:43:00;IRP_MJ_DEVICE_CONTROL (IOCTL_SERIAL_GET_COMMSTATUS);DOWN;;;"";;;COM3;;
2805;27/08/2026 13:43:00;IRP_MJ_DEVICE_CONTROL (IOCTL_SERIAL_GET_COMMSTATUS);UP;STATUS_SUCCESS;00 00 00 00 00 00 00 00 59 00 00 00 00 00 00 00 00 00 00 00 ;"........Y...........";20;;COM3;;
2806;27/08/2026 13:43:00;IRP_MJ_DEVICE_CONTROL (IOCTL_SERIAL_WAIT_ON_MASK);DOWN;;;"";;;COM3;;
2807;27/08/2026 13:43:00;IRP_MJ_DEVICE_CONTROL (IOCTL_SERIAL_WAIT_ON_MASK);UP;STATUS_SUCCESS;01 00 00 00 ;"....";4;;COM3;;
2808;27/08/2026 13:43:00;IRP_MJ_DEVICE_CONTROL (IOCTL_SERIAL_GET_COMMSTATUS);DOWN;;;"";;;COM3;;
2809;27/08/2026 13:43:00;IRP_MJ_DEVICE_CONTROL (IOCTL_SERIAL_GET_COMMSTATUS);UP;STATUS_SUCCESS;00 00 00 00 00 00 00 00 5a 00 00 00 00 00 00 00 00 00 00 00 ;"........Z...........";20;;COM3;;
2810;27/08/2026 13:43:00;IRP_MJ_DEVICE_CONTROL (IOCTL_SERIAL_WAIT_ON_MASK);DOWN;;;"";;;COM3;;
2811;27/08/2026 13:43:00;IRP_MJ_DEVICE_CONTROL (IOCTL_SERIAL_GET_COMMSTATUS);DOWN;;;"";;;COM3;;
2812;27/08/2026 13:43:00;IRP_MJ_DEVICE_CONTROL (IOCTL_SERIAL_GET_COMMSTATUS);UP;STATUS_SUCCESS;00 00 00 00 00 00 00 00 5a 00 00 00 00 00 00 00 00 00 00 00 ;"........Z...........";20;;COM3;;
2813;27/08/2026 13:43:00;IRP_MJ_DEVICE_CONTROL (IOCTL_SERIAL_WAIT_ON_MASK);UP;STATUS_SUCCESS;01 00 00 00 ;"....";4;;COM3;;
2814;27/08/2026 13:43:00;IRP_MJ_DEVICE_CONTROL (IOCTL_SERIAL_GET_COMMSTATUS);DOWN;;;"";;;COM3;;
2815;27/08/2026 13:43:00;IRP_MJ_DEVICE_CONTROL (IOCTL_SERIAL_GET_COMMSTATUS);UP;STATUS_SUCCESS;00 00 00 00 00 00 00 00 5b 00 00 00 00 00 00 00 00 00 00 00 ;"........[...........";20;;COM3;;
2816;27/08/2026 13:43:00;IRP_MJ_DEVICE_CONTROL (IOCTL_SERIAL_WAIT_ON_MASK);DOWN;;;"";;;COM3;;
2817;27/08/2026 13:43:00;IRP_MJ_DEVICE_CONTROL (IOCTL_SERIAL_GET_COMMSTATUS);DOWN;;;"";;;COM3;;
2818;27/08/2026 13:43:00;IRP_MJ_DEVICE_CONTROL (IOCTL_SERIAL_GET_COMMSTATUS);UP;STATUS_SUCCESS;00 00 00 00 00 00 00 00 5b 00 00 00 00 00 00 00 00 00 00 00 ;"........[...........";20;;COM3;;
2819;27/08/2026 13:43:00;IRP_MJ_DEVICE_CONTROL (IOCTL_SERIAL_GET_COMMSTATUS);DOWN;;;"";;;COM3;;
2820;27/08/2026 13:43:00;IRP_MJ_DEVICE_CONTROL (IOCTL_SERIAL_GET_COMMSTATUS);UP;STATUS_SUCCESS;00 00 00 00 00 00 00 00 5b 00 00 00 00 00 00 00 00 00 00 00 ;"........[...........";20;;COM3;;
2821;27/08/2026 13:43:00;IRP_MJ_READ;DOWN;;;"";;91;COM3;;
2822;27/08/2026 13:43:00;IRP_MJ_READ;UP;STATUS_SUCCESS;04 03 56 00 01 08 fc 13 88 00 00 00 01 00 01 00 01 00 00 00 03 00 00 00 02 00 00 00 42 00 42 00 00 00 00 00 71 00 73 00 8e 00 00 00 7d 00 87 00 87 00 0c 00 c8 00 c8 00 6e 00 96 00 02 00 c8 00 73 02 58 00 00 00 00 00 00 00 00 00 00 00 00 00 00 00 00 00 00 00 72 00 02 67 8a ;"..V...¸.à...................B.B.....q.s.é...}.á.á...».».n.ñ...».s.X...................r..gä";91;;COM3;;
2823;27/08/2026 13:43:00;IRP_MJ_WRITE;DOWN;;04 03 62 71 00 4f 4b c8 ;"..bq.OK»";8;8;COM3;;
2824;27/08/2026 13:43:00;IRP_MJ_WRITE;UP;STATUS_SUCCESS;04 03 62 71 00 4f 4b c8 ;"..bq.OK»";8;;COM3;;
2825;27/08/2026 13:43:00;IRP_MJ_DEVICE_CONTROL (IOCTL_SERIAL_GET_COMMSTATUS);DOWN;;;"";;;COM3;;
2826;27/08/2026 13:43:00;IRP_MJ_DEVICE_CONTROL (IOCTL_SERIAL_GET_COMMSTATUS);UP;STATUS_SUCCESS;00 00 00 00 00 00 00 00 00 00 00 00 00 00 00 00 00 00 00 00 ;"....................";20;;COM3;;
2827;27/08/2026 13:43:00;IRP_MJ_DEVICE_CONTROL (IOCTL_SERIAL_GET_COMMSTATUS);DOWN;;;"";;;COM3;;
2828;27/08/2026 13:43:00;IRP_MJ_DEVICE_CONTROL (IOCTL_SERIAL_GET_COMMSTATUS);UP;STATUS_SUCCESS;00 00 00 00 00 00 00 00 00 00 00 00 00 00 00 00 00 00 00 00 ;"....................";20;;COM3;;
2829;27/08/2026 13:43:00;IRP_MJ_DEVICE_CONTROL (IOCTL_SERIAL_GET_COMMSTATUS);DOWN;;;"";;;COM3;;
2830;27/08/2026 13:43:00;IRP_MJ_DEVICE_CONTROL (IOCTL_SERIAL_GET_COMMSTATUS);UP;STATUS_SUCCESS;00 00 00 00 00 00 00 00 00 00 00 00 00 00 00 00 00 00 00 00 ;"....................";20;;COM3;;
2831;27/08/2026 13:43:00;IRP_MJ_DEVICE_CONTROL (IOCTL_SERIAL_GET_COMMSTATUS);DOWN;;;"";;;COM3;;
2832;27/08/2026 13:43:00;IRP_MJ_DEVICE_CONTROL (IOCTL_SERIAL_GET_COMMSTATUS);UP;STATUS_SUCCESS;00 00 00 00 00 00 00 00 00 00 00 00 00 00 00 00 00 00 00 00 ;"....................";20;;COM3;;
2833;27/08/2026 13:43:00;IRP_MJ_DEVICE_CONTROL (IOCTL_SERIAL_GET_COMMSTATUS);DOWN;;;"";;;COM3;;
2834;27/08/2026 13:43:00;IRP_MJ_DEVICE_CONTROL (IOCTL_SERIAL_GET_COMMSTATUS);UP;STATUS_SUCCESS;00 00 00 00 00 00 00 00 00 00 00 00 00 00 00 00 00 00 00 00 ;"....................";20;;COM3;;
2835;27/08/2026 13:43:00;IRP_MJ_DEVICE_CONTROL (IOCTL_SERIAL_GET_COMMSTATUS);DOWN;;;"";;;COM3;;
2836;27/08/2026 13:43:00;IRP_MJ_DEVICE_CONTROL (IOCTL_SERIAL_GET_COMMSTATUS);UP;STATUS_SUCCESS;00 00 00 00 00 00 00 00 00 00 00 00 00 00 00 00 00 00 00 00 ;"....................";20;;COM3;;
2837;27/08/2026 13:43:00;IRP_MJ_DEVICE_CONTROL (IOCTL_SERIAL_GET_COMMSTATUS);DOWN;;;"";;;COM3;;
2838;27/08/2026 13:43:00;IRP_MJ_DEVICE_CONTROL (IOCTL_SERIAL_GET_COMMSTATUS);UP;STATUS_SUCCESS;00 00 00 00 00 00 00 00 00 00 00 00 00 00 00 00 00 00 00 00 ;"....................";20;;COM3;;
2839;27/08/2026 13:43:00;IRP_MJ_DEVICE_CONTROL (IOCTL_SERIAL_GET_COMMSTATUS);DOWN;;;"";;;COM3;;
2840;27/08/2026 13:43:00;IRP_MJ_DEVICE_CONTROL (IOCTL_SERIAL_GET_COMMSTATUS);UP;STATUS_SUCCESS;00 00 00 00 00 00 00 00 00 00 00 00 00 00 00 00 00 00 00 00 ;"....................";20;;COM3;;
2841;27/08/2026 13:43:00;IRP_MJ_DEVICE_CONTROL (IOCTL_SERIAL_GET_COMMSTATUS);DOWN;;;"";;;COM3;;
2842;27/08/2026 13:43:00;IRP_MJ_DEVICE_CONTROL (IOCTL_SERIAL_GET_COMMSTATUS);UP;STATUS_SUCCESS;00 00 00 00 00 00 00 00 00 00 00 00 00 00 00 00 00 00 00 00 ;"....................";20;;COM3;;
2843;27/08/2026 13:43:00;IRP_MJ_DEVICE_CONTROL (IOCTL_SERIAL_GET_COMMSTATUS);DOWN;;;"";;;COM3;;
2844;27/08/2026 13:43:00;IRP_MJ_DEVICE_CONTROL (IOCTL_SERIAL_GET_COMMSTATUS);UP;STATUS_SUCCESS;00 00 00 00 00 00 00 00 00 00 00 00 00 00 00 00 00 00 00 00 ;"....................";20;;COM3;;
2845;27/08/2026 13:43:00;IRP_MJ_DEVICE_CONTROL (IOCTL_SERIAL_GET_COMMSTATUS);DOWN;;;"";;;COM3;;
2846;27/08/2026 13:43:00;IRP_MJ_DEVICE_CONTROL (IOCTL_SERIAL_GET_COMMSTATUS);UP;STATUS_SUCCESS;00 00 00 00 00 00 00 00 00 00 00 00 00 00 00 00 00 00 00 00 ;"....................";20;;COM3;;
2847;27/08/2026 13:43:00;IRP_MJ_DEVICE_CONTROL (IOCTL_SERIAL_GET_COMMSTATUS);DOWN;;;"";;;COM3;;
2848;27/08/2026 13:43:00;IRP_MJ_DEVICE_CONTROL (IOCTL_SERIAL_GET_COMMSTATUS);UP;STATUS_SUCCESS;00 00 00 00 00 00 00 00 00 00 00 00 00 00 00 00 00 00 00 00 ;"....................";20;;COM3;;
2849;27/08/2026 13:43:00;IRP_MJ_DEVICE_CONTROL (IOCTL_SERIAL_WAIT_ON_MASK);UP;STATUS_SUCCESS;01 00 00 00 ;"....";4;;COM3;;
2850;27/08/2026 13:43:00;IRP_MJ_DEVICE_CONTROL (IOCTL_SERIAL_GET_COMMSTATUS);DOWN;;;"";;;COM3;;
2851;27/08/2026 13:43:00;IRP_MJ_DEVICE_CONTROL (IOCTL_SERIAL_GET_COMMSTATUS);UP;STATUS_SUCCESS;00 00 00 00 00 00 00 00 01 00 00 00 00 00 00 00 00 00 00 00 ;"....................";20;;COM3;;
2852;27/08/2026 13:43:00;IRP_MJ_DEVICE_CONTROL (IOCTL_SERIAL_WAIT_ON_MASK);DOWN;;;"";;;COM3;;
2853;27/08/2026 13:43:00;IRP_MJ_DEVICE_CONTROL (IOCTL_SERIAL_GET_COMMSTATUS);DOWN;;;"";;;COM3;;
2854;27/08/2026 13:43:00;IRP_MJ_DEVICE_CONTROL (IOCTL_SERIAL_GET_COMMSTATUS);UP;STATUS_SUCCESS;00 00 00 00 00 00 00 00 01 00 00 00 00 00 00 00 00 00 00 00 ;"....................";20;;COM3;;
2855;27/08/2026 13:43:00;IRP_MJ_DEVICE_CONTROL (IOCTL_SERIAL_WAIT_ON_MASK);UP;STATUS_SUCCESS;01 00 00 00 ;"....";4;;COM3;;
2856;27/08/2026 13:43:00;IRP_MJ_DEVICE_CONTROL (IOCTL_SERIAL_GET_COMMSTATUS);DOWN;;;"";;;COM3;;
2857;27/08/2026 13:43:00;IRP_MJ_DEVICE_CONTROL (IOCTL_SERIAL_GET_COMMSTATUS);UP;STATUS_SUCCESS;00 00 00 00 00 00 00 00 02 00 00 00 00 00 00 00 00 00 00 00 ;"....................";20;;COM3;;
2858;27/08/2026 13:43:00;IRP_MJ_DEVICE_CONTROL (IOCTL_SERIAL_WAIT_ON_MASK);DOWN;;;"";;;COM3;;
2859;27/08/2026 13:43:00;IRP_MJ_DEVICE_CONTROL (IOCTL_SERIAL_WAIT_ON_MASK);UP;STATUS_SUCCESS;01 00 00 00 ;"....";4;;COM3;;
2860;27/08/2026 13:43:00;IRP_MJ_DEVICE_CONTROL (IOCTL_SERIAL_GET_COMMSTATUS);DOWN;;;"";;;COM3;;
2861;27/08/2026 13:43:00;IRP_MJ_DEVICE_CONTROL (IOCTL_SERIAL_GET_COMMSTATUS);UP;STATUS_SUCCESS;00 00 00 00 00 00 00 00 03 00 00 00 00 00 00 00 00 00 00 00 ;"....................";20;;COM3;;
2862;27/08/2026 13:43:00;IRP_MJ_DEVICE_CONTROL (IOCTL_SERIAL_WAIT_ON_MASK);DOWN;;;"";;;COM3;;
2863;27/08/2026 13:43:00;IRP_MJ_DEVICE_CONTROL (IOCTL_SERIAL_WAIT_ON_MASK);UP;STATUS_SUCCESS;01 00 00 00 ;"....";4;;COM3;;
2864;27/08/2026 13:43:00;IRP_MJ_DEVICE_CONTROL (IOCTL_SERIAL_GET_COMMSTATUS);DOWN;;;"";;;COM3;;
2865;27/08/2026 13:43:00;IRP_MJ_DEVICE_CONTROL (IOCTL_SERIAL_GET_COMMSTATUS);UP;STATUS_SUCCESS;00 00 00 00 00 00 00 00 04 00 00 00 00 00 00 00 00 00 00 00 ;"....................";20;;COM3;;
2866;27/08/2026 13:43:00;IRP_MJ_DEVICE_CONTROL (IOCTL_SERIAL_WAIT_ON_MASK);DOWN;;;"";;;COM3;;
2867;27/08/2026 13:43:00;IRP_MJ_DEVICE_CONTROL (IOCTL_SERIAL_WAIT_ON_MASK);UP;STATUS_SUCCESS;01 00 00 00 ;"....";4;;COM3;;
2868;27/08/2026 13:43:00;IRP_MJ_DEVICE_CONTROL (IOCTL_SERIAL_GET_COMMSTATUS);DOWN;;;"";;;COM3;;
2869;27/08/2026 13:43:00;IRP_MJ_DEVICE_CONTROL (IOCTL_SERIAL_GET_COMMSTATUS);UP;STATUS_SUCCESS;00 00 00 00 00 00 00 00 05 00 00 00 00 00 00 00 00 00 00 00 ;"....................";20;;COM3;;
2870;27/08/2026 13:43:00;IRP_MJ_DEVICE_CONTROL (IOCTL_SERIAL_WAIT_ON_MASK);DOWN;;;"";;;COM3;;
2871;27/08/2026 13:43:00;IRP_MJ_DEVICE_CONTROL (IOCTL_SERIAL_WAIT_ON_MASK);UP;STATUS_SUCCESS;01 00 00 00 ;"....";4;;COM3;;
2872;27/08/2026 13:43:00;IRP_MJ_DEVICE_CONTROL (IOCTL_SERIAL_GET_COMMSTATUS);DOWN;;;"";;;COM3;;
2873;27/08/2026 13:43:00;IRP_MJ_DEVICE_CONTROL (IOCTL_SERIAL_GET_COMMSTATUS);UP;STATUS_SUCCESS;00 00 00 00 00 00 00 00 06 00 00 00 00 00 00 00 00 00 00 00 ;"....................";20;;COM3;;
2874;27/08/2026 13:43:00;IRP_MJ_DEVICE_CONTROL (IOCTL_SERIAL_WAIT_ON_MASK);DOWN;;;"";;;COM3;;
2875;27/08/2026 13:43:00;IRP_MJ_DEVICE_CONTROL (IOCTL_SERIAL_WAIT_ON_MASK);UP;STATUS_SUCCESS;01 00 00 00 ;"....";4;;COM3;;
2876;27/08/2026 13:43:00;IRP_MJ_DEVICE_CONTROL (IOCTL_SERIAL_GET_COMMSTATUS);DOWN;;;"";;;COM3;;
2877;27/08/2026 13:43:00;IRP_MJ_DEVICE_CONTROL (IOCTL_SERIAL_GET_COMMSTATUS);UP;STATUS_SUCCESS;00 00 00 00 00 00 00 00 07 00 00 00 00 00 00 00 00 00 00 00 ;"....................";20;;COM3;;
2878;27/08/2026 13:43:00;IRP_MJ_DEVICE_CONTROL (IOCTL_SERIAL_WAIT_ON_MASK);DOWN;;;"";;;COM3;;
2879;27/08/2026 13:43:00;IRP_MJ_DEVICE_CONTROL (IOCTL_SERIAL_WAIT_ON_MASK);UP;STATUS_SUCCESS;01 00 00 00 ;"....";4;;COM3;;
2880;27/08/2026 13:43:00;IRP_MJ_DEVICE_CONTROL (IOCTL_SERIAL_GET_COMMSTATUS);DOWN;;;"";;;COM3;;
2881;27/08/2026 13:43:00;IRP_MJ_DEVICE_CONTROL (IOCTL_SERIAL_GET_COMMSTATUS);UP;STATUS_SUCCESS;00 00 00 00 00 00 00 00 08 00 00 00 00 00 00 00 00 00 00 00 ;"....................";20;;COM3;;
2882;27/08/2026 13:43:00;IRP_MJ_DEVICE_CONTROL (IOCTL_SERIAL_WAIT_ON_MASK);DOWN;;;"";;;COM3;;
2883;27/08/2026 13:43:00;IRP_MJ_DEVICE_CONTROL (IOCTL_SERIAL_GET_COMMSTATUS);DOWN;;;"";;;COM3;;
2884;27/08/2026 13:43:00;IRP_MJ_DEVICE_CONTROL (IOCTL_SERIAL_GET_COMMSTATUS);UP;STATUS_SUCCESS;00 00 00 00 00 00 00 00 08 00 00 00 00 00 00 00 00 00 00 00 ;"....................";20;;COM3;;
2885;27/08/2026 13:43:00;IRP_MJ_DEVICE_CONTROL (IOCTL_SERIAL_WAIT_ON_MASK);UP;STATUS_SUCCESS;01 00 00 00 ;"....";4;;COM3;;
2886;27/08/2026 13:43:00;IRP_MJ_DEVICE_CONTROL (IOCTL_SERIAL_GET_COMMSTATUS);DOWN;;;"";;;COM3;;
2887;27/08/2026 13:43:00;IRP_MJ_DEVICE_CONTROL (IOCTL_SERIAL_GET_COMMSTATUS);UP;STATUS_SUCCESS;00 00 00 00 00 00 00 00 09 00 00 00 00 00 00 00 00 00 00 00 ;"....................";20;;COM3;;
2888;27/08/2026 13:43:00;IRP_MJ_DEVICE_CONTROL (IOCTL_SERIAL_WAIT_ON_MASK);DOWN;;;"";;;COM3;;
2889;27/08/2026 13:43:00;IRP_MJ_DEVICE_CONTROL (IOCTL_SERIAL_WAIT_ON_MASK);UP;STATUS_SUCCESS;01 00 00 00 ;"....";4;;COM3;;
2890;27/08/2026 13:43:00;IRP_MJ_DEVICE_CONTROL (IOCTL_SERIAL_GET_COMMSTATUS);DOWN;;;"";;;COM3;;
2891;27/08/2026 13:43:00;IRP_MJ_DEVICE_CONTROL (IOCTL_SERIAL_GET_COMMSTATUS);UP;STATUS_SUCCESS;00 00 00 00 00 00 00 00 0a 00 00 00 00 00 00 00 00 00 00 00 ;"....................";20;;COM3;;
2892;27/08/2026 13:43:00;IRP_MJ_DEVICE_CONTROL (IOCTL_SERIAL_WAIT_ON_MASK);DOWN;;;"";;;COM3;;
2893;27/08/2026 13:43:00;IRP_MJ_DEVICE_CONTROL (IOCTL_SERIAL_WAIT_ON_MASK);UP;STATUS_SUCCESS;01 00 00 00 ;"....";4;;COM3;;
2894;27/08/2026 13:43:00;IRP_MJ_DEVICE_CONTROL (IOCTL_SERIAL_GET_COMMSTATUS);DOWN;;;"";;;COM3;;
2895;27/08/2026 13:43:00;IRP_MJ_DEVICE_CONTROL (IOCTL_SERIAL_GET_COMMSTATUS);UP;STATUS_SUCCESS;00 00 00 00 00 00 00 00 0b 00 00 00 00 00 00 00 00 00 00 00 ;"....................";20;;COM3;;
2896;27/08/2026 13:43:00;IRP_MJ_DEVICE_CONTROL (IOCTL_SERIAL_WAIT_ON_MASK);DOWN;;;"";;;COM3;;
2897;27/08/2026 13:43:00;IRP_MJ_DEVICE_CONTROL (IOCTL_SERIAL_WAIT_ON_MASK);UP;STATUS_SUCCESS;01 00 00 00 ;"....";4;;COM3;;
2898;27/08/2026 13:43:00;IRP_MJ_DEVICE_CONTROL (IOCTL_SERIAL_GET_COMMSTATUS);DOWN;;;"";;;COM3;;
2899;27/08/2026 13:43:00;IRP_MJ_DEVICE_CONTROL (IOCTL_SERIAL_GET_COMMSTATUS);UP;STATUS_SUCCESS;00 00 00 00 00 00 00 00 0c 00 00 00 00 00 00 00 00 00 00 00 ;"....................";20;;COM3;;
2900;27/08/2026 13:43:00;IRP_MJ_DEVICE_CONTROL (IOCTL_SERIAL_WAIT_ON_MASK);DOWN;;;"";;;COM3;;
2901;27/08/2026 13:43:00;IRP_MJ_DEVICE_CONTROL (IOCTL_SERIAL_WAIT_ON_MASK);UP;STATUS_SUCCESS;01 00 00 00 ;"....";4;;COM3;;
2902;27/08/2026 13:43:00;IRP_MJ_DEVICE_CONTROL (IOCTL_SERIAL_GET_COMMSTATUS);DOWN;;;"";;;COM3;;
2903;27/08/2026 13:43:00;IRP_MJ_DEVICE_CONTROL (IOCTL_SERIAL_GET_COMMSTATUS);UP;STATUS_SUCCESS;00 00 00 00 00 00 00 00 0d 00 00 00 00 00 00 00 00 00 00 00 ;"....................";20;;COM3;;
2904;27/08/2026 13:43:00;IRP_MJ_DEVICE_CONTROL (IOCTL_SERIAL_WAIT_ON_MASK);DOWN;;;"";;;COM3;;
2905;27/08/2026 13:43:00;IRP_MJ_DEVICE_CONTROL (IOCTL_SERIAL_WAIT_ON_MASK);UP;STATUS_SUCCESS;01 00 00 00 ;"....";4;;COM3;;
2906;27/08/2026 13:43:00;IRP_MJ_DEVICE_CONTROL (IOCTL_SERIAL_GET_COMMSTATUS);DOWN;;;"";;;COM3;;
2907;27/08/2026 13:43:00;IRP_MJ_DEVICE_CONTROL (IOCTL_SERIAL_GET_COMMSTATUS);UP;STATUS_SUCCESS;00 00 00 00 00 00 00 00 0e 00 00 00 00 00 00 00 00 00 00 00 ;"....................";20;;COM3;;
2908;27/08/2026 13:43:00;IRP_MJ_DEVICE_CONTROL (IOCTL_SERIAL_WAIT_ON_MASK);DOWN;;;"";;;COM3;;
2909;27/08/2026 13:43:00;IRP_MJ_DEVICE_CONTROL (IOCTL_SERIAL_WAIT_ON_MASK);UP;STATUS_SUCCESS;01 00 00 00 ;"....";4;;COM3;;
2910;27/08/2026 13:43:00;IRP_MJ_DEVICE_CONTROL (IOCTL_SERIAL_GET_COMMSTATUS);DOWN;;;"";;;COM3;;
2911;27/08/2026 13:43:00;IRP_MJ_DEVICE_CONTROL (IOCTL_SERIAL_GET_COMMSTATUS);UP;STATUS_SUCCESS;00 00 00 00 00 00 00 00 0f 00 00 00 00 00 00 00 00 00 00 00 ;"....................";20;;COM3;;
2912;27/08/2026 13:43:00;IRP_MJ_DEVICE_CONTROL (IOCTL_SERIAL_WAIT_ON_MASK);DOWN;;;"";;;COM3;;
2913;27/08/2026 13:43:00;IRP_MJ_DEVICE_CONTROL (IOCTL_SERIAL_GET_COMMSTATUS);DOWN;;;"";;;COM3;;
2914;27/08/2026 13:43:00;IRP_MJ_DEVICE_CONTROL (IOCTL_SERIAL_GET_COMMSTATUS);UP;STATUS_SUCCESS;00 00 00 00 00 00 00 00 0f 00 00 00 00 00 00 00 00 00 00 00 ;"....................";20;;COM3;;
2915;27/08/2026 13:43:00;IRP_MJ_DEVICE_CONTROL (IOCTL_SERIAL_WAIT_ON_MASK);UP;STATUS_SUCCESS;01 00 00 00 ;"....";4;;COM3;;
2916;27/08/2026 13:43:00;IRP_MJ_DEVICE_CONTROL (IOCTL_SERIAL_GET_COMMSTATUS);DOWN;;;"";;;COM3;;
2917;27/08/2026 13:43:00;IRP_MJ_DEVICE_CONTROL (IOCTL_SERIAL_GET_COMMSTATUS);UP;STATUS_SUCCESS;00 00 00 00 00 00 00 00 10 00 00 00 00 00 00 00 00 00 00 00 ;"....................";20;;COM3;;
2918;27/08/2026 13:43:00;IRP_MJ_DEVICE_CONTROL (IOCTL_SERIAL_WAIT_ON_MASK);DOWN;;;"";;;COM3;;
2919;27/08/2026 13:43:00;IRP_MJ_DEVICE_CONTROL (IOCTL_SERIAL_WAIT_ON_MASK);UP;STATUS_SUCCESS;01 00 00 00 ;"....";4;;COM3;;
2920;27/08/2026 13:43:00;IRP_MJ_DEVICE_CONTROL (IOCTL_SERIAL_GET_COMMSTATUS);DOWN;;;"";;;COM3;;
2921;27/08/2026 13:43:00;IRP_MJ_DEVICE_CONTROL (IOCTL_SERIAL_GET_COMMSTATUS);UP;STATUS_SUCCESS;00 00 00 00 00 00 00 00 11 00 00 00 00 00 00 00 00 00 00 00 ;"....................";20;;COM3;;
2922;27/08/2026 13:43:00;IRP_MJ_DEVICE_CONTROL (IOCTL_SERIAL_WAIT_ON_MASK);DOWN;;;"";;;COM3;;
2923;27/08/2026 13:43:00;IRP_MJ_DEVICE_CONTROL (IOCTL_SERIAL_WAIT_ON_MASK);UP;STATUS_SUCCESS;01 00 00 00 ;"....";4;;COM3;;
2924;27/08/2026 13:43:00;IRP_MJ_DEVICE_CONTROL (IOCTL_SERIAL_GET_COMMSTATUS);DOWN;;;"";;;COM3;;
2925;27/08/2026 13:43:00;IRP_MJ_DEVICE_CONTROL (IOCTL_SERIAL_GET_COMMSTATUS);UP;STATUS_SUCCESS;00 00 00 00 00 00 00 00 12 00 00 00 00 00 00 00 00 00 00 00 ;"....................";20;;COM3;;
2926;27/08/2026 13:43:00;IRP_MJ_DEVICE_CONTROL (IOCTL_SERIAL_WAIT_ON_MASK);DOWN;;;"";;;COM3;;
2927;27/08/2026 13:43:00;IRP_MJ_DEVICE_CONTROL (IOCTL_SERIAL_WAIT_ON_MASK);UP;STATUS_SUCCESS;01 00 00 00 ;"....";4;;COM3;;
2928;27/08/2026 13:43:00;IRP_MJ_DEVICE_CONTROL (IOCTL_SERIAL_GET_COMMSTATUS);DOWN;;;"";;;COM3;;
2929;27/08/2026 13:43:00;IRP_MJ_DEVICE_CONTROL (IOCTL_SERIAL_GET_COMMSTATUS);UP;STATUS_SUCCESS;00 00 00 00 00 00 00 00 13 00 00 00 00 00 00 00 00 00 00 00 ;"....................";20;;COM3;;
2930;27/08/2026 13:43:00;IRP_MJ_DEVICE_CONTROL (IOCTL_SERIAL_WAIT_ON_MASK);DOWN;;;"";;;COM3;;
2931;27/08/2026 13:43:00;IRP_MJ_DEVICE_CONTROL (IOCTL_SERIAL_WAIT_ON_MASK);UP;STATUS_SUCCESS;01 00 00 00 ;"....";4;;COM3;;
2932;27/08/2026 13:43:00;IRP_MJ_DEVICE_CONTROL (IOCTL_SERIAL_GET_COMMSTATUS);DOWN;;;"";;;COM3;;
2933;27/08/2026 13:43:00;IRP_MJ_DEVICE_CONTROL (IOCTL_SERIAL_GET_COMMSTATUS);UP;STATUS_SUCCESS;00 00 00 00 00 00 00 00 14 00 00 00 00 00 00 00 00 00 00 00 ;"....................";20;;COM3;;
2934;27/08/2026 13:43:00;IRP_MJ_DEVICE_CONTROL (IOCTL_SERIAL_WAIT_ON_MASK);DOWN;;;"";;;COM3;;
2935;27/08/2026 13:43:00;IRP_MJ_DEVICE_CONTROL (IOCTL_SERIAL_WAIT_ON_MASK);UP;STATUS_SUCCESS;01 00 00 00 ;"....";4;;COM3;;
2936;27/08/2026 13:43:00;IRP_MJ_DEVICE_CONTROL (IOCTL_SERIAL_GET_COMMSTATUS);DOWN;;;"";;;COM3;;
2937;27/08/2026 13:43:00;IRP_MJ_DEVICE_CONTROL (IOCTL_SERIAL_GET_COMMSTATUS);UP;STATUS_SUCCESS;00 00 00 00 00 00 00 00 15 00 00 00 00 00 00 00 00 00 00 00 ;"....................";20;;COM3;;
2938;27/08/2026 13:43:00;IRP_MJ_DEVICE_CONTROL (IOCTL_SERIAL_WAIT_ON_MASK);DOWN;;;"";;;COM3;;
2939;27/08/2026 13:43:00;IRP_MJ_DEVICE_CONTROL (IOCTL_SERIAL_WAIT_ON_MASK);UP;STATUS_SUCCESS;01 00 00 00 ;"....";4;;COM3;;
2940;27/08/2026 13:43:00;IRP_MJ_DEVICE_CONTROL (IOCTL_SERIAL_GET_COMMSTATUS);DOWN;;;"";;;COM3;;
2941;27/08/2026 13:43:00;IRP_MJ_DEVICE_CONTROL (IOCTL_SERIAL_GET_COMMSTATUS);UP;STATUS_SUCCESS;00 00 00 00 00 00 00 00 16 00 00 00 00 00 00 00 00 00 00 00 ;"....................";20;;COM3;;
2942;27/08/2026 13:43:00;IRP_MJ_DEVICE_CONTROL (IOCTL_SERIAL_WAIT_ON_MASK);DOWN;;;"";;;COM3;;
2943;27/08/2026 13:43:00;IRP_MJ_DEVICE_CONTROL (IOCTL_SERIAL_GET_COMMSTATUS);DOWN;;;"";;;COM3;;
2944;27/08/2026 13:43:00;IRP_MJ_DEVICE_CONTROL (IOCTL_SERIAL_GET_COMMSTATUS);UP;STATUS_SUCCESS;00 00 00 00 00 00 00 00 16 00 00 00 00 00 00 00 00 00 00 00 ;"....................";20;;COM3;;
2945;27/08/2026 13:43:00;IRP_MJ_DEVICE_CONTROL (IOCTL_SERIAL_WAIT_ON_MASK);UP;STATUS_SUCCESS;01 00 00 00 ;"....";4;;COM3;;
2946;27/08/2026 13:43:00;IRP_MJ_DEVICE_CONTROL (IOCTL_SERIAL_GET_COMMSTATUS);DOWN;;;"";;;COM3;;
2947;27/08/2026 13:43:00;IRP_MJ_DEVICE_CONTROL (IOCTL_SERIAL_GET_COMMSTATUS);UP;STATUS_SUCCESS;00 00 00 00 00 00 00 00 17 00 00 00 00 00 00 00 00 00 00 00 ;"....................";20;;COM3;;
2948;27/08/2026 13:43:00;IRP_MJ_DEVICE_CONTROL (IOCTL_SERIAL_WAIT_ON_MASK);DOWN;;;"";;;COM3;;
2949;27/08/2026 13:43:00;IRP_MJ_DEVICE_CONTROL (IOCTL_SERIAL_WAIT_ON_MASK);UP;STATUS_SUCCESS;01 00 00 00 ;"....";4;;COM3;;
2950;27/08/2026 13:43:00;IRP_MJ_DEVICE_CONTROL (IOCTL_SERIAL_GET_COMMSTATUS);DOWN;;;"";;;COM3;;
2951;27/08/2026 13:43:00;IRP_MJ_DEVICE_CONTROL (IOCTL_SERIAL_GET_COMMSTATUS);UP;STATUS_SUCCESS;00 00 00 00 00 00 00 00 18 00 00 00 00 00 00 00 00 00 00 00 ;"....................";20;;COM3;;
2952;27/08/2026 13:43:00;IRP_MJ_DEVICE_CONTROL (IOCTL_SERIAL_WAIT_ON_MASK);DOWN;;;"";;;COM3;;
2953;27/08/2026 13:43:00;IRP_MJ_DEVICE_CONTROL (IOCTL_SERIAL_WAIT_ON_MASK);UP;STATUS_SUCCESS;01 00 00 00 ;"....";4;;COM3;;
2954;27/08/2026 13:43:00;IRP_MJ_DEVICE_CONTROL (IOCTL_SERIAL_GET_COMMSTATUS);DOWN;;;"";;;COM3;;
2955;27/08/2026 13:43:00;IRP_MJ_DEVICE_CONTROL (IOCTL_SERIAL_GET_COMMSTATUS);UP;STATUS_SUCCESS;00 00 00 00 00 00 00 00 19 00 00 00 00 00 00 00 00 00 00 00 ;"....................";20;;COM3;;
2956;27/08/2026 13:43:00;IRP_MJ_DEVICE_CONTROL (IOCTL_SERIAL_WAIT_ON_MASK);DOWN;;;"";;;COM3;;
2957;27/08/2026 13:43:00;IRP_MJ_DEVICE_CONTROL (IOCTL_SERIAL_WAIT_ON_MASK);UP;STATUS_SUCCESS;01 00 00 00 ;"....";4;;COM3;;
2958;27/08/2026 13:43:00;IRP_MJ_DEVICE_CONTROL (IOCTL_SERIAL_GET_COMMSTATUS);DOWN;;;"";;;COM3;;
2959;27/08/2026 13:43:00;IRP_MJ_DEVICE_CONTROL (IOCTL_SERIAL_GET_COMMSTATUS);UP;STATUS_SUCCESS;00 00 00 00 00 00 00 00 1a 00 00 00 00 00 00 00 00 00 00 00 ;"....................";20;;COM3;;
2960;27/08/2026 13:43:00;IRP_MJ_DEVICE_CONTROL (IOCTL_SERIAL_WAIT_ON_MASK);DOWN;;;"";;;COM3;;
2961;27/08/2026 13:43:00;IRP_MJ_DEVICE_CONTROL (IOCTL_SERIAL_WAIT_ON_MASK);UP;STATUS_SUCCESS;01 00 00 00 ;"....";4;;COM3;;
2962;27/08/2026 13:43:00;IRP_MJ_DEVICE_CONTROL (IOCTL_SERIAL_GET_COMMSTATUS);DOWN;;;"";;;COM3;;
2963;27/08/2026 13:43:00;IRP_MJ_DEVICE_CONTROL (IOCTL_SERIAL_GET_COMMSTATUS);UP;STATUS_SUCCESS;00 00 00 00 00 00 00 00 1b 00 00 00 00 00 00 00 00 00 00 00 ;"....................";20;;COM3;;
2964;27/08/2026 13:43:00;IRP_MJ_DEVICE_CONTROL (IOCTL_SERIAL_WAIT_ON_MASK);DOWN;;;"";;;COM3;;
2965;27/08/2026 13:43:00;IRP_MJ_DEVICE_CONTROL (IOCTL_SERIAL_WAIT_ON_MASK);UP;STATUS_SUCCESS;01 00 00 00 ;"....";4;;COM3;;
2966;27/08/2026 13:43:00;IRP_MJ_DEVICE_CONTROL (IOCTL_SERIAL_GET_COMMSTATUS);DOWN;;;"";;;COM3;;
2967;27/08/2026 13:43:00;IRP_MJ_DEVICE_CONTROL (IOCTL_SERIAL_GET_COMMSTATUS);UP;STATUS_SUCCESS;00 00 00 00 00 00 00 00 1c 00 00 00 00 00 00 00 00 00 00 00 ;"....................";20;;COM3;;
2968;27/08/2026 13:43:00;IRP_MJ_DEVICE_CONTROL (IOCTL_SERIAL_WAIT_ON_MASK);DOWN;;;"";;;COM3;;
2969;27/08/2026 13:43:00;IRP_MJ_DEVICE_CONTROL (IOCTL_SERIAL_WAIT_ON_MASK);UP;STATUS_SUCCESS;01 00 00 00 ;"....";4;;COM3;;
2970;27/08/2026 13:43:00;IRP_MJ_DEVICE_CONTROL (IOCTL_SERIAL_GET_COMMSTATUS);DOWN;;;"";;;COM3;;
2971;27/08/2026 13:43:00;IRP_MJ_DEVICE_CONTROL (IOCTL_SERIAL_GET_COMMSTATUS);UP;STATUS_SUCCESS;00 00 00 00 00 00 00 00 1d 00 00 00 00 00 00 00 00 00 00 00 ;"....................";20;;COM3;;
2972;27/08/2026 13:43:00;IRP_MJ_DEVICE_CONTROL (IOCTL_SERIAL_WAIT_ON_MASK);DOWN;;;"";;;COM3;;
2973;27/08/2026 13:43:00;IRP_MJ_DEVICE_CONTROL (IOCTL_SERIAL_GET_COMMSTATUS);DOWN;;;"";;;COM3;;
2974;27/08/2026 13:43:00;IRP_MJ_DEVICE_CONTROL (IOCTL_SERIAL_GET_COMMSTATUS);UP;STATUS_SUCCESS;00 00 00 00 00 00 00 00 1d 00 00 00 00 00 00 00 00 00 00 00 ;"....................";20;;COM3;;
2975;27/08/2026 13:43:00;IRP_MJ_DEVICE_CONTROL (IOCTL_SERIAL_WAIT_ON_MASK);UP;STATUS_SUCCESS;01 00 00 00 ;"....";4;;COM3;;
2976;27/08/2026 13:43:00;IRP_MJ_DEVICE_CONTROL (IOCTL_SERIAL_GET_COMMSTATUS);DOWN;;;"";;;COM3;;
2977;27/08/2026 13:43:00;IRP_MJ_DEVICE_CONTROL (IOCTL_SERIAL_GET_COMMSTATUS);UP;STATUS_SUCCESS;00 00 00 00 00 00 00 00 1e 00 00 00 00 00 00 00 00 00 00 00 ;"....................";20;;COM3;;
2978;27/08/2026 13:43:00;IRP_MJ_DEVICE_CONTROL (IOCTL_SERIAL_WAIT_ON_MASK);DOWN;;;"";;;COM3;;
2979;27/08/2026 13:43:00;IRP_MJ_DEVICE_CONTROL (IOCTL_SERIAL_WAIT_ON_MASK);UP;STATUS_SUCCESS;01 00 00 00 ;"....";4;;COM3;;
2980;27/08/2026 13:43:00;IRP_MJ_DEVICE_CONTROL (IOCTL_SERIAL_GET_COMMSTATUS);DOWN;;;"";;;COM3;;
2981;27/08/2026 13:43:00;IRP_MJ_DEVICE_CONTROL (IOCTL_SERIAL_GET_COMMSTATUS);UP;STATUS_SUCCESS;00 00 00 00 00 00 00 00 1f 00 00 00 00 00 00 00 00 00 00 00 ;"....................";20;;COM3;;
2982;27/08/2026 13:43:00;IRP_MJ_DEVICE_CONTROL (IOCTL_SERIAL_WAIT_ON_MASK);DOWN;;;"";;;COM3;;
2983;27/08/2026 13:43:00;IRP_MJ_DEVICE_CONTROL (IOCTL_SERIAL_WAIT_ON_MASK);UP;STATUS_SUCCESS;01 00 00 00 ;"....";4;;COM3;;
2984;27/08/2026 13:43:00;IRP_MJ_DEVICE_CONTROL (IOCTL_SERIAL_GET_COMMSTATUS);DOWN;;;"";;;COM3;;
2985;27/08/2026 13:43:00;IRP_MJ_DEVICE_CONTROL (IOCTL_SERIAL_GET_COMMSTATUS);UP;STATUS_SUCCESS;00 00 00 00 00 00 00 00 20 00 00 00 00 00 00 00 00 00 00 00 ;"........ ...........";20;;COM3;;
2986;27/08/2026 13:43:00;IRP_MJ_DEVICE_CONTROL (IOCTL_SERIAL_WAIT_ON_MASK);DOWN;;;"";;;COM3;;
2987;27/08/2026 13:43:00;IRP_MJ_DEVICE_CONTROL (IOCTL_SERIAL_WAIT_ON_MASK);UP;STATUS_SUCCESS;01 00 00 00 ;"....";4;;COM3;;
2988;27/08/2026 13:43:00;IRP_MJ_DEVICE_CONTROL (IOCTL_SERIAL_GET_COMMSTATUS);DOWN;;;"";;;COM3;;
2989;27/08/2026 13:43:00;IRP_MJ_DEVICE_CONTROL (IOCTL_SERIAL_GET_COMMSTATUS);UP;STATUS_SUCCESS;00 00 00 00 00 00 00 00 21 00 00 00 00 00 00 00 00 00 00 00 ;"........!...........";20;;COM3;;
2990;27/08/2026 13:43:00;IRP_MJ_DEVICE_CONTROL (IOCTL_SERIAL_WAIT_ON_MASK);DOWN;;;"";;;COM3;;
2991;27/08/2026 13:43:00;IRP_MJ_DEVICE_CONTROL (IOCTL_SERIAL_WAIT_ON_MASK);UP;STATUS_SUCCESS;01 00 00 00 ;"....";4;;COM3;;
2992;27/08/2026 13:43:00;IRP_MJ_DEVICE_CONTROL (IOCTL_SERIAL_GET_COMMSTATUS);DOWN;;;"";;;COM3;;
2993;27/08/2026 13:43:00;IRP_MJ_DEVICE_CONTROL (IOCTL_SERIAL_GET_COMMSTATUS);UP;STATUS_SUCCESS;00 00 00 00 00 00 00 00 22 00 00 00 00 00 00 00 00 00 00 00 ;"........""...........";20;;COM3;;
2994;27/08/2026 13:43:00;IRP_MJ_DEVICE_CONTROL (IOCTL_SERIAL_WAIT_ON_MASK);DOWN;;;"";;;COM3;;
2995;27/08/2026 13:43:00;IRP_MJ_DEVICE_CONTROL (IOCTL_SERIAL_WAIT_ON_MASK);UP;STATUS_SUCCESS;01 00 00 00 ;"....";4;;COM3;;
2996;27/08/2026 13:43:00;IRP_MJ_DEVICE_CONTROL (IOCTL_SERIAL_GET_COMMSTATUS);DOWN;;;"";;;COM3;;
2997;27/08/2026 13:43:00;IRP_MJ_DEVICE_CONTROL (IOCTL_SERIAL_GET_COMMSTATUS);UP;STATUS_SUCCESS;00 00 00 00 00 00 00 00 23 00 00 00 00 00 00 00 00 00 00 00 ;"........#...........";20;;COM3;;
2998;27/08/2026 13:43:00;IRP_MJ_DEVICE_CONTROL (IOCTL_SERIAL_WAIT_ON_MASK);DOWN;;;"";;;COM3;;
2999;27/08/2026 13:43:00;IRP_MJ_DEVICE_CONTROL (IOCTL_SERIAL_WAIT_ON_MASK);UP;STATUS_SUCCESS;01 00 00 00 ;"....";4;;COM3;;
3000;27/08/2026 13:43:00;IRP_MJ_DEVICE_CONTROL (IOCTL_SERIAL_GET_COMMSTATUS);DOWN;;;"";;;COM3;;
3001;27/08/2026 13:43:00;IRP_MJ_DEVICE_CONTROL (IOCTL_SERIAL_GET_COMMSTATUS);UP;STATUS_SUCCESS;00 00 00 00 00 00 00 00 24 00 00 00 00 00 00 00 00 00 00 00 ;"........$...........";20;;COM3;;
3002;27/08/2026 13:43:00;IRP_MJ_DEVICE_CONTROL (IOCTL_SERIAL_WAIT_ON_MASK);DOWN;;;"";;;COM3;;
3003;27/08/2026 13:43:00;IRP_MJ_DEVICE_CONTROL (IOCTL_SERIAL_GET_COMMSTATUS);DOWN;;;"";;;COM3;;
3004;27/08/2026 13:43:00;IRP_MJ_DEVICE_CONTROL (IOCTL_SERIAL_GET_COMMSTATUS);UP;STATUS_SUCCESS;00 00 00 00 00 00 00 00 24 00 00 00 00 00 00 00 00 00 00 00 ;"........$...........";20;;COM3;;
3005;27/08/2026 13:43:00;IRP_MJ_DEVICE_CONTROL (IOCTL_SERIAL_WAIT_ON_MASK);UP;STATUS_SUCCESS;01 00 00 00 ;"....";4;;COM3;;
3006;27/08/2026 13:43:00;IRP_MJ_DEVICE_CONTROL (IOCTL_SERIAL_GET_COMMSTATUS);DOWN;;;"";;;COM3;;
3007;27/08/2026 13:43:00;IRP_MJ_DEVICE_CONTROL (IOCTL_SERIAL_GET_COMMSTATUS);UP;STATUS_SUCCESS;00 00 00 00 00 00 00 00 25 00 00 00 00 00 00 00 00 00 00 00 ;"........%...........";20;;COM3;;
3008;27/08/2026 13:43:00;IRP_MJ_DEVICE_CONTROL (IOCTL_SERIAL_WAIT_ON_MASK);DOWN;;;"";;;COM3;;
3009;27/08/2026 13:43:00;IRP_MJ_DEVICE_CONTROL (IOCTL_SERIAL_WAIT_ON_MASK);UP;STATUS_SUCCESS;01 00 00 00 ;"....";4;;COM3;;
3010;27/08/2026 13:43:00;IRP_MJ_DEVICE_CONTROL (IOCTL_SERIAL_GET_COMMSTATUS);DOWN;;;"";;;COM3;;
3011;27/08/2026 13:43:00;IRP_MJ_DEVICE_CONTROL (IOCTL_SERIAL_GET_COMMSTATUS);UP;STATUS_SUCCESS;00 00 00 00 00 00 00 00 26 00 00 00 00 00 00 00 00 00 00 00 ;"........&...........";20;;COM3;;
3012;27/08/2026 13:43:00;IRP_MJ_DEVICE_CONTROL (IOCTL_SERIAL_WAIT_ON_MASK);DOWN;;;"";;;COM3;;
3013;27/08/2026 13:43:00;IRP_MJ_DEVICE_CONTROL (IOCTL_SERIAL_WAIT_ON_MASK);UP;STATUS_SUCCESS;01 00 00 00 ;"....";4;;COM3;;
3014;27/08/2026 13:43:00;IRP_MJ_DEVICE_CONTROL (IOCTL_SERIAL_GET_COMMSTATUS);DOWN;;;"";;;COM3;;
3015;27/08/2026 13:43:00;IRP_MJ_DEVICE_CONTROL (IOCTL_SERIAL_GET_COMMSTATUS);UP;STATUS_SUCCESS;00 00 00 00 00 00 00 00 27 00 00 00 00 00 00 00 00 00 00 00 ;"........'...........";20;;COM3;;
3016;27/08/2026 13:43:00;IRP_MJ_DEVICE_CONTROL (IOCTL_SERIAL_WAIT_ON_MASK);DOWN;;;"";;;COM3;;
3017;27/08/2026 13:43:00;IRP_MJ_DEVICE_CONTROL (IOCTL_SERIAL_WAIT_ON_MASK);UP;STATUS_SUCCESS;01 00 00 00 ;"....";4;;COM3;;
3018;27/08/2026 13:43:00;IRP_MJ_DEVICE_CONTROL (IOCTL_SERIAL_GET_COMMSTATUS);DOWN;;;"";;;COM3;;
3019;27/08/2026 13:43:00;IRP_MJ_DEVICE_CONTROL (IOCTL_SERIAL_GET_COMMSTATUS);UP;STATUS_SUCCESS;00 00 00 00 00 00 00 00 28 00 00 00 00 00 00 00 00 00 00 00 ;"........(...........";20;;COM3;;
3020;27/08/2026 13:43:00;IRP_MJ_DEVICE_CONTROL (IOCTL_SERIAL_WAIT_ON_MASK);DOWN;;;"";;;COM3;;
3021;27/08/2026 13:43:00;IRP_MJ_DEVICE_CONTROL (IOCTL_SERIAL_WAIT_ON_MASK);UP;STATUS_SUCCESS;01 00 00 00 ;"....";4;;COM3;;
3022;27/08/2026 13:43:00;IRP_MJ_DEVICE_CONTROL (IOCTL_SERIAL_GET_COMMSTATUS);DOWN;;;"";;;COM3;;
3023;27/08/2026 13:43:00;IRP_MJ_DEVICE_CONTROL (IOCTL_SERIAL_GET_COMMSTATUS);UP;STATUS_SUCCESS;00 00 00 00 00 00 00 00 29 00 00 00 00 00 00 00 00 00 00 00 ;"........)...........";20;;COM3;;
3024;27/08/2026 13:43:00;IRP_MJ_DEVICE_CONTROL (IOCTL_SERIAL_WAIT_ON_MASK);DOWN;;;"";;;COM3;;
3025;27/08/2026 13:43:00;IRP_MJ_DEVICE_CONTROL (IOCTL_SERIAL_WAIT_ON_MASK);UP;STATUS_SUCCESS;01 00 00 00 ;"....";4;;COM3;;
3026;27/08/2026 13:43:00;IRP_MJ_DEVICE_CONTROL (IOCTL_SERIAL_GET_COMMSTATUS);DOWN;;;"";;;COM3;;
3027;27/08/2026 13:43:00;IRP_MJ_DEVICE_CONTROL (IOCTL_SERIAL_GET_COMMSTATUS);UP;STATUS_SUCCESS;00 00 00 00 00 00 00 00 2a 00 00 00 00 00 00 00 00 00 00 00 ;"........*...........";20;;COM3;;
3028;27/08/2026 13:43:00;IRP_MJ_DEVICE_CONTROL (IOCTL_SERIAL_WAIT_ON_MASK);DOWN;;;"";;;COM3;;
3029;27/08/2026 13:43:00;IRP_MJ_DEVICE_CONTROL (IOCTL_SERIAL_GET_COMMSTATUS);DOWN;;;"";;;COM3;;
3030;27/08/2026 13:43:00;IRP_MJ_DEVICE_CONTROL (IOCTL_SERIAL_GET_COMMSTATUS);UP;STATUS_SUCCESS;00 00 00 00 00 00 00 00 2a 00 00 00 00 00 00 00 00 00 00 00 ;"........*...........";20;;COM3;;
3031;27/08/2026 13:43:00;IRP_MJ_DEVICE_CONTROL (IOCTL_SERIAL_WAIT_ON_MASK);UP;STATUS_SUCCESS;01 00 00 00 ;"....";4;;COM3;;
3032;27/08/2026 13:43:00;IRP_MJ_DEVICE_CONTROL (IOCTL_SERIAL_GET_COMMSTATUS);DOWN;;;"";;;COM3;;
3033;27/08/2026 13:43:00;IRP_MJ_DEVICE_CONTROL (IOCTL_SERIAL_GET_COMMSTATUS);UP;STATUS_SUCCESS;00 00 00 00 00 00 00 00 2b 00 00 00 00 00 00 00 00 00 00 00 ;"........+...........";20;;COM3;;
3034;27/08/2026 13:43:00;IRP_MJ_DEVICE_CONTROL (IOCTL_SERIAL_WAIT_ON_MASK);DOWN;;;"";;;COM3;;
3035;27/08/2026 13:43:00;IRP_MJ_DEVICE_CONTROL (IOCTL_SERIAL_WAIT_ON_MASK);UP;STATUS_SUCCESS;01 00 00 00 ;"....";4;;COM3;;
3036;27/08/2026 13:43:00;IRP_MJ_DEVICE_CONTROL (IOCTL_SERIAL_GET_COMMSTATUS);DOWN;;;"";;;COM3;;
3037;27/08/2026 13:43:00;IRP_MJ_DEVICE_CONTROL (IOCTL_SERIAL_GET_COMMSTATUS);UP;STATUS_SUCCESS;00 00 00 00 00 00 00 00 2c 00 00 00 00 00 00 00 00 00 00 00 ;"........,...........";20;;COM3;;
3038;27/08/2026 13:43:00;IRP_MJ_DEVICE_CONTROL (IOCTL_SERIAL_WAIT_ON_MASK);DOWN;;;"";;;COM3;;
3039;27/08/2026 13:43:00;IRP_MJ_DEVICE_CONTROL (IOCTL_SERIAL_WAIT_ON_MASK);UP;STATUS_SUCCESS;01 00 00 00 ;"....";4;;COM3;;
3040;27/08/2026 13:43:00;IRP_MJ_DEVICE_CONTROL (IOCTL_SERIAL_GET_COMMSTATUS);DOWN;;;"";;;COM3;;
3041;27/08/2026 13:43:00;IRP_MJ_DEVICE_CONTROL (IOCTL_SERIAL_GET_COMMSTATUS);UP;STATUS_SUCCESS;00 00 00 00 00 00 00 00 2d 00 00 00 00 00 00 00 00 00 00 00 ;"........-...........";20;;COM3;;
3042;27/08/2026 13:43:00;IRP_MJ_DEVICE_CONTROL (IOCTL_SERIAL_WAIT_ON_MASK);DOWN;;;"";;;COM3;;
3043;27/08/2026 13:43:00;IRP_MJ_DEVICE_CONTROL (IOCTL_SERIAL_WAIT_ON_MASK);UP;STATUS_SUCCESS;01 00 00 00 ;"....";4;;COM3;;
3044;27/08/2026 13:43:00;IRP_MJ_DEVICE_CONTROL (IOCTL_SERIAL_GET_COMMSTATUS);DOWN;;;"";;;COM3;;
3045;27/08/2026 13:43:00;IRP_MJ_DEVICE_CONTROL (IOCTL_SERIAL_GET_COMMSTATUS);UP;STATUS_SUCCESS;00 00 00 00 00 00 00 00 2e 00 00 00 00 00 00 00 00 00 00 00 ;"....................";20;;COM3;;
3046;27/08/2026 13:43:00;IRP_MJ_DEVICE_CONTROL (IOCTL_SERIAL_WAIT_ON_MASK);DOWN;;;"";;;COM3;;
3047;27/08/2026 13:43:00;IRP_MJ_DEVICE_CONTROL (IOCTL_SERIAL_WAIT_ON_MASK);UP;STATUS_SUCCESS;01 00 00 00 ;"....";4;;COM3;;
3048;27/08/2026 13:43:00;IRP_MJ_DEVICE_CONTROL (IOCTL_SERIAL_GET_COMMSTATUS);DOWN;;;"";;;COM3;;
3049;27/08/2026 13:43:00;IRP_MJ_DEVICE_CONTROL (IOCTL_SERIAL_GET_COMMSTATUS);UP;STATUS_SUCCESS;00 00 00 00 00 00 00 00 2f 00 00 00 00 00 00 00 00 00 00 00 ;"......../...........";20;;COM3;;
3050;27/08/2026 13:43:00;IRP_MJ_DEVICE_CONTROL (IOCTL_SERIAL_WAIT_ON_MASK);DOWN;;;"";;;COM3;;
3051;27/08/2026 13:43:00;IRP_MJ_DEVICE_CONTROL (IOCTL_SERIAL_WAIT_ON_MASK);UP;STATUS_SUCCESS;01 00 00 00 ;"....";4;;COM3;;
3052;27/08/2026 13:43:00;IRP_MJ_DEVICE_CONTROL (IOCTL_SERIAL_GET_COMMSTATUS);DOWN;;;"";;;COM3;;
3053;27/08/2026 13:43:00;IRP_MJ_DEVICE_CONTROL (IOCTL_SERIAL_GET_COMMSTATUS);UP;STATUS_SUCCESS;00 00 00 00 00 00 00 00 30 00 00 00 00 00 00 00 00 00 00 00 ;"........0...........";20;;COM3;;
3054;27/08/2026 13:43:00;IRP_MJ_DEVICE_CONTROL (IOCTL_SERIAL_WAIT_ON_MASK);DOWN;;;"";;;COM3;;
3055;27/08/2026 13:43:00;IRP_MJ_DEVICE_CONTROL (IOCTL_SERIAL_WAIT_ON_MASK);UP;STATUS_SUCCESS;01 00 00 00 ;"....";4;;COM3;;
3056;27/08/2026 13:43:00;IRP_MJ_DEVICE_CONTROL (IOCTL_SERIAL_GET_COMMSTATUS);DOWN;;;"";;;COM3;;
3057;27/08/2026 13:43:00;IRP_MJ_DEVICE_CONTROL (IOCTL_SERIAL_GET_COMMSTATUS);UP;STATUS_SUCCESS;00 00 00 00 00 00 00 00 31 00 00 00 00 00 00 00 00 00 00 00 ;"........1...........";20;;COM3;;
3058;27/08/2026 13:43:00;IRP_MJ_DEVICE_CONTROL (IOCTL_SERIAL_WAIT_ON_MASK);DOWN;;;"";;;COM3;;
3059;27/08/2026 13:43:00;IRP_MJ_DEVICE_CONTROL (IOCTL_SERIAL_GET_COMMSTATUS);DOWN;;;"";;;COM3;;
3060;27/08/2026 13:43:00;IRP_MJ_DEVICE_CONTROL (IOCTL_SERIAL_GET_COMMSTATUS);UP;STATUS_SUCCESS;00 00 00 00 00 00 00 00 31 00 00 00 00 00 00 00 00 00 00 00 ;"........1...........";20;;COM3;;
3061;27/08/2026 13:43:00;IRP_MJ_DEVICE_CONTROL (IOCTL_SERIAL_WAIT_ON_MASK);UP;STATUS_SUCCESS;01 00 00 00 ;"....";4;;COM3;;
3062;27/08/2026 13:43:00;IRP_MJ_DEVICE_CONTROL (IOCTL_SERIAL_GET_COMMSTATUS);DOWN;;;"";;;COM3;;
3063;27/08/2026 13:43:00;IRP_MJ_DEVICE_CONTROL (IOCTL_SERIAL_GET_COMMSTATUS);UP;STATUS_SUCCESS;00 00 00 00 00 00 00 00 32 00 00 00 00 00 00 00 00 00 00 00 ;"........2...........";20;;COM3;;
3064;27/08/2026 13:43:00;IRP_MJ_DEVICE_CONTROL (IOCTL_SERIAL_WAIT_ON_MASK);DOWN;;;"";;;COM3;;
3065;27/08/2026 13:43:00;IRP_MJ_DEVICE_CONTROL (IOCTL_SERIAL_WAIT_ON_MASK);UP;STATUS_SUCCESS;01 00 00 00 ;"....";4;;COM3;;
3066;27/08/2026 13:43:00;IRP_MJ_DEVICE_CONTROL (IOCTL_SERIAL_GET_COMMSTATUS);DOWN;;;"";;;COM3;;
3067;27/08/2026 13:43:00;IRP_MJ_DEVICE_CONTROL (IOCTL_SERIAL_GET_COMMSTATUS);UP;STATUS_SUCCESS;00 00 00 00 00 00 00 00 33 00 00 00 00 00 00 00 00 00 00 00 ;"........3...........";20;;COM3;;
3068;27/08/2026 13:43:00;IRP_MJ_DEVICE_CONTROL (IOCTL_SERIAL_WAIT_ON_MASK);DOWN;;;"";;;COM3;;
3069;27/08/2026 13:43:00;IRP_MJ_DEVICE_CONTROL (IOCTL_SERIAL_WAIT_ON_MASK);UP;STATUS_SUCCESS;01 00 00 00 ;"....";4;;COM3;;
3070;27/08/2026 13:43:00;IRP_MJ_DEVICE_CONTROL (IOCTL_SERIAL_GET_COMMSTATUS);DOWN;;;"";;;COM3;;
3071;27/08/2026 13:43:00;IRP_MJ_DEVICE_CONTROL (IOCTL_SERIAL_GET_COMMSTATUS);UP;STATUS_SUCCESS;00 00 00 00 00 00 00 00 34 00 00 00 00 00 00 00 00 00 00 00 ;"........4...........";20;;COM3;;
3072;27/08/2026 13:43:00;IRP_MJ_DEVICE_CONTROL (IOCTL_SERIAL_WAIT_ON_MASK);DOWN;;;"";;;COM3;;
3073;27/08/2026 13:43:00;IRP_MJ_DEVICE_CONTROL (IOCTL_SERIAL_WAIT_ON_MASK);UP;STATUS_SUCCESS;01 00 00 00 ;"....";4;;COM3;;
3074;27/08/2026 13:43:00;IRP_MJ_DEVICE_CONTROL (IOCTL_SERIAL_GET_COMMSTATUS);DOWN;;;"";;;COM3;;
3075;27/08/2026 13:43:00;IRP_MJ_DEVICE_CONTROL (IOCTL_SERIAL_GET_COMMSTATUS);UP;STATUS_SUCCESS;00 00 00 00 00 00 00 00 35 00 00 00 00 00 00 00 00 00 00 00 ;"........5...........";20;;COM3;;
3076;27/08/2026 13:43:00;IRP_MJ_DEVICE_CONTROL (IOCTL_SERIAL_WAIT_ON_MASK);DOWN;;;"";;;COM3;;
3077;27/08/2026 13:43:00;IRP_MJ_DEVICE_CONTROL (IOCTL_SERIAL_WAIT_ON_MASK);UP;STATUS_SUCCESS;01 00 00 00 ;"....";4;;COM3;;
3078;27/08/2026 13:43:00;IRP_MJ_DEVICE_CONTROL (IOCTL_SERIAL_GET_COMMSTATUS);DOWN;;;"";;;COM3;;
3079;27/08/2026 13:43:00;IRP_MJ_DEVICE_CONTROL (IOCTL_SERIAL_GET_COMMSTATUS);UP;STATUS_SUCCESS;00 00 00 00 00 00 00 00 36 00 00 00 00 00 00 00 00 00 00 00 ;"........6...........";20;;COM3;;
3080;27/08/2026 13:43:00;IRP_MJ_DEVICE_CONTROL (IOCTL_SERIAL_WAIT_ON_MASK);DOWN;;;"";;;COM3;;
3081;27/08/2026 13:43:00;IRP_MJ_DEVICE_CONTROL (IOCTL_SERIAL_WAIT_ON_MASK);UP;STATUS_SUCCESS;01 00 00 00 ;"....";4;;COM3;;
3082;27/08/2026 13:43:00;IRP_MJ_DEVICE_CONTROL (IOCTL_SERIAL_GET_COMMSTATUS);DOWN;;;"";;;COM3;;
3083;27/08/2026 13:43:00;IRP_MJ_DEVICE_CONTROL (IOCTL_SERIAL_GET_COMMSTATUS);UP;STATUS_SUCCESS;00 00 00 00 00 00 00 00 37 00 00 00 00 00 00 00 00 00 00 00 ;"........7...........";20;;COM3;;
3084;27/08/2026 13:43:00;IRP_MJ_DEVICE_CONTROL (IOCTL_SERIAL_WAIT_ON_MASK);DOWN;;;"";;;COM3;;
3085;27/08/2026 13:43:00;IRP_MJ_DEVICE_CONTROL (IOCTL_SERIAL_WAIT_ON_MASK);UP;STATUS_SUCCESS;01 00 00 00 ;"....";4;;COM3;;
3086;27/08/2026 13:43:00;IRP_MJ_DEVICE_CONTROL (IOCTL_SERIAL_GET_COMMSTATUS);DOWN;;;"";;;COM3;;
3087;27/08/2026 13:43:00;IRP_MJ_DEVICE_CONTROL (IOCTL_SERIAL_GET_COMMSTATUS);UP;STATUS_SUCCESS;00 00 00 00 00 00 00 00 38 00 00 00 00 00 00 00 00 00 00 00 ;"........8...........";20;;COM3;;
3088;27/08/2026 13:43:00;IRP_MJ_DEVICE_CONTROL (IOCTL_SERIAL_WAIT_ON_MASK);DOWN;;;"";;;COM3;;
3089;27/08/2026 13:43:00;IRP_MJ_DEVICE_CONTROL (IOCTL_SERIAL_GET_COMMSTATUS);DOWN;;;"";;;COM3;;
3090;27/08/2026 13:43:00;IRP_MJ_DEVICE_CONTROL (IOCTL_SERIAL_GET_COMMSTATUS);UP;STATUS_SUCCESS;00 00 00 00 00 00 00 00 38 00 00 00 00 00 00 00 00 00 00 00 ;"........8...........";20;;COM3;;
3091;27/08/2026 13:43:00;IRP_MJ_DEVICE_CONTROL (IOCTL_SERIAL_WAIT_ON_MASK);UP;STATUS_SUCCESS;01 00 00 00 ;"....";4;;COM3;;
3092;27/08/2026 13:43:00;IRP_MJ_DEVICE_CONTROL (IOCTL_SERIAL_GET_COMMSTATUS);DOWN;;;"";;;COM3;;
3093;27/08/2026 13:43:00;IRP_MJ_DEVICE_CONTROL (IOCTL_SERIAL_GET_COMMSTATUS);UP;STATUS_SUCCESS;00 00 00 00 00 00 00 00 39 00 00 00 00 00 00 00 00 00 00 00 ;"........9...........";20;;COM3;;
3094;27/08/2026 13:43:00;IRP_MJ_DEVICE_CONTROL (IOCTL_SERIAL_WAIT_ON_MASK);DOWN;;;"";;;COM3;;
3095;27/08/2026 13:43:00;IRP_MJ_DEVICE_CONTROL (IOCTL_SERIAL_WAIT_ON_MASK);UP;STATUS_SUCCESS;01 00 00 00 ;"....";4;;COM3;;
3096;27/08/2026 13:43:00;IRP_MJ_DEVICE_CONTROL (IOCTL_SERIAL_GET_COMMSTATUS);DOWN;;;"";;;COM3;;
3097;27/08/2026 13:43:00;IRP_MJ_DEVICE_CONTROL (IOCTL_SERIAL_GET_COMMSTATUS);UP;STATUS_SUCCESS;00 00 00 00 00 00 00 00 3a 00 00 00 00 00 00 00 00 00 00 00 ;"........:...........";20;;COM3;;
3098;27/08/2026 13:43:00;IRP_MJ_DEVICE_CONTROL (IOCTL_SERIAL_WAIT_ON_MASK);DOWN;;;"";;;COM3;;
3099;27/08/2026 13:43:00;IRP_MJ_DEVICE_CONTROL (IOCTL_SERIAL_WAIT_ON_MASK);UP;STATUS_SUCCESS;01 00 00 00 ;"....";4;;COM3;;
3100;27/08/2026 13:43:00;IRP_MJ_DEVICE_CONTROL (IOCTL_SERIAL_GET_COMMSTATUS);DOWN;;;"";;;COM3;;
3101;27/08/2026 13:43:00;IRP_MJ_DEVICE_CONTROL (IOCTL_SERIAL_GET_COMMSTATUS);UP;STATUS_SUCCESS;00 00 00 00 00 00 00 00 3b 00 00 00 00 00 00 00 00 00 00 00 ;"........;...........";20;;COM3;;
3102;27/08/2026 13:43:00;IRP_MJ_DEVICE_CONTROL (IOCTL_SERIAL_WAIT_ON_MASK);DOWN;;;"";;;COM3;;
3103;27/08/2026 13:43:00;IRP_MJ_DEVICE_CONTROL (IOCTL_SERIAL_WAIT_ON_MASK);UP;STATUS_SUCCESS;01 00 00 00 ;"....";4;;COM3;;
3104;27/08/2026 13:43:00;IRP_MJ_DEVICE_CONTROL (IOCTL_SERIAL_GET_COMMSTATUS);DOWN;;;"";;;COM3;;
3105;27/08/2026 13:43:00;IRP_MJ_DEVICE_CONTROL (IOCTL_SERIAL_GET_COMMSTATUS);UP;STATUS_SUCCESS;00 00 00 00 00 00 00 00 3c 00 00 00 00 00 00 00 00 00 00 00 ;"........<...........";20;;COM3;;
3106;27/08/2026 13:43:00;IRP_MJ_DEVICE_CONTROL (IOCTL_SERIAL_WAIT_ON_MASK);DOWN;;;"";;;COM3;;
3107;27/08/2026 13:43:00;IRP_MJ_DEVICE_CONTROL (IOCTL_SERIAL_WAIT_ON_MASK);UP;STATUS_SUCCESS;01 00 00 00 ;"....";4;;COM3;;
3108;27/08/2026 13:43:00;IRP_MJ_DEVICE_CONTROL (IOCTL_SERIAL_GET_COMMSTATUS);DOWN;;;"";;;COM3;;
3109;27/08/2026 13:43:00;IRP_MJ_DEVICE_CONTROL (IOCTL_SERIAL_GET_COMMSTATUS);UP;STATUS_SUCCESS;00 00 00 00 00 00 00 00 3d 00 00 00 00 00 00 00 00 00 00 00 ;"........=...........";20;;COM3;;
3110;27/08/2026 13:43:00;IRP_MJ_DEVICE_CONTROL (IOCTL_SERIAL_WAIT_ON_MASK);DOWN;;;"";;;COM3;;
3111;27/08/2026 13:43:00;IRP_MJ_DEVICE_CONTROL (IOCTL_SERIAL_WAIT_ON_MASK);UP;STATUS_SUCCESS;01 00 00 00 ;"....";4;;COM3;;
3112;27/08/2026 13:43:00;IRP_MJ_DEVICE_CONTROL (IOCTL_SERIAL_GET_COMMSTATUS);DOWN;;;"";;;COM3;;
3113;27/08/2026 13:43:00;IRP_MJ_DEVICE_CONTROL (IOCTL_SERIAL_GET_COMMSTATUS);UP;STATUS_SUCCESS;00 00 00 00 00 00 00 00 3e 00 00 00 00 00 00 00 00 00 00 00 ;"........>...........";20;;COM3;;
3114;27/08/2026 13:43:00;IRP_MJ_DEVICE_CONTROL (IOCTL_SERIAL_WAIT_ON_MASK);DOWN;;;"";;;COM3;;
3115;27/08/2026 13:43:00;IRP_MJ_DEVICE_CONTROL (IOCTL_SERIAL_GET_COMMSTATUS);DOWN;;;"";;;COM3;;
3116;27/08/2026 13:43:00;IRP_MJ_DEVICE_CONTROL (IOCTL_SERIAL_GET_COMMSTATUS);UP;STATUS_SUCCESS;00 00 00 00 00 00 00 00 3e 00 00 00 00 00 00 00 00 00 00 00 ;"........>...........";20;;COM3;;
3117;27/08/2026 13:43:00;IRP_MJ_DEVICE_CONTROL (IOCTL_SERIAL_WAIT_ON_MASK);UP;STATUS_SUCCESS;01 00 00 00 ;"....";4;;COM3;;
3118;27/08/2026 13:43:00;IRP_MJ_DEVICE_CONTROL (IOCTL_SERIAL_GET_COMMSTATUS);DOWN;;;"";;;COM3;;
3119;27/08/2026 13:43:00;IRP_MJ_DEVICE_CONTROL (IOCTL_SERIAL_GET_COMMSTATUS);UP;STATUS_SUCCESS;00 00 00 00 00 00 00 00 3f 00 00 00 00 00 00 00 00 00 00 00 ;"........?...........";20;;COM3;;
3120;27/08/2026 13:43:00;IRP_MJ_DEVICE_CONTROL (IOCTL_SERIAL_WAIT_ON_MASK);DOWN;;;"";;;COM3;;
3121;27/08/2026 13:43:00;IRP_MJ_DEVICE_CONTROL (IOCTL_SERIAL_WAIT_ON_MASK);UP;STATUS_SUCCESS;01 00 00 00 ;"....";4;;COM3;;
3122;27/08/2026 13:43:00;IRP_MJ_DEVICE_CONTROL (IOCTL_SERIAL_GET_COMMSTATUS);DOWN;;;"";;;COM3;;
3123;27/08/2026 13:43:00;IRP_MJ_DEVICE_CONTROL (IOCTL_SERIAL_GET_COMMSTATUS);UP;STATUS_SUCCESS;00 00 00 00 00 00 00 00 40 00 00 00 00 00 00 00 00 00 00 00 ;"........@...........";20;;COM3;;
3124;27/08/2026 13:43:00;IRP_MJ_DEVICE_CONTROL (IOCTL_SERIAL_WAIT_ON_MASK);DOWN;;;"";;;COM3;;
3125;27/08/2026 13:43:00;IRP_MJ_DEVICE_CONTROL (IOCTL_SERIAL_WAIT_ON_MASK);UP;STATUS_SUCCESS;01 00 00 00 ;"....";4;;COM3;;
3126;27/08/2026 13:43:00;IRP_MJ_DEVICE_CONTROL (IOCTL_SERIAL_GET_COMMSTATUS);DOWN;;;"";;;COM3;;
3127;27/08/2026 13:43:00;IRP_MJ_DEVICE_CONTROL (IOCTL_SERIAL_GET_COMMSTATUS);UP;STATUS_SUCCESS;00 00 00 00 00 00 00 00 41 00 00 00 00 00 00 00 00 00 00 00 ;"........A...........";20;;COM3;;
3128;27/08/2026 13:43:00;IRP_MJ_DEVICE_CONTROL (IOCTL_SERIAL_WAIT_ON_MASK);DOWN;;;"";;;COM3;;
3129;27/08/2026 13:43:00;IRP_MJ_DEVICE_CONTROL (IOCTL_SERIAL_WAIT_ON_MASK);UP;STATUS_SUCCESS;01 00 00 00 ;"....";4;;COM3;;
3130;27/08/2026 13:43:00;IRP_MJ_DEVICE_CONTROL (IOCTL_SERIAL_GET_COMMSTATUS);DOWN;;;"";;;COM3;;
3131;27/08/2026 13:43:00;IRP_MJ_DEVICE_CONTROL (IOCTL_SERIAL_GET_COMMSTATUS);UP;STATUS_SUCCESS;00 00 00 00 00 00 00 00 42 00 00 00 00 00 00 00 00 00 00 00 ;"........B...........";20;;COM3;;
3132;27/08/2026 13:43:00;IRP_MJ_DEVICE_CONTROL (IOCTL_SERIAL_WAIT_ON_MASK);DOWN;;;"";;;COM3;;
3133;27/08/2026 13:43:00;IRP_MJ_DEVICE_CONTROL (IOCTL_SERIAL_WAIT_ON_MASK);UP;STATUS_SUCCESS;01 00 00 00 ;"....";4;;COM3;;
3134;27/08/2026 13:43:00;IRP_MJ_DEVICE_CONTROL (IOCTL_SERIAL_GET_COMMSTATUS);DOWN;;;"";;;COM3;;
3135;27/08/2026 13:43:00;IRP_MJ_DEVICE_CONTROL (IOCTL_SERIAL_GET_COMMSTATUS);UP;STATUS_SUCCESS;00 00 00 00 00 00 00 00 43 00 00 00 00 00 00 00 00 00 00 00 ;"........C...........";20;;COM3;;
3136;27/08/2026 13:43:00;IRP_MJ_DEVICE_CONTROL (IOCTL_SERIAL_WAIT_ON_MASK);DOWN;;;"";;;COM3;;
3137;27/08/2026 13:43:00;IRP_MJ_DEVICE_CONTROL (IOCTL_SERIAL_WAIT_ON_MASK);UP;STATUS_SUCCESS;01 00 00 00 ;"....";4;;COM3;;
3138;27/08/2026 13:43:00;IRP_MJ_DEVICE_CONTROL (IOCTL_SERIAL_GET_COMMSTATUS);DOWN;;;"";;;COM3;;
3139;27/08/2026 13:43:00;IRP_MJ_DEVICE_CONTROL (IOCTL_SERIAL_GET_COMMSTATUS);UP;STATUS_SUCCESS;00 00 00 00 00 00 00 00 44 00 00 00 00 00 00 00 00 00 00 00 ;"........D...........";20;;COM3;;
3140;27/08/2026 13:43:00;IRP_MJ_DEVICE_CONTROL (IOCTL_SERIAL_WAIT_ON_MASK);DOWN;;;"";;;COM3;;
3141;27/08/2026 13:43:00;IRP_MJ_DEVICE_CONTROL (IOCTL_SERIAL_GET_COMMSTATUS);DOWN;;;"";;;COM3;;
3142;27/08/2026 13:43:00;IRP_MJ_DEVICE_CONTROL (IOCTL_SERIAL_GET_COMMSTATUS);UP;STATUS_SUCCESS;00 00 00 00 00 00 00 00 44 00 00 00 00 00 00 00 00 00 00 00 ;"........D...........";20;;COM3;;
3143;27/08/2026 13:43:00;IRP_MJ_DEVICE_CONTROL (IOCTL_SERIAL_WAIT_ON_MASK);UP;STATUS_SUCCESS;01 00 00 00 ;"....";4;;COM3;;
3144;27/08/2026 13:43:00;IRP_MJ_DEVICE_CONTROL (IOCTL_SERIAL_GET_COMMSTATUS);DOWN;;;"";;;COM3;;
3145;27/08/2026 13:43:00;IRP_MJ_DEVICE_CONTROL (IOCTL_SERIAL_GET_COMMSTATUS);UP;STATUS_SUCCESS;00 00 00 00 00 00 00 00 45 00 00 00 00 00 00 00 00 00 00 00 ;"........E...........";20;;COM3;;
3146;27/08/2026 13:43:00;IRP_MJ_DEVICE_CONTROL (IOCTL_SERIAL_WAIT_ON_MASK);DOWN;;;"";;;COM3;;
3147;27/08/2026 13:43:00;IRP_MJ_DEVICE_CONTROL (IOCTL_SERIAL_WAIT_ON_MASK);UP;STATUS_SUCCESS;01 00 00 00 ;"....";4;;COM3;;
3148;27/08/2026 13:43:00;IRP_MJ_DEVICE_CONTROL (IOCTL_SERIAL_GET_COMMSTATUS);DOWN;;;"";;;COM3;;
3149;27/08/2026 13:43:00;IRP_MJ_DEVICE_CONTROL (IOCTL_SERIAL_GET_COMMSTATUS);UP;STATUS_SUCCESS;00 00 00 00 00 00 00 00 46 00 00 00 00 00 00 00 00 00 00 00 ;"........F...........";20;;COM3;;
3150;27/08/2026 13:43:00;IRP_MJ_DEVICE_CONTROL (IOCTL_SERIAL_WAIT_ON_MASK);DOWN;;;"";;;COM3;;
3151;27/08/2026 13:43:00;IRP_MJ_DEVICE_CONTROL (IOCTL_SERIAL_WAIT_ON_MASK);UP;STATUS_SUCCESS;01 00 00 00 ;"....";4;;COM3;;
3152;27/08/2026 13:43:00;IRP_MJ_DEVICE_CONTROL (IOCTL_SERIAL_GET_COMMSTATUS);DOWN;;;"";;;COM3;;
3153;27/08/2026 13:43:00;IRP_MJ_DEVICE_CONTROL (IOCTL_SERIAL_GET_COMMSTATUS);UP;STATUS_SUCCESS;00 00 00 00 00 00 00 00 47 00 00 00 00 00 00 00 00 00 00 00 ;"........G...........";20;;COM3;;
3154;27/08/2026 13:43:00;IRP_MJ_DEVICE_CONTROL (IOCTL_SERIAL_WAIT_ON_MASK);DOWN;;;"";;;COM3;;
3155;27/08/2026 13:43:00;IRP_MJ_DEVICE_CONTROL (IOCTL_SERIAL_WAIT_ON_MASK);UP;STATUS_SUCCESS;01 00 00 00 ;"....";4;;COM3;;
3156;27/08/2026 13:43:00;IRP_MJ_DEVICE_CONTROL (IOCTL_SERIAL_GET_COMMSTATUS);DOWN;;;"";;;COM3;;
3157;27/08/2026 13:43:00;IRP_MJ_DEVICE_CONTROL (IOCTL_SERIAL_GET_COMMSTATUS);UP;STATUS_SUCCESS;00 00 00 00 00 00 00 00 48 00 00 00 00 00 00 00 00 00 00 00 ;"........H...........";20;;COM3;;
3158;27/08/2026 13:43:00;IRP_MJ_DEVICE_CONTROL (IOCTL_SERIAL_WAIT_ON_MASK);DOWN;;;"";;;COM3;;
3159;27/08/2026 13:43:00;IRP_MJ_DEVICE_CONTROL (IOCTL_SERIAL_WAIT_ON_MASK);UP;STATUS_SUCCESS;01 00 00 00 ;"....";4;;COM3;;
3160;27/08/2026 13:43:00;IRP_MJ_DEVICE_CONTROL (IOCTL_SERIAL_GET_COMMSTATUS);DOWN;;;"";;;COM3;;
3161;27/08/2026 13:43:00;IRP_MJ_DEVICE_CONTROL (IOCTL_SERIAL_GET_COMMSTATUS);UP;STATUS_SUCCESS;00 00 00 00 00 00 00 00 49 00 00 00 00 00 00 00 00 00 00 00 ;"........I...........";20;;COM3;;
3162;27/08/2026 13:43:00;IRP_MJ_DEVICE_CONTROL (IOCTL_SERIAL_WAIT_ON_MASK);DOWN;;;"";;;COM3;;
3163;27/08/2026 13:43:00;IRP_MJ_DEVICE_CONTROL (IOCTL_SERIAL_WAIT_ON_MASK);UP;STATUS_SUCCESS;01 00 00 00 ;"....";4;;COM3;;
3164;27/08/2026 13:43:00;IRP_MJ_DEVICE_CONTROL (IOCTL_SERIAL_GET_COMMSTATUS);DOWN;;;"";;;COM3;;
3165;27/08/2026 13:43:00;IRP_MJ_DEVICE_CONTROL (IOCTL_SERIAL_GET_COMMSTATUS);UP;STATUS_SUCCESS;00 00 00 00 00 00 00 00 4a 00 00 00 00 00 00 00 00 00 00 00 ;"........J...........";20;;COM3;;
3166;27/08/2026 13:43:00;IRP_MJ_DEVICE_CONTROL (IOCTL_SERIAL_WAIT_ON_MASK);DOWN;;;"";;;COM3;;
3167;27/08/2026 13:43:00;IRP_MJ_DEVICE_CONTROL (IOCTL_SERIAL_WAIT_ON_MASK);UP;STATUS_SUCCESS;01 00 00 00 ;"....";4;;COM3;;
3168;27/08/2026 13:43:00;IRP_MJ_DEVICE_CONTROL (IOCTL_SERIAL_GET_COMMSTATUS);DOWN;;;"";;;COM3;;
3169;27/08/2026 13:43:00;IRP_MJ_DEVICE_CONTROL (IOCTL_SERIAL_GET_COMMSTATUS);UP;STATUS_SUCCESS;00 00 00 00 00 00 00 00 4b 00 00 00 00 00 00 00 00 00 00 00 ;"........K...........";20;;COM3;;
3170;27/08/2026 13:43:00;IRP_MJ_DEVICE_CONTROL (IOCTL_SERIAL_WAIT_ON_MASK);DOWN;;;"";;;COM3;;
3171;27/08/2026 13:43:00;IRP_MJ_DEVICE_CONTROL (IOCTL_SERIAL_GET_COMMSTATUS);DOWN;;;"";;;COM3;;
3172;27/08/2026 13:43:00;IRP_MJ_DEVICE_CONTROL (IOCTL_SERIAL_GET_COMMSTATUS);UP;STATUS_SUCCESS;00 00 00 00 00 00 00 00 4b 00 00 00 00 00 00 00 00 00 00 00 ;"........K...........";20;;COM3;;
3173;27/08/2026 13:43:00;IRP_MJ_DEVICE_CONTROL (IOCTL_SERIAL_WAIT_ON_MASK);UP;STATUS_SUCCESS;01 00 00 00 ;"....";4;;COM3;;
3174;27/08/2026 13:43:00;IRP_MJ_DEVICE_CONTROL (IOCTL_SERIAL_GET_COMMSTATUS);DOWN;;;"";;;COM3;;
3175;27/08/2026 13:43:00;IRP_MJ_DEVICE_CONTROL (IOCTL_SERIAL_GET_COMMSTATUS);UP;STATUS_SUCCESS;00 00 00 00 00 00 00 00 4c 00 00 00 00 00 00 00 00 00 00 00 ;"........L...........";20;;COM3;;
3176;27/08/2026 13:43:00;IRP_MJ_DEVICE_CONTROL (IOCTL_SERIAL_WAIT_ON_MASK);DOWN;;;"";;;COM3;;
3177;27/08/2026 13:43:00;IRP_MJ_DEVICE_CONTROL (IOCTL_SERIAL_WAIT_ON_MASK);UP;STATUS_SUCCESS;01 00 00 00 ;"....";4;;COM3;;
3178;27/08/2026 13:43:00;IRP_MJ_DEVICE_CONTROL (IOCTL_SERIAL_GET_COMMSTATUS);DOWN;;;"";;;COM3;;
3179;27/08/2026 13:43:00;IRP_MJ_DEVICE_CONTROL (IOCTL_SERIAL_GET_COMMSTATUS);UP;STATUS_SUCCESS;00 00 00 00 00 00 00 00 4d 00 00 00 00 00 00 00 00 00 00 00 ;"........M...........";20;;COM3;;
3180;27/08/2026 13:43:00;IRP_MJ_DEVICE_CONTROL (IOCTL_SERIAL_WAIT_ON_MASK);DOWN;;;"";;;COM3;;
3181;27/08/2026 13:43:00;IRP_MJ_DEVICE_CONTROL (IOCTL_SERIAL_WAIT_ON_MASK);UP;STATUS_SUCCESS;01 00 00 00 ;"....";4;;COM3;;
3182;27/08/2026 13:43:00;IRP_MJ_DEVICE_CONTROL (IOCTL_SERIAL_GET_COMMSTATUS);DOWN;;;"";;;COM3;;
3183;27/08/2026 13:43:00;IRP_MJ_DEVICE_CONTROL (IOCTL_SERIAL_GET_COMMSTATUS);UP;STATUS_SUCCESS;00 00 00 00 00 00 00 00 4e 00 00 00 00 00 00 00 00 00 00 00 ;"........N...........";20;;COM3;;
3184;27/08/2026 13:43:00;IRP_MJ_DEVICE_CONTROL (IOCTL_SERIAL_WAIT_ON_MASK);DOWN;;;"";;;COM3;;
3185;27/08/2026 13:43:00;IRP_MJ_DEVICE_CONTROL (IOCTL_SERIAL_WAIT_ON_MASK);UP;STATUS_SUCCESS;01 00 00 00 ;"....";4;;COM3;;
3186;27/08/2026 13:43:00;IRP_MJ_DEVICE_CONTROL (IOCTL_SERIAL_GET_COMMSTATUS);DOWN;;;"";;;COM3;;
3187;27/08/2026 13:43:00;IRP_MJ_DEVICE_CONTROL (IOCTL_SERIAL_GET_COMMSTATUS);UP;STATUS_SUCCESS;00 00 00 00 00 00 00 00 4f 00 00 00 00 00 00 00 00 00 00 00 ;"........O...........";20;;COM3;;
3188;27/08/2026 13:43:00;IRP_MJ_DEVICE_CONTROL (IOCTL_SERIAL_WAIT_ON_MASK);DOWN;;;"";;;COM3;;
3189;27/08/2026 13:43:00;IRP_MJ_DEVICE_CONTROL (IOCTL_SERIAL_WAIT_ON_MASK);UP;STATUS_SUCCESS;01 00 00 00 ;"....";4;;COM3;;
3190;27/08/2026 13:43:00;IRP_MJ_DEVICE_CONTROL (IOCTL_SERIAL_GET_COMMSTATUS);DOWN;;;"";;;COM3;;
3191;27/08/2026 13:43:00;IRP_MJ_DEVICE_CONTROL (IOCTL_SERIAL_GET_COMMSTATUS);UP;STATUS_SUCCESS;00 00 00 00 00 00 00 00 50 00 00 00 00 00 00 00 00 00 00 00 ;"........P...........";20;;COM3;;
3192;27/08/2026 13:43:00;IRP_MJ_DEVICE_CONTROL (IOCTL_SERIAL_WAIT_ON_MASK);DOWN;;;"";;;COM3;;
3193;27/08/2026 13:43:00;IRP_MJ_DEVICE_CONTROL (IOCTL_SERIAL_WAIT_ON_MASK);UP;STATUS_SUCCESS;01 00 00 00 ;"....";4;;COM3;;
3194;27/08/2026 13:43:00;IRP_MJ_DEVICE_CONTROL (IOCTL_SERIAL_GET_COMMSTATUS);DOWN;;;"";;;COM3;;
3195;27/08/2026 13:43:00;IRP_MJ_DEVICE_CONTROL (IOCTL_SERIAL_GET_COMMSTATUS);UP;STATUS_SUCCESS;00 00 00 00 00 00 00 00 51 00 00 00 00 00 00 00 00 00 00 00 ;"........Q...........";20;;COM3;;
3196;27/08/2026 13:43:00;IRP_MJ_DEVICE_CONTROL (IOCTL_SERIAL_WAIT_ON_MASK);DOWN;;;"";;;COM3;;
3197;27/08/2026 13:43:00;IRP_MJ_DEVICE_CONTROL (IOCTL_SERIAL_GET_COMMSTATUS);DOWN;;;"";;;COM3;;
3198;27/08/2026 13:43:00;IRP_MJ_DEVICE_CONTROL (IOCTL_SERIAL_GET_COMMSTATUS);UP;STATUS_SUCCESS;00 00 00 00 00 00 00 00 51 00 00 00 00 00 00 00 00 00 00 00 ;"........Q...........";20;;COM3;;
3199;27/08/2026 13:43:00;IRP_MJ_DEVICE_CONTROL (IOCTL_SERIAL_WAIT_ON_MASK);UP;STATUS_SUCCESS;01 00 00 00 ;"....";4;;COM3;;
3200;27/08/2026 13:43:00;IRP_MJ_DEVICE_CONTROL (IOCTL_SERIAL_GET_COMMSTATUS);DOWN;;;"";;;COM3;;
3201;27/08/2026 13:43:00;IRP_MJ_DEVICE_CONTROL (IOCTL_SERIAL_GET_COMMSTATUS);UP;STATUS_SUCCESS;00 00 00 00 00 00 00 00 52 00 00 00 00 00 00 00 00 00 00 00 ;"........R...........";20;;COM3;;
3202;27/08/2026 13:43:00;IRP_MJ_DEVICE_CONTROL (IOCTL_SERIAL_WAIT_ON_MASK);DOWN;;;"";;;COM3;;
3203;27/08/2026 13:43:00;IRP_MJ_DEVICE_CONTROL (IOCTL_SERIAL_WAIT_ON_MASK);UP;STATUS_SUCCESS;01 00 00 00 ;"....";4;;COM3;;
3204;27/08/2026 13:43:00;IRP_MJ_DEVICE_CONTROL (IOCTL_SERIAL_GET_COMMSTATUS);DOWN;;;"";;;COM3;;
3205;27/08/2026 13:43:00;IRP_MJ_DEVICE_CONTROL (IOCTL_SERIAL_GET_COMMSTATUS);UP;STATUS_SUCCESS;00 00 00 00 00 00 00 00 53 00 00 00 00 00 00 00 00 00 00 00 ;"........S...........";20;;COM3;;
3206;27/08/2026 13:43:00;IRP_MJ_DEVICE_CONTROL (IOCTL_SERIAL_WAIT_ON_MASK);DOWN;;;"";;;COM3;;
3207;27/08/2026 13:43:00;IRP_MJ_DEVICE_CONTROL (IOCTL_SERIAL_WAIT_ON_MASK);UP;STATUS_SUCCESS;01 00 00 00 ;"....";4;;COM3;;
3208;27/08/2026 13:43:00;IRP_MJ_DEVICE_CONTROL (IOCTL_SERIAL_GET_COMMSTATUS);DOWN;;;"";;;COM3;;
3209;27/08/2026 13:43:00;IRP_MJ_DEVICE_CONTROL (IOCTL_SERIAL_GET_COMMSTATUS);UP;STATUS_SUCCESS;00 00 00 00 00 00 00 00 54 00 00 00 00 00 00 00 00 00 00 00 ;"........T...........";20;;COM3;;
3210;27/08/2026 13:43:00;IRP_MJ_DEVICE_CONTROL (IOCTL_SERIAL_WAIT_ON_MASK);DOWN;;;"";;;COM3;;
3211;27/08/2026 13:43:00;IRP_MJ_DEVICE_CONTROL (IOCTL_SERIAL_WAIT_ON_MASK);UP;STATUS_SUCCESS;01 00 00 00 ;"....";4;;COM3;;
3212;27/08/2026 13:43:00;IRP_MJ_DEVICE_CONTROL (IOCTL_SERIAL_GET_COMMSTATUS);DOWN;;;"";;;COM3;;
3213;27/08/2026 13:43:00;IRP_MJ_DEVICE_CONTROL (IOCTL_SERIAL_GET_COMMSTATUS);UP;STATUS_SUCCESS;00 00 00 00 00 00 00 00 55 00 00 00 00 00 00 00 00 00 00 00 ;"........U...........";20;;COM3;;
3214;27/08/2026 13:43:00;IRP_MJ_DEVICE_CONTROL (IOCTL_SERIAL_WAIT_ON_MASK);DOWN;;;"";;;COM3;;
3215;27/08/2026 13:43:00;IRP_MJ_DEVICE_CONTROL (IOCTL_SERIAL_WAIT_ON_MASK);UP;STATUS_SUCCESS;01 00 00 00 ;"....";4;;COM3;;
3216;27/08/2026 13:43:00;IRP_MJ_DEVICE_CONTROL (IOCTL_SERIAL_GET_COMMSTATUS);DOWN;;;"";;;COM3;;
3217;27/08/2026 13:43:00;IRP_MJ_DEVICE_CONTROL (IOCTL_SERIAL_GET_COMMSTATUS);UP;STATUS_SUCCESS;00 00 00 00 00 00 00 00 56 00 00 00 00 00 00 00 00 00 00 00 ;"........V...........";20;;COM3;;
3218;27/08/2026 13:43:00;IRP_MJ_DEVICE_CONTROL (IOCTL_SERIAL_WAIT_ON_MASK);DOWN;;;"";;;COM3;;
3219;27/08/2026 13:43:00;IRP_MJ_DEVICE_CONTROL (IOCTL_SERIAL_WAIT_ON_MASK);UP;STATUS_SUCCESS;01 00 00 00 ;"....";4;;COM3;;
3220;27/08/2026 13:43:00;IRP_MJ_DEVICE_CONTROL (IOCTL_SERIAL_GET_COMMSTATUS);DOWN;;;"";;;COM3;;
3221;27/08/2026 13:43:00;IRP_MJ_DEVICE_CONTROL (IOCTL_SERIAL_GET_COMMSTATUS);UP;STATUS_SUCCESS;00 00 00 00 00 00 00 00 57 00 00 00 00 00 00 00 00 00 00 00 ;"........W...........";20;;COM3;;
3222;27/08/2026 13:43:00;IRP_MJ_DEVICE_CONTROL (IOCTL_SERIAL_WAIT_ON_MASK);DOWN;;;"";;;COM3;;
3223;27/08/2026 13:43:00;IRP_MJ_DEVICE_CONTROL (IOCTL_SERIAL_WAIT_ON_MASK);UP;STATUS_SUCCESS;01 00 00 00 ;"....";4;;COM3;;
3224;27/08/2026 13:43:00;IRP_MJ_DEVICE_CONTROL (IOCTL_SERIAL_GET_COMMSTATUS);DOWN;;;"";;;COM3;;
3225;27/08/2026 13:43:00;IRP_MJ_DEVICE_CONTROL (IOCTL_SERIAL_GET_COMMSTATUS);UP;STATUS_SUCCESS;00 00 00 00 00 00 00 00 58 00 00 00 00 00 00 00 00 00 00 00 ;"........X...........";20;;COM3;;
3226;27/08/2026 13:43:00;IRP_MJ_DEVICE_CONTROL (IOCTL_SERIAL_WAIT_ON_MASK);DOWN;;;"";;;COM3;;
3227;27/08/2026 13:43:00;IRP_MJ_DEVICE_CONTROL (IOCTL_SERIAL_GET_COMMSTATUS);DOWN;;;"";;;COM3;;
3228;27/08/2026 13:43:00;IRP_MJ_DEVICE_CONTROL (IOCTL_SERIAL_GET_COMMSTATUS);UP;STATUS_SUCCESS;00 00 00 00 00 00 00 00 58 00 00 00 00 00 00 00 00 00 00 00 ;"........X...........";20;;COM3;;
3229;27/08/2026 13:43:00;IRP_MJ_DEVICE_CONTROL (IOCTL_SERIAL_WAIT_ON_MASK);UP;STATUS_SUCCESS;01 00 00 00 ;"....";4;;COM3;;
3230;27/08/2026 13:43:00;IRP_MJ_DEVICE_CONTROL (IOCTL_SERIAL_GET_COMMSTATUS);DOWN;;;"";;;COM3;;
3231;27/08/2026 13:43:00;IRP_MJ_DEVICE_CONTROL (IOCTL_SERIAL_GET_COMMSTATUS);UP;STATUS_SUCCESS;00 00 00 00 00 00 00 00 59 00 00 00 00 00 00 00 00 00 00 00 ;"........Y...........";20;;COM3;;
3232;27/08/2026 13:43:00;IRP_MJ_DEVICE_CONTROL (IOCTL_SERIAL_WAIT_ON_MASK);DOWN;;;"";;;COM3;;
3233;27/08/2026 13:43:00;IRP_MJ_DEVICE_CONTROL (IOCTL_SERIAL_WAIT_ON_MASK);UP;STATUS_SUCCESS;01 00 00 00 ;"....";4;;COM3;;
3234;27/08/2026 13:43:00;IRP_MJ_DEVICE_CONTROL (IOCTL_SERIAL_GET_COMMSTATUS);DOWN;;;"";;;COM3;;
3235;27/08/2026 13:43:00;IRP_MJ_DEVICE_CONTROL (IOCTL_SERIAL_GET_COMMSTATUS);UP;STATUS_SUCCESS;00 00 00 00 00 00 00 00 5a 00 00 00 00 00 00 00 00 00 00 00 ;"........Z...........";20;;COM3;;
3236;27/08/2026 13:43:00;IRP_MJ_DEVICE_CONTROL (IOCTL_SERIAL_WAIT_ON_MASK);DOWN;;;"";;;COM3;;
3237;27/08/2026 13:43:00;IRP_MJ_DEVICE_CONTROL (IOCTL_SERIAL_WAIT_ON_MASK);UP;STATUS_SUCCESS;01 00 00 00 ;"....";4;;COM3;;
3238;27/08/2026 13:43:00;IRP_MJ_DEVICE_CONTROL (IOCTL_SERIAL_GET_COMMSTATUS);DOWN;;;"";;;COM3;;
3239;27/08/2026 13:43:00;IRP_MJ_DEVICE_CONTROL (IOCTL_SERIAL_GET_COMMSTATUS);UP;STATUS_SUCCESS;00 00 00 00 00 00 00 00 5b 00 00 00 00 00 00 00 00 00 00 00 ;"........[...........";20;;COM3;;
3240;27/08/2026 13:43:00;IRP_MJ_DEVICE_CONTROL (IOCTL_SERIAL_WAIT_ON_MASK);DOWN;;;"";;;COM3;;
3241;27/08/2026 13:43:01;IRP_MJ_DEVICE_CONTROL (IOCTL_SERIAL_WAIT_ON_MASK);UP;STATUS_SUCCESS;01 00 00 00 ;"....";4;;COM3;;
3242;27/08/2026 13:43:01;IRP_MJ_DEVICE_CONTROL (IOCTL_SERIAL_GET_COMMSTATUS);DOWN;;;"";;;COM3;;
3243;27/08/2026 13:43:01;IRP_MJ_DEVICE_CONTROL (IOCTL_SERIAL_GET_COMMSTATUS);UP;STATUS_SUCCESS;00 00 00 00 00 00 00 00 5c 00 00 00 00 00 00 00 00 00 00 00 ;"........\...........";20;;COM3;;
3244;27/08/2026 13:43:01;IRP_MJ_DEVICE_CONTROL (IOCTL_SERIAL_WAIT_ON_MASK);DOWN;;;"";;;COM3;;
3245;27/08/2026 13:43:01;IRP_MJ_DEVICE_CONTROL (IOCTL_SERIAL_WAIT_ON_MASK);UP;STATUS_SUCCESS;01 00 00 00 ;"....";4;;COM3;;
3246;27/08/2026 13:43:01;IRP_MJ_DEVICE_CONTROL (IOCTL_SERIAL_GET_COMMSTATUS);DOWN;;;"";;;COM3;;
3247;27/08/2026 13:43:01;IRP_MJ_DEVICE_CONTROL (IOCTL_SERIAL_GET_COMMSTATUS);UP;STATUS_SUCCESS;00 00 00 00 00 00 00 00 5d 00 00 00 00 00 00 00 00 00 00 00 ;"........]...........";20;;COM3;;
3248;27/08/2026 13:43:01;IRP_MJ_DEVICE_CONTROL (IOCTL_SERIAL_WAIT_ON_MASK);DOWN;;;"";;;COM3;;
3249;27/08/2026 13:43:01;IRP_MJ_DEVICE_CONTROL (IOCTL_SERIAL_WAIT_ON_MASK);UP;STATUS_SUCCESS;01 00 00 00 ;"....";4;;COM3;;
3250;27/08/2026 13:43:01;IRP_MJ_DEVICE_CONTROL (IOCTL_SERIAL_GET_COMMSTATUS);DOWN;;;"";;;COM3;;
3251;27/08/2026 13:43:01;IRP_MJ_DEVICE_CONTROL (IOCTL_SERIAL_GET_COMMSTATUS);UP;STATUS_SUCCESS;00 00 00 00 00 00 00 00 5e 00 00 00 00 00 00 00 00 00 00 00 ;"........^...........";20;;COM3;;
3252;27/08/2026 13:43:01;IRP_MJ_DEVICE_CONTROL (IOCTL_SERIAL_WAIT_ON_MASK);DOWN;;;"";;;COM3;;
3253;27/08/2026 13:43:01;IRP_MJ_DEVICE_CONTROL (IOCTL_SERIAL_GET_COMMSTATUS);DOWN;;;"";;;COM3;;
3254;27/08/2026 13:43:01;IRP_MJ_DEVICE_CONTROL (IOCTL_SERIAL_GET_COMMSTATUS);UP;STATUS_SUCCESS;00 00 00 00 00 00 00 00 5e 00 00 00 00 00 00 00 00 00 00 00 ;"........^...........";20;;COM3;;
3255;27/08/2026 13:43:01;IRP_MJ_DEVICE_CONTROL (IOCTL_SERIAL_WAIT_ON_MASK);UP;STATUS_SUCCESS;01 00 00 00 ;"....";4;;COM3;;
3256;27/08/2026 13:43:01;IRP_MJ_DEVICE_CONTROL (IOCTL_SERIAL_GET_COMMSTATUS);DOWN;;;"";;;COM3;;
3257;27/08/2026 13:43:01;IRP_MJ_DEVICE_CONTROL (IOCTL_SERIAL_GET_COMMSTATUS);UP;STATUS_SUCCESS;00 00 00 00 00 00 00 00 5f 00 00 00 00 00 00 00 00 00 00 00 ;"........_...........";20;;COM3;;
3258;27/08/2026 13:43:01;IRP_MJ_DEVICE_CONTROL (IOCTL_SERIAL_WAIT_ON_MASK);DOWN;;;"";;;COM3;;
3259;27/08/2026 13:43:01;IRP_MJ_DEVICE_CONTROL (IOCTL_SERIAL_WAIT_ON_MASK);UP;STATUS_SUCCESS;01 00 00 00 ;"....";4;;COM3;;
3260;27/08/2026 13:43:01;IRP_MJ_DEVICE_CONTROL (IOCTL_SERIAL_GET_COMMSTATUS);DOWN;;;"";;;COM3;;
3261;27/08/2026 13:43:01;IRP_MJ_DEVICE_CONTROL (IOCTL_SERIAL_GET_COMMSTATUS);UP;STATUS_SUCCESS;00 00 00 00 00 00 00 00 60 00 00 00 00 00 00 00 00 00 00 00 ;"........`...........";20;;COM3;;
3262;27/08/2026 13:43:01;IRP_MJ_DEVICE_CONTROL (IOCTL_SERIAL_WAIT_ON_MASK);DOWN;;;"";;;COM3;;
3263;27/08/2026 13:43:01;IRP_MJ_DEVICE_CONTROL (IOCTL_SERIAL_WAIT_ON_MASK);UP;STATUS_SUCCESS;01 00 00 00 ;"....";4;;COM3;;
3264;27/08/2026 13:43:01;IRP_MJ_DEVICE_CONTROL (IOCTL_SERIAL_GET_COMMSTATUS);DOWN;;;"";;;COM3;;
3265;27/08/2026 13:43:01;IRP_MJ_DEVICE_CONTROL (IOCTL_SERIAL_GET_COMMSTATUS);UP;STATUS_SUCCESS;00 00 00 00 00 00 00 00 61 00 00 00 00 00 00 00 00 00 00 00 ;"........a...........";20;;COM3;;
3266;27/08/2026 13:43:01;IRP_MJ_DEVICE_CONTROL (IOCTL_SERIAL_WAIT_ON_MASK);DOWN;;;"";;;COM3;;
3267;27/08/2026 13:43:01;IRP_MJ_DEVICE_CONTROL (IOCTL_SERIAL_WAIT_ON_MASK);UP;STATUS_SUCCESS;01 00 00 00 ;"....";4;;COM3;;
3268;27/08/2026 13:43:01;IRP_MJ_DEVICE_CONTROL (IOCTL_SERIAL_GET_COMMSTATUS);DOWN;;;"";;;COM3;;
3269;27/08/2026 13:43:01;IRP_MJ_DEVICE_CONTROL (IOCTL_SERIAL_GET_COMMSTATUS);UP;STATUS_SUCCESS;00 00 00 00 00 00 00 00 62 00 00 00 00 00 00 00 00 00 00 00 ;"........b...........";20;;COM3;;
3270;27/08/2026 13:43:01;IRP_MJ_DEVICE_CONTROL (IOCTL_SERIAL_WAIT_ON_MASK);DOWN;;;"";;;COM3;;
3271;27/08/2026 13:43:01;IRP_MJ_DEVICE_CONTROL (IOCTL_SERIAL_WAIT_ON_MASK);UP;STATUS_SUCCESS;01 00 00 00 ;"....";4;;COM3;;
3272;27/08/2026 13:43:01;IRP_MJ_DEVICE_CONTROL (IOCTL_SERIAL_GET_COMMSTATUS);DOWN;;;"";;;COM3;;
3273;27/08/2026 13:43:01;IRP_MJ_DEVICE_CONTROL (IOCTL_SERIAL_GET_COMMSTATUS);UP;STATUS_SUCCESS;00 00 00 00 00 00 00 00 63 00 00 00 00 00 00 00 00 00 00 00 ;"........c...........";20;;COM3;;
3274;27/08/2026 13:43:01;IRP_MJ_DEVICE_CONTROL (IOCTL_SERIAL_WAIT_ON_MASK);DOWN;;;"";;;COM3;;
3275;27/08/2026 13:43:01;IRP_MJ_DEVICE_CONTROL (IOCTL_SERIAL_WAIT_ON_MASK);UP;STATUS_SUCCESS;01 00 00 00 ;"....";4;;COM3;;
3276;27/08/2026 13:43:01;IRP_MJ_DEVICE_CONTROL (IOCTL_SERIAL_GET_COMMSTATUS);DOWN;;;"";;;COM3;;
3277;27/08/2026 13:43:01;IRP_MJ_DEVICE_CONTROL (IOCTL_SERIAL_GET_COMMSTATUS);UP;STATUS_SUCCESS;00 00 00 00 00 00 00 00 64 00 00 00 00 00 00 00 00 00 00 00 ;"........d...........";20;;COM3;;
3278;27/08/2026 13:43:01;IRP_MJ_DEVICE_CONTROL (IOCTL_SERIAL_WAIT_ON_MASK);DOWN;;;"";;;COM3;;
3279;27/08/2026 13:43:01;IRP_MJ_DEVICE_CONTROL (IOCTL_SERIAL_GET_COMMSTATUS);DOWN;;;"";;;COM3;;
3280;27/08/2026 13:43:01;IRP_MJ_DEVICE_CONTROL (IOCTL_SERIAL_GET_COMMSTATUS);UP;STATUS_SUCCESS;00 00 00 00 00 00 00 00 64 00 00 00 00 00 00 00 00 00 00 00 ;"........d...........";20;;COM3;;
3281;27/08/2026 13:43:01;IRP_MJ_DEVICE_CONTROL (IOCTL_SERIAL_WAIT_ON_MASK);UP;STATUS_SUCCESS;01 00 00 00 ;"....";4;;COM3;;
3282;27/08/2026 13:43:01;IRP_MJ_DEVICE_CONTROL (IOCTL_SERIAL_GET_COMMSTATUS);DOWN;;;"";;;COM3;;
3283;27/08/2026 13:43:01;IRP_MJ_DEVICE_CONTROL (IOCTL_SERIAL_GET_COMMSTATUS);UP;STATUS_SUCCESS;00 00 00 00 00 00 00 00 65 00 00 00 00 00 00 00 00 00 00 00 ;"........e...........";20;;COM3;;
3284;27/08/2026 13:43:01;IRP_MJ_DEVICE_CONTROL (IOCTL_SERIAL_WAIT_ON_MASK);DOWN;;;"";;;COM3;;
3285;27/08/2026 13:43:01;IRP_MJ_DEVICE_CONTROL (IOCTL_SERIAL_WAIT_ON_MASK);UP;STATUS_SUCCESS;01 00 00 00 ;"....";4;;COM3;;
3286;27/08/2026 13:43:01;IRP_MJ_DEVICE_CONTROL (IOCTL_SERIAL_GET_COMMSTATUS);DOWN;;;"";;;COM3;;
3287;27/08/2026 13:43:01;IRP_MJ_DEVICE_CONTROL (IOCTL_SERIAL_GET_COMMSTATUS);UP;STATUS_SUCCESS;00 00 00 00 00 00 00 00 66 00 00 00 00 00 00 00 00 00 00 00 ;"........f...........";20;;COM3;;
3288;27/08/2026 13:43:01;IRP_MJ_DEVICE_CONTROL (IOCTL_SERIAL_WAIT_ON_MASK);DOWN;;;"";;;COM3;;
3289;27/08/2026 13:43:01;IRP_MJ_DEVICE_CONTROL (IOCTL_SERIAL_WAIT_ON_MASK);UP;STATUS_SUCCESS;01 00 00 00 ;"....";4;;COM3;;
3290;27/08/2026 13:43:01;IRP_MJ_DEVICE_CONTROL (IOCTL_SERIAL_GET_COMMSTATUS);DOWN;;;"";;;COM3;;
3291;27/08/2026 13:43:01;IRP_MJ_DEVICE_CONTROL (IOCTL_SERIAL_GET_COMMSTATUS);UP;STATUS_SUCCESS;00 00 00 00 00 00 00 00 67 00 00 00 00 00 00 00 00 00 00 00 ;"........g...........";20;;COM3;;
3292;27/08/2026 13:43:01;IRP_MJ_DEVICE_CONTROL (IOCTL_SERIAL_WAIT_ON_MASK);DOWN;;;"";;;COM3;;
3293;27/08/2026 13:43:01;IRP_MJ_DEVICE_CONTROL (IOCTL_SERIAL_WAIT_ON_MASK);UP;STATUS_SUCCESS;01 00 00 00 ;"....";4;;COM3;;
3294;27/08/2026 13:43:01;IRP_MJ_DEVICE_CONTROL (IOCTL_SERIAL_GET_COMMSTATUS);DOWN;;;"";;;COM3;;
3295;27/08/2026 13:43:01;IRP_MJ_DEVICE_CONTROL (IOCTL_SERIAL_GET_COMMSTATUS);UP;STATUS_SUCCESS;00 00 00 00 00 00 00 00 68 00 00 00 00 00 00 00 00 00 00 00 ;"........h...........";20;;COM3;;
3296;27/08/2026 13:43:01;IRP_MJ_DEVICE_CONTROL (IOCTL_SERIAL_WAIT_ON_MASK);DOWN;;;"";;;COM3;;
3297;27/08/2026 13:43:01;IRP_MJ_DEVICE_CONTROL (IOCTL_SERIAL_WAIT_ON_MASK);UP;STATUS_SUCCESS;01 00 00 00 ;"....";4;;COM3;;
3298;27/08/2026 13:43:01;IRP_MJ_DEVICE_CONTROL (IOCTL_SERIAL_GET_COMMSTATUS);DOWN;;;"";;;COM3;;
3299;27/08/2026 13:43:01;IRP_MJ_DEVICE_CONTROL (IOCTL_SERIAL_GET_COMMSTATUS);UP;STATUS_SUCCESS;00 00 00 00 00 00 00 00 69 00 00 00 00 00 00 00 00 00 00 00 ;"........i...........";20;;COM3;;
3300;27/08/2026 13:43:01;IRP_MJ_DEVICE_CONTROL (IOCTL_SERIAL_WAIT_ON_MASK);DOWN;;;"";;;COM3;;
3301;27/08/2026 13:43:01;IRP_MJ_DEVICE_CONTROL (IOCTL_SERIAL_WAIT_ON_MASK);UP;STATUS_SUCCESS;01 00 00 00 ;"....";4;;COM3;;
3302;27/08/2026 13:43:01;IRP_MJ_DEVICE_CONTROL (IOCTL_SERIAL_GET_COMMSTATUS);DOWN;;;"";;;COM3;;
3303;27/08/2026 13:43:01;IRP_MJ_DEVICE_CONTROL (IOCTL_SERIAL_GET_COMMSTATUS);UP;STATUS_SUCCESS;00 00 00 00 00 00 00 00 6a 00 00 00 00 00 00 00 00 00 00 00 ;"........j...........";20;;COM3;;
3304;27/08/2026 13:43:01;IRP_MJ_DEVICE_CONTROL (IOCTL_SERIAL_WAIT_ON_MASK);DOWN;;;"";;;COM3;;
3305;27/08/2026 13:43:01;IRP_MJ_DEVICE_CONTROL (IOCTL_SERIAL_WAIT_ON_MASK);UP;STATUS_SUCCESS;01 00 00 00 ;"....";4;;COM3;;
3306;27/08/2026 13:43:01;IRP_MJ_DEVICE_CONTROL (IOCTL_SERIAL_GET_COMMSTATUS);DOWN;;;"";;;COM3;;
3307;27/08/2026 13:43:01;IRP_MJ_DEVICE_CONTROL (IOCTL_SERIAL_GET_COMMSTATUS);UP;STATUS_SUCCESS;00 00 00 00 00 00 00 00 6b 00 00 00 00 00 00 00 00 00 00 00 ;"........k...........";20;;COM3;;
3308;27/08/2026 13:43:01;IRP_MJ_DEVICE_CONTROL (IOCTL_SERIAL_WAIT_ON_MASK);DOWN;;;"";;;COM3;;
3309;27/08/2026 13:43:01;IRP_MJ_DEVICE_CONTROL (IOCTL_SERIAL_GET_COMMSTATUS);DOWN;;;"";;;COM3;;
3310;27/08/2026 13:43:01;IRP_MJ_DEVICE_CONTROL (IOCTL_SERIAL_GET_COMMSTATUS);UP;STATUS_SUCCESS;00 00 00 00 00 00 00 00 6b 00 00 00 00 00 00 00 00 00 00 00 ;"........k...........";20;;COM3;;
3311;27/08/2026 13:43:01;IRP_MJ_DEVICE_CONTROL (IOCTL_SERIAL_WAIT_ON_MASK);UP;STATUS_SUCCESS;01 00 00 00 ;"....";4;;COM3;;
3312;27/08/2026 13:43:01;IRP_MJ_DEVICE_CONTROL (IOCTL_SERIAL_GET_COMMSTATUS);DOWN;;;"";;;COM3;;
3313;27/08/2026 13:43:01;IRP_MJ_DEVICE_CONTROL (IOCTL_SERIAL_GET_COMMSTATUS);UP;STATUS_SUCCESS;00 00 00 00 00 00 00 00 6c 00 00 00 00 00 00 00 00 00 00 00 ;"........l...........";20;;COM3;;
3314;27/08/2026 13:43:01;IRP_MJ_DEVICE_CONTROL (IOCTL_SERIAL_WAIT_ON_MASK);DOWN;;;"";;;COM3;;
3315;27/08/2026 13:43:01;IRP_MJ_DEVICE_CONTROL (IOCTL_SERIAL_WAIT_ON_MASK);UP;STATUS_SUCCESS;01 00 00 00 ;"....";4;;COM3;;
3316;27/08/2026 13:43:01;IRP_MJ_DEVICE_CONTROL (IOCTL_SERIAL_GET_COMMSTATUS);DOWN;;;"";;;COM3;;
3317;27/08/2026 13:43:01;IRP_MJ_DEVICE_CONTROL (IOCTL_SERIAL_GET_COMMSTATUS);UP;STATUS_SUCCESS;00 00 00 00 00 00 00 00 6d 00 00 00 00 00 00 00 00 00 00 00 ;"........m...........";20;;COM3;;
3318;27/08/2026 13:43:01;IRP_MJ_DEVICE_CONTROL (IOCTL_SERIAL_WAIT_ON_MASK);DOWN;;;"";;;COM3;;
3319;27/08/2026 13:43:01;IRP_MJ_DEVICE_CONTROL (IOCTL_SERIAL_WAIT_ON_MASK);UP;STATUS_SUCCESS;01 00 00 00 ;"....";4;;COM3;;
3320;27/08/2026 13:43:01;IRP_MJ_DEVICE_CONTROL (IOCTL_SERIAL_GET_COMMSTATUS);DOWN;;;"";;;COM3;;
3321;27/08/2026 13:43:01;IRP_MJ_DEVICE_CONTROL (IOCTL_SERIAL_GET_COMMSTATUS);UP;STATUS_SUCCESS;00 00 00 00 00 00 00 00 6e 00 00 00 00 00 00 00 00 00 00 00 ;"........n...........";20;;COM3;;
3322;27/08/2026 13:43:01;IRP_MJ_DEVICE_CONTROL (IOCTL_SERIAL_WAIT_ON_MASK);DOWN;;;"";;;COM3;;
3323;27/08/2026 13:43:01;IRP_MJ_DEVICE_CONTROL (IOCTL_SERIAL_WAIT_ON_MASK);UP;STATUS_SUCCESS;01 00 00 00 ;"....";4;;COM3;;
3324;27/08/2026 13:43:01;IRP_MJ_DEVICE_CONTROL (IOCTL_SERIAL_GET_COMMSTATUS);DOWN;;;"";;;COM3;;
3325;27/08/2026 13:43:01;IRP_MJ_DEVICE_CONTROL (IOCTL_SERIAL_GET_COMMSTATUS);UP;STATUS_SUCCESS;00 00 00 00 00 00 00 00 6f 00 00 00 00 00 00 00 00 00 00 00 ;"........o...........";20;;COM3;;
3326;27/08/2026 13:43:01;IRP_MJ_DEVICE_CONTROL (IOCTL_SERIAL_WAIT_ON_MASK);DOWN;;;"";;;COM3;;
3327;27/08/2026 13:43:01;IRP_MJ_DEVICE_CONTROL (IOCTL_SERIAL_WAIT_ON_MASK);UP;STATUS_SUCCESS;01 00 00 00 ;"....";4;;COM3;;
3328;27/08/2026 13:43:01;IRP_MJ_DEVICE_CONTROL (IOCTL_SERIAL_GET_COMMSTATUS);DOWN;;;"";;;COM3;;
3329;27/08/2026 13:43:01;IRP_MJ_DEVICE_CONTROL (IOCTL_SERIAL_GET_COMMSTATUS);UP;STATUS_SUCCESS;00 00 00 00 00 00 00 00 70 00 00 00 00 00 00 00 00 00 00 00 ;"........p...........";20;;COM3;;
3330;27/08/2026 13:43:01;IRP_MJ_DEVICE_CONTROL (IOCTL_SERIAL_WAIT_ON_MASK);DOWN;;;"";;;COM3;;
3331;27/08/2026 13:43:01;IRP_MJ_DEVICE_CONTROL (IOCTL_SERIAL_WAIT_ON_MASK);UP;STATUS_SUCCESS;01 00 00 00 ;"....";4;;COM3;;
3332;27/08/2026 13:43:01;IRP_MJ_DEVICE_CONTROL (IOCTL_SERIAL_GET_COMMSTATUS);DOWN;;;"";;;COM3;;
3333;27/08/2026 13:43:01;IRP_MJ_DEVICE_CONTROL (IOCTL_SERIAL_GET_COMMSTATUS);UP;STATUS_SUCCESS;00 00 00 00 00 00 00 00 71 00 00 00 00 00 00 00 00 00 00 00 ;"........q...........";20;;COM3;;
3334;27/08/2026 13:43:01;IRP_MJ_DEVICE_CONTROL (IOCTL_SERIAL_WAIT_ON_MASK);DOWN;;;"";;;COM3;;
3335;27/08/2026 13:43:01;IRP_MJ_DEVICE_CONTROL (IOCTL_SERIAL_WAIT_ON_MASK);UP;STATUS_SUCCESS;01 00 00 00 ;"....";4;;COM3;;
3336;27/08/2026 13:43:01;IRP_MJ_DEVICE_CONTROL (IOCTL_SERIAL_GET_COMMSTATUS);DOWN;;;"";;;COM3;;
3337;27/08/2026 13:43:01;IRP_MJ_DEVICE_CONTROL (IOCTL_SERIAL_GET_COMMSTATUS);UP;STATUS_SUCCESS;00 00 00 00 00 00 00 00 72 00 00 00 00 00 00 00 00 00 00 00 ;"........r...........";20;;COM3;;
3338;27/08/2026 13:43:01;IRP_MJ_DEVICE_CONTROL (IOCTL_SERIAL_GET_COMMSTATUS);DOWN;;;"";;;COM3;;
3339;27/08/2026 13:43:01;IRP_MJ_DEVICE_CONTROL (IOCTL_SERIAL_GET_COMMSTATUS);UP;STATUS_SUCCESS;00 00 00 00 00 00 00 00 72 00 00 00 00 00 00 00 00 00 00 00 ;"........r...........";20;;COM3;;
3340;27/08/2026 13:43:01;IRP_MJ_DEVICE_CONTROL (IOCTL_SERIAL_WAIT_ON_MASK);DOWN;;;"";;;COM3;;
3341;27/08/2026 13:43:01;IRP_MJ_DEVICE_CONTROL (IOCTL_SERIAL_WAIT_ON_MASK);UP;STATUS_SUCCESS;01 00 00 00 ;"....";4;;COM3;;
3342;27/08/2026 13:43:01;IRP_MJ_DEVICE_CONTROL (IOCTL_SERIAL_GET_COMMSTATUS);DOWN;;;"";;;COM3;;
3343;27/08/2026 13:43:01;IRP_MJ_DEVICE_CONTROL (IOCTL_SERIAL_GET_COMMSTATUS);UP;STATUS_SUCCESS;00 00 00 00 00 00 00 00 73 00 00 00 00 00 00 00 00 00 00 00 ;"........s...........";20;;COM3;;
3344;27/08/2026 13:43:01;IRP_MJ_DEVICE_CONTROL (IOCTL_SERIAL_WAIT_ON_MASK);DOWN;;;"";;;COM3;;
3345;27/08/2026 13:43:01;IRP_MJ_DEVICE_CONTROL (IOCTL_SERIAL_WAIT_ON_MASK);UP;STATUS_SUCCESS;01 00 00 00 ;"....";4;;COM3;;
3346;27/08/2026 13:43:01;IRP_MJ_DEVICE_CONTROL (IOCTL_SERIAL_GET_COMMSTATUS);DOWN;;;"";;;COM3;;
3347;27/08/2026 13:43:01;IRP_MJ_DEVICE_CONTROL (IOCTL_SERIAL_GET_COMMSTATUS);UP;STATUS_SUCCESS;00 00 00 00 00 00 00 00 74 00 00 00 00 00 00 00 00 00 00 00 ;"........t...........";20;;COM3;;
3348;27/08/2026 13:43:01;IRP_MJ_DEVICE_CONTROL (IOCTL_SERIAL_WAIT_ON_MASK);DOWN;;;"";;;COM3;;
3349;27/08/2026 13:43:01;IRP_MJ_DEVICE_CONTROL (IOCTL_SERIAL_WAIT_ON_MASK);UP;STATUS_SUCCESS;01 00 00 00 ;"....";4;;COM3;;
3350;27/08/2026 13:43:01;IRP_MJ_DEVICE_CONTROL (IOCTL_SERIAL_GET_COMMSTATUS);DOWN;;;"";;;COM3;;
3351;27/08/2026 13:43:01;IRP_MJ_DEVICE_CONTROL (IOCTL_SERIAL_GET_COMMSTATUS);UP;STATUS_SUCCESS;00 00 00 00 00 00 00 00 75 00 00 00 00 00 00 00 00 00 00 00 ;"........u...........";20;;COM3;;
3352;27/08/2026 13:43:01;IRP_MJ_DEVICE_CONTROL (IOCTL_SERIAL_WAIT_ON_MASK);DOWN;;;"";;;COM3;;
3353;27/08/2026 13:43:01;IRP_MJ_DEVICE_CONTROL (IOCTL_SERIAL_WAIT_ON_MASK);UP;STATUS_SUCCESS;01 00 00 00 ;"....";4;;COM3;;
3354;27/08/2026 13:43:01;IRP_MJ_DEVICE_CONTROL (IOCTL_SERIAL_GET_COMMSTATUS);DOWN;;;"";;;COM3;;
3355;27/08/2026 13:43:01;IRP_MJ_DEVICE_CONTROL (IOCTL_SERIAL_GET_COMMSTATUS);UP;STATUS_SUCCESS;00 00 00 00 00 00 00 00 76 00 00 00 00 00 00 00 00 00 00 00 ;"........v...........";20;;COM3;;
3356;27/08/2026 13:43:01;IRP_MJ_DEVICE_CONTROL (IOCTL_SERIAL_WAIT_ON_MASK);DOWN;;;"";;;COM3;;
3357;27/08/2026 13:43:01;IRP_MJ_DEVICE_CONTROL (IOCTL_SERIAL_WAIT_ON_MASK);UP;STATUS_SUCCESS;01 00 00 00 ;"....";4;;COM3;;
3358;27/08/2026 13:43:01;IRP_MJ_DEVICE_CONTROL (IOCTL_SERIAL_GET_COMMSTATUS);DOWN;;;"";;;COM3;;
3359;27/08/2026 13:43:01;IRP_MJ_DEVICE_CONTROL (IOCTL_SERIAL_GET_COMMSTATUS);UP;STATUS_SUCCESS;00 00 00 00 00 00 00 00 77 00 00 00 00 00 00 00 00 00 00 00 ;"........w...........";20;;COM3;;
3360;27/08/2026 13:43:01;IRP_MJ_DEVICE_CONTROL (IOCTL_SERIAL_WAIT_ON_MASK);DOWN;;;"";;;COM3;;
3361;27/08/2026 13:43:01;IRP_MJ_DEVICE_CONTROL (IOCTL_SERIAL_WAIT_ON_MASK);UP;STATUS_SUCCESS;01 00 00 00 ;"....";4;;COM3;;
3362;27/08/2026 13:43:01;IRP_MJ_DEVICE_CONTROL (IOCTL_SERIAL_GET_COMMSTATUS);DOWN;;;"";;;COM3;;
3363;27/08/2026 13:43:01;IRP_MJ_DEVICE_CONTROL (IOCTL_SERIAL_GET_COMMSTATUS);UP;STATUS_SUCCESS;00 00 00 00 00 00 00 00 78 00 00 00 00 00 00 00 00 00 00 00 ;"........x...........";20;;COM3;;
3364;27/08/2026 13:43:01;IRP_MJ_DEVICE_CONTROL (IOCTL_SERIAL_WAIT_ON_MASK);DOWN;;;"";;;COM3;;
3365;27/08/2026 13:43:01;IRP_MJ_DEVICE_CONTROL (IOCTL_SERIAL_GET_COMMSTATUS);DOWN;;;"";;;COM3;;
3366;27/08/2026 13:43:01;IRP_MJ_DEVICE_CONTROL (IOCTL_SERIAL_GET_COMMSTATUS);UP;STATUS_SUCCESS;00 00 00 00 00 00 00 00 78 00 00 00 00 00 00 00 00 00 00 00 ;"........x...........";20;;COM3;;
3367;27/08/2026 13:43:01;IRP_MJ_DEVICE_CONTROL (IOCTL_SERIAL_WAIT_ON_MASK);UP;STATUS_SUCCESS;01 00 00 00 ;"....";4;;COM3;;
3368;27/08/2026 13:43:01;IRP_MJ_DEVICE_CONTROL (IOCTL_SERIAL_GET_COMMSTATUS);DOWN;;;"";;;COM3;;
3369;27/08/2026 13:43:01;IRP_MJ_DEVICE_CONTROL (IOCTL_SERIAL_GET_COMMSTATUS);UP;STATUS_SUCCESS;00 00 00 00 00 00 00 00 79 00 00 00 00 00 00 00 00 00 00 00 ;"........y...........";20;;COM3;;
3370;27/08/2026 13:43:01;IRP_MJ_DEVICE_CONTROL (IOCTL_SERIAL_WAIT_ON_MASK);DOWN;;;"";;;COM3;;
3371;27/08/2026 13:43:01;IRP_MJ_DEVICE_CONTROL (IOCTL_SERIAL_WAIT_ON_MASK);UP;STATUS_SUCCESS;01 00 00 00 ;"....";4;;COM3;;
3372;27/08/2026 13:43:01;IRP_MJ_DEVICE_CONTROL (IOCTL_SERIAL_GET_COMMSTATUS);DOWN;;;"";;;COM3;;
3373;27/08/2026 13:43:01;IRP_MJ_DEVICE_CONTROL (IOCTL_SERIAL_GET_COMMSTATUS);UP;STATUS_SUCCESS;00 00 00 00 00 00 00 00 7a 00 00 00 00 00 00 00 00 00 00 00 ;"........z...........";20;;COM3;;
3374;27/08/2026 13:43:01;IRP_MJ_DEVICE_CONTROL (IOCTL_SERIAL_WAIT_ON_MASK);DOWN;;;"";;;COM3;;
3375;27/08/2026 13:43:01;IRP_MJ_DEVICE_CONTROL (IOCTL_SERIAL_WAIT_ON_MASK);UP;STATUS_SUCCESS;01 00 00 00 ;"....";4;;COM3;;
3376;27/08/2026 13:43:01;IRP_MJ_DEVICE_CONTROL (IOCTL_SERIAL_GET_COMMSTATUS);DOWN;;;"";;;COM3;;
3377;27/08/2026 13:43:01;IRP_MJ_DEVICE_CONTROL (IOCTL_SERIAL_GET_COMMSTATUS);UP;STATUS_SUCCESS;00 00 00 00 00 00 00 00 7b 00 00 00 00 00 00 00 00 00 00 00 ;"........{...........";20;;COM3;;
3378;27/08/2026 13:43:01;IRP_MJ_DEVICE_CONTROL (IOCTL_SERIAL_WAIT_ON_MASK);DOWN;;;"";;;COM3;;
3379;27/08/2026 13:43:01;IRP_MJ_DEVICE_CONTROL (IOCTL_SERIAL_WAIT_ON_MASK);UP;STATUS_SUCCESS;01 00 00 00 ;"....";4;;COM3;;
3380;27/08/2026 13:43:01;IRP_MJ_DEVICE_CONTROL (IOCTL_SERIAL_GET_COMMSTATUS);DOWN;;;"";;;COM3;;
3381;27/08/2026 13:43:01;IRP_MJ_DEVICE_CONTROL (IOCTL_SERIAL_GET_COMMSTATUS);UP;STATUS_SUCCESS;00 00 00 00 00 00 00 00 7c 00 00 00 00 00 00 00 00 00 00 00 ;"........|...........";20;;COM3;;
3382;27/08/2026 13:43:01;IRP_MJ_DEVICE_CONTROL (IOCTL_SERIAL_WAIT_ON_MASK);DOWN;;;"";;;COM3;;
3383;27/08/2026 13:43:01;IRP_MJ_DEVICE_CONTROL (IOCTL_SERIAL_WAIT_ON_MASK);UP;STATUS_SUCCESS;01 00 00 00 ;"....";4;;COM3;;
3384;27/08/2026 13:43:01;IRP_MJ_DEVICE_CONTROL (IOCTL_SERIAL_GET_COMMSTATUS);DOWN;;;"";;;COM3;;
3385;27/08/2026 13:43:01;IRP_MJ_DEVICE_CONTROL (IOCTL_SERIAL_GET_COMMSTATUS);UP;STATUS_SUCCESS;00 00 00 00 00 00 00 00 7d 00 00 00 00 00 00 00 00 00 00 00 ;"........}...........";20;;COM3;;
3386;27/08/2026 13:43:01;IRP_MJ_DEVICE_CONTROL (IOCTL_SERIAL_WAIT_ON_MASK);DOWN;;;"";;;COM3;;
3387;27/08/2026 13:43:01;IRP_MJ_DEVICE_CONTROL (IOCTL_SERIAL_WAIT_ON_MASK);UP;STATUS_SUCCESS;01 00 00 00 ;"....";4;;COM3;;
3388;27/08/2026 13:43:01;IRP_MJ_DEVICE_CONTROL (IOCTL_SERIAL_GET_COMMSTATUS);DOWN;;;"";;;COM3;;
3389;27/08/2026 13:43:01;IRP_MJ_DEVICE_CONTROL (IOCTL_SERIAL_GET_COMMSTATUS);UP;STATUS_SUCCESS;00 00 00 00 00 00 00 00 7e 00 00 00 00 00 00 00 00 00 00 00 ;"........~...........";20;;COM3;;
3390;27/08/2026 13:43:01;IRP_MJ_DEVICE_CONTROL (IOCTL_SERIAL_WAIT_ON_MASK);DOWN;;;"";;;COM3;;
3391;27/08/2026 13:43:01;IRP_MJ_DEVICE_CONTROL (IOCTL_SERIAL_GET_COMMSTATUS);DOWN;;;"";;;COM3;;
3392;27/08/2026 13:43:01;IRP_MJ_DEVICE_CONTROL (IOCTL_SERIAL_GET_COMMSTATUS);UP;STATUS_SUCCESS;00 00 00 00 00 00 00 00 7e 00 00 00 00 00 00 00 00 00 00 00 ;"........~...........";20;;COM3;;
3393;27/08/2026 13:43:01;IRP_MJ_DEVICE_CONTROL (IOCTL_SERIAL_WAIT_ON_MASK);UP;STATUS_SUCCESS;01 00 00 00 ;"....";4;;COM3;;
3394;27/08/2026 13:43:01;IRP_MJ_DEVICE_CONTROL (IOCTL_SERIAL_GET_COMMSTATUS);DOWN;;;"";;;COM3;;
3395;27/08/2026 13:43:01;IRP_MJ_DEVICE_CONTROL (IOCTL_SERIAL_GET_COMMSTATUS);UP;STATUS_SUCCESS;00 00 00 00 00 00 00 00 7f 00 00 00 00 00 00 00 00 00 00 00 ;"...................";20;;COM3;;
3396;27/08/2026 13:43:01;IRP_MJ_DEVICE_CONTROL (IOCTL_SERIAL_WAIT_ON_MASK);DOWN;;;"";;;COM3;;
3397;27/08/2026 13:43:01;IRP_MJ_DEVICE_CONTROL (IOCTL_SERIAL_WAIT_ON_MASK);UP;STATUS_SUCCESS;01 00 00 00 ;"....";4;;COM3;;
3398;27/08/2026 13:43:01;IRP_MJ_DEVICE_CONTROL (IOCTL_SERIAL_GET_COMMSTATUS);DOWN;;;"";;;COM3;;
3399;27/08/2026 13:43:01;IRP_MJ_DEVICE_CONTROL (IOCTL_SERIAL_GET_COMMSTATUS);UP;STATUS_SUCCESS;00 00 00 00 00 00 00 00 80 00 00 00 00 00 00 00 00 00 00 00 ;"........Ä...........";20;;COM3;;
3400;27/08/2026 13:43:01;IRP_MJ_DEVICE_CONTROL (IOCTL_SERIAL_WAIT_ON_MASK);DOWN;;;"";;;COM3;;
3401;27/08/2026 13:43:01;IRP_MJ_DEVICE_CONTROL (IOCTL_SERIAL_WAIT_ON_MASK);UP;STATUS_SUCCESS;01 00 00 00 ;"....";4;;COM3;;
3402;27/08/2026 13:43:01;IRP_MJ_DEVICE_CONTROL (IOCTL_SERIAL_GET_COMMSTATUS);DOWN;;;"";;;COM3;;
3403;27/08/2026 13:43:01;IRP_MJ_DEVICE_CONTROL (IOCTL_SERIAL_GET_COMMSTATUS);UP;STATUS_SUCCESS;00 00 00 00 00 00 00 00 81 00 00 00 00 00 00 00 00 00 00 00 ;"........Å...........";20;;COM3;;
3404;27/08/2026 13:43:01;IRP_MJ_DEVICE_CONTROL (IOCTL_SERIAL_WAIT_ON_MASK);DOWN;;;"";;;COM3;;
3405;27/08/2026 13:43:01;IRP_MJ_DEVICE_CONTROL (IOCTL_SERIAL_WAIT_ON_MASK);UP;STATUS_SUCCESS;01 00 00 00 ;"....";4;;COM3;;
3406;27/08/2026 13:43:01;IRP_MJ_DEVICE_CONTROL (IOCTL_SERIAL_GET_COMMSTATUS);DOWN;;;"";;;COM3;;
3407;27/08/2026 13:43:01;IRP_MJ_DEVICE_CONTROL (IOCTL_SERIAL_GET_COMMSTATUS);UP;STATUS_SUCCESS;00 00 00 00 00 00 00 00 82 00 00 00 00 00 00 00 00 00 00 00 ;"........Ç...........";20;;COM3;;
3408;27/08/2026 13:43:01;IRP_MJ_DEVICE_CONTROL (IOCTL_SERIAL_WAIT_ON_MASK);DOWN;;;"";;;COM3;;
3409;27/08/2026 13:43:01;IRP_MJ_DEVICE_CONTROL (IOCTL_SERIAL_WAIT_ON_MASK);UP;STATUS_SUCCESS;01 00 00 00 ;"....";4;;COM3;;
3410;27/08/2026 13:43:01;IRP_MJ_DEVICE_CONTROL (IOCTL_SERIAL_GET_COMMSTATUS);DOWN;;;"";;;COM3;;
3411;27/08/2026 13:43:01;IRP_MJ_DEVICE_CONTROL (IOCTL_SERIAL_GET_COMMSTATUS);UP;STATUS_SUCCESS;00 00 00 00 00 00 00 00 83 00 00 00 00 00 00 00 00 00 00 00 ;"........É...........";20;;COM3;;
3412;27/08/2026 13:43:01;IRP_MJ_DEVICE_CONTROL (IOCTL_SERIAL_WAIT_ON_MASK);DOWN;;;"";;;COM3;;
3413;27/08/2026 13:43:01;IRP_MJ_DEVICE_CONTROL (IOCTL_SERIAL_WAIT_ON_MASK);UP;STATUS_SUCCESS;01 00 00 00 ;"....";4;;COM3;;
3414;27/08/2026 13:43:01;IRP_MJ_DEVICE_CONTROL (IOCTL_SERIAL_GET_COMMSTATUS);DOWN;;;"";;;COM3;;
3415;27/08/2026 13:43:01;IRP_MJ_DEVICE_CONTROL (IOCTL_SERIAL_GET_COMMSTATUS);UP;STATUS_SUCCESS;00 00 00 00 00 00 00 00 84 00 00 00 00 00 00 00 00 00 00 00 ;"........Ñ...........";20;;COM3;;
3416;27/08/2026 13:43:01;IRP_MJ_DEVICE_CONTROL (IOCTL_SERIAL_WAIT_ON_MASK);DOWN;;;"";;;COM3;;
3417;27/08/2026 13:43:01;IRP_MJ_DEVICE_CONTROL (IOCTL_SERIAL_WAIT_ON_MASK);UP;STATUS_SUCCESS;01 00 00 00 ;"....";4;;COM3;;
3418;27/08/2026 13:43:01;IRP_MJ_DEVICE_CONTROL (IOCTL_SERIAL_GET_COMMSTATUS);DOWN;;;"";;;COM3;;
3419;27/08/2026 13:43:01;IRP_MJ_DEVICE_CONTROL (IOCTL_SERIAL_GET_COMMSTATUS);UP;STATUS_SUCCESS;00 00 00 00 00 00 00 00 85 00 00 00 00 00 00 00 00 00 00 00 ;"........Ö...........";20;;COM3;;
3420;27/08/2026 13:43:01;IRP_MJ_DEVICE_CONTROL (IOCTL_SERIAL_WAIT_ON_MASK);DOWN;;;"";;;COM3;;
3421;27/08/2026 13:43:01;IRP_MJ_DEVICE_CONTROL (IOCTL_SERIAL_GET_COMMSTATUS);DOWN;;;"";;;COM3;;
3422;27/08/2026 13:43:01;IRP_MJ_DEVICE_CONTROL (IOCTL_SERIAL_GET_COMMSTATUS);UP;STATUS_SUCCESS;00 00 00 00 00 00 00 00 85 00 00 00 00 00 00 00 00 00 00 00 ;"........Ö...........";20;;COM3;;
3423;27/08/2026 13:43:01;IRP_MJ_DEVICE_CONTROL (IOCTL_SERIAL_WAIT_ON_MASK);UP;STATUS_SUCCESS;01 00 00 00 ;"....";4;;COM3;;
3424;27/08/2026 13:43:01;IRP_MJ_DEVICE_CONTROL (IOCTL_SERIAL_GET_COMMSTATUS);DOWN;;;"";;;COM3;;
3425;27/08/2026 13:43:01;IRP_MJ_DEVICE_CONTROL (IOCTL_SERIAL_GET_COMMSTATUS);UP;STATUS_SUCCESS;00 00 00 00 00 00 00 00 86 00 00 00 00 00 00 00 00 00 00 00 ;"........Ü...........";20;;COM3;;
3426;27/08/2026 13:43:01;IRP_MJ_DEVICE_CONTROL (IOCTL_SERIAL_WAIT_ON_MASK);DOWN;;;"";;;COM3;;
3427;27/08/2026 13:43:01;IRP_MJ_DEVICE_CONTROL (IOCTL_SERIAL_WAIT_ON_MASK);UP;STATUS_SUCCESS;01 00 00 00 ;"....";4;;COM3;;
3428;27/08/2026 13:43:01;IRP_MJ_DEVICE_CONTROL (IOCTL_SERIAL_GET_COMMSTATUS);DOWN;;;"";;;COM3;;
3429;27/08/2026 13:43:01;IRP_MJ_DEVICE_CONTROL (IOCTL_SERIAL_GET_COMMSTATUS);UP;STATUS_SUCCESS;00 00 00 00 00 00 00 00 87 00 00 00 00 00 00 00 00 00 00 00 ;"........á...........";20;;COM3;;
3430;27/08/2026 13:43:01;IRP_MJ_DEVICE_CONTROL (IOCTL_SERIAL_WAIT_ON_MASK);DOWN;;;"";;;COM3;;
3431;27/08/2026 13:43:01;IRP_MJ_DEVICE_CONTROL (IOCTL_SERIAL_WAIT_ON_MASK);UP;STATUS_SUCCESS;01 00 00 00 ;"....";4;;COM3;;
3432;27/08/2026 13:43:01;IRP_MJ_DEVICE_CONTROL (IOCTL_SERIAL_GET_COMMSTATUS);DOWN;;;"";;;COM3;;
3433;27/08/2026 13:43:01;IRP_MJ_DEVICE_CONTROL (IOCTL_SERIAL_GET_COMMSTATUS);UP;STATUS_SUCCESS;00 00 00 00 00 00 00 00 88 00 00 00 00 00 00 00 00 00 00 00 ;"........à...........";20;;COM3;;
3434;27/08/2026 13:43:01;IRP_MJ_DEVICE_CONTROL (IOCTL_SERIAL_WAIT_ON_MASK);DOWN;;;"";;;COM3;;
3435;27/08/2026 13:43:01;IRP_MJ_DEVICE_CONTROL (IOCTL_SERIAL_WAIT_ON_MASK);UP;STATUS_SUCCESS;01 00 00 00 ;"....";4;;COM3;;
3436;27/08/2026 13:43:01;IRP_MJ_DEVICE_CONTROL (IOCTL_SERIAL_GET_COMMSTATUS);DOWN;;;"";;;COM3;;
3437;27/08/2026 13:43:01;IRP_MJ_DEVICE_CONTROL (IOCTL_SERIAL_GET_COMMSTATUS);UP;STATUS_SUCCESS;00 00 00 00 00 00 00 00 89 00 00 00 00 00 00 00 00 00 00 00 ;"........â...........";20;;COM3;;
3438;27/08/2026 13:43:01;IRP_MJ_DEVICE_CONTROL (IOCTL_SERIAL_WAIT_ON_MASK);DOWN;;;"";;;COM3;;
3439;27/08/2026 13:43:01;IRP_MJ_DEVICE_CONTROL (IOCTL_SERIAL_WAIT_ON_MASK);UP;STATUS_SUCCESS;01 00 00 00 ;"....";4;;COM3;;
3440;27/08/2026 13:43:01;IRP_MJ_DEVICE_CONTROL (IOCTL_SERIAL_GET_COMMSTATUS);DOWN;;;"";;;COM3;;
3441;27/08/2026 13:43:01;IRP_MJ_DEVICE_CONTROL (IOCTL_SERIAL_GET_COMMSTATUS);UP;STATUS_SUCCESS;00 00 00 00 00 00 00 00 8a 00 00 00 00 00 00 00 00 00 00 00 ;"........ä...........";20;;COM3;;
3442;27/08/2026 13:43:01;IRP_MJ_DEVICE_CONTROL (IOCTL_SERIAL_WAIT_ON_MASK);DOWN;;;"";;;COM3;;
3443;27/08/2026 13:43:01;IRP_MJ_DEVICE_CONTROL (IOCTL_SERIAL_WAIT_ON_MASK);UP;STATUS_SUCCESS;01 00 00 00 ;"....";4;;COM3;;
3444;27/08/2026 13:43:01;IRP_MJ_DEVICE_CONTROL (IOCTL_SERIAL_GET_COMMSTATUS);DOWN;;;"";;;COM3;;
3445;27/08/2026 13:43:01;IRP_MJ_DEVICE_CONTROL (IOCTL_SERIAL_GET_COMMSTATUS);UP;STATUS_SUCCESS;00 00 00 00 00 00 00 00 8b 00 00 00 00 00 00 00 00 00 00 00 ;"........ã...........";20;;COM3;;
3446;27/08/2026 13:43:01;IRP_MJ_DEVICE_CONTROL (IOCTL_SERIAL_WAIT_ON_MASK);DOWN;;;"";;;COM3;;
3447;27/08/2026 13:43:01;IRP_MJ_DEVICE_CONTROL (IOCTL_SERIAL_GET_COMMSTATUS);DOWN;;;"";;;COM3;;
3448;27/08/2026 13:43:01;IRP_MJ_DEVICE_CONTROL (IOCTL_SERIAL_GET_COMMSTATUS);UP;STATUS_SUCCESS;00 00 00 00 00 00 00 00 8b 00 00 00 00 00 00 00 00 00 00 00 ;"........ã...........";20;;COM3;;
3449;27/08/2026 13:43:01;IRP_MJ_DEVICE_CONTROL (IOCTL_SERIAL_WAIT_ON_MASK);UP;STATUS_SUCCESS;01 00 00 00 ;"....";4;;COM3;;
3450;27/08/2026 13:43:01;IRP_MJ_DEVICE_CONTROL (IOCTL_SERIAL_GET_COMMSTATUS);DOWN;;;"";;;COM3;;
3451;27/08/2026 13:43:01;IRP_MJ_DEVICE_CONTROL (IOCTL_SERIAL_GET_COMMSTATUS);UP;STATUS_SUCCESS;00 00 00 00 00 00 00 00 8c 00 00 00 00 00 00 00 00 00 00 00 ;"........å...........";20;;COM3;;
3452;27/08/2026 13:43:01;IRP_MJ_DEVICE_CONTROL (IOCTL_SERIAL_WAIT_ON_MASK);DOWN;;;"";;;COM3;;
3453;27/08/2026 13:43:01;IRP_MJ_DEVICE_CONTROL (IOCTL_SERIAL_WAIT_ON_MASK);UP;STATUS_SUCCESS;01 00 00 00 ;"....";4;;COM3;;
3454;27/08/2026 13:43:01;IRP_MJ_DEVICE_CONTROL (IOCTL_SERIAL_GET_COMMSTATUS);DOWN;;;"";;;COM3;;
3455;27/08/2026 13:43:01;IRP_MJ_DEVICE_CONTROL (IOCTL_SERIAL_GET_COMMSTATUS);UP;STATUS_SUCCESS;00 00 00 00 00 00 00 00 8d 00 00 00 00 00 00 00 00 00 00 00 ;"........ç...........";20;;COM3;;
3456;27/08/2026 13:43:01;IRP_MJ_DEVICE_CONTROL (IOCTL_SERIAL_WAIT_ON_MASK);DOWN;;;"";;;COM3;;
3457;27/08/2026 13:43:01;IRP_MJ_DEVICE_CONTROL (IOCTL_SERIAL_WAIT_ON_MASK);UP;STATUS_SUCCESS;01 00 00 00 ;"....";4;;COM3;;
3458;27/08/2026 13:43:01;IRP_MJ_DEVICE_CONTROL (IOCTL_SERIAL_GET_COMMSTATUS);DOWN;;;"";;;COM3;;
3459;27/08/2026 13:43:01;IRP_MJ_DEVICE_CONTROL (IOCTL_SERIAL_GET_COMMSTATUS);UP;STATUS_SUCCESS;00 00 00 00 00 00 00 00 8e 00 00 00 00 00 00 00 00 00 00 00 ;"........é...........";20;;COM3;;
3460;27/08/2026 13:43:01;IRP_MJ_DEVICE_CONTROL (IOCTL_SERIAL_WAIT_ON_MASK);DOWN;;;"";;;COM3;;
3461;27/08/2026 13:43:01;IRP_MJ_DEVICE_CONTROL (IOCTL_SERIAL_WAIT_ON_MASK);UP;STATUS_SUCCESS;01 00 00 00 ;"....";4;;COM3;;
3462;27/08/2026 13:43:01;IRP_MJ_DEVICE_CONTROL (IOCTL_SERIAL_GET_COMMSTATUS);DOWN;;;"";;;COM3;;
3463;27/08/2026 13:43:01;IRP_MJ_DEVICE_CONTROL (IOCTL_SERIAL_GET_COMMSTATUS);UP;STATUS_SUCCESS;00 00 00 00 00 00 00 00 8f 00 00 00 00 00 00 00 00 00 00 00 ;"........è...........";20;;COM3;;
3464;27/08/2026 13:43:01;IRP_MJ_DEVICE_CONTROL (IOCTL_SERIAL_WAIT_ON_MASK);DOWN;;;"";;;COM3;;
3465;27/08/2026 13:43:01;IRP_MJ_DEVICE_CONTROL (IOCTL_SERIAL_WAIT_ON_MASK);UP;STATUS_SUCCESS;01 00 00 00 ;"....";4;;COM3;;
3466;27/08/2026 13:43:01;IRP_MJ_DEVICE_CONTROL (IOCTL_SERIAL_GET_COMMSTATUS);DOWN;;;"";;;COM3;;
3467;27/08/2026 13:43:01;IRP_MJ_DEVICE_CONTROL (IOCTL_SERIAL_GET_COMMSTATUS);UP;STATUS_SUCCESS;00 00 00 00 00 00 00 00 90 00 00 00 00 00 00 00 00 00 00 00 ;"........ê...........";20;;COM3;;
3468;27/08/2026 13:43:01;IRP_MJ_DEVICE_CONTROL (IOCTL_SERIAL_WAIT_ON_MASK);DOWN;;;"";;;COM3;;
3469;27/08/2026 13:43:01;IRP_MJ_DEVICE_CONTROL (IOCTL_SERIAL_WAIT_ON_MASK);UP;STATUS_SUCCESS;01 00 00 00 ;"....";4;;COM3;;
3470;27/08/2026 13:43:01;IRP_MJ_DEVICE_CONTROL (IOCTL_SERIAL_GET_COMMSTATUS);DOWN;;;"";;;COM3;;
3471;27/08/2026 13:43:01;IRP_MJ_DEVICE_CONTROL (IOCTL_SERIAL_GET_COMMSTATUS);UP;STATUS_SUCCESS;00 00 00 00 00 00 00 00 91 00 00 00 00 00 00 00 00 00 00 00 ;"........ë...........";20;;COM3;;
3472;27/08/2026 13:43:01;IRP_MJ_DEVICE_CONTROL (IOCTL_SERIAL_WAIT_ON_MASK);DOWN;;;"";;;COM3;;
3473;27/08/2026 13:43:01;IRP_MJ_DEVICE_CONTROL (IOCTL_SERIAL_WAIT_ON_MASK);UP;STATUS_SUCCESS;01 00 00 00 ;"....";4;;COM3;;
3474;27/08/2026 13:43:01;IRP_MJ_DEVICE_CONTROL (IOCTL_SERIAL_GET_COMMSTATUS);DOWN;;;"";;;COM3;;
3475;27/08/2026 13:43:01;IRP_MJ_DEVICE_CONTROL (IOCTL_SERIAL_GET_COMMSTATUS);UP;STATUS_SUCCESS;00 00 00 00 00 00 00 00 92 00 00 00 00 00 00 00 00 00 00 00 ;"........í...........";20;;COM3;;
3476;27/08/2026 13:43:01;IRP_MJ_DEVICE_CONTROL (IOCTL_SERIAL_WAIT_ON_MASK);DOWN;;;"";;;COM3;;
3477;27/08/2026 13:43:01;IRP_MJ_DEVICE_CONTROL (IOCTL_SERIAL_GET_COMMSTATUS);DOWN;;;"";;;COM3;;
3478;27/08/2026 13:43:01;IRP_MJ_DEVICE_CONTROL (IOCTL_SERIAL_GET_COMMSTATUS);UP;STATUS_SUCCESS;00 00 00 00 00 00 00 00 92 00 00 00 00 00 00 00 00 00 00 00 ;"........í...........";20;;COM3;;
3479;27/08/2026 13:43:01;IRP_MJ_DEVICE_CONTROL (IOCTL_SERIAL_WAIT_ON_MASK);UP;STATUS_SUCCESS;01 00 00 00 ;"....";4;;COM3;;
3480;27/08/2026 13:43:01;IRP_MJ_DEVICE_CONTROL (IOCTL_SERIAL_GET_COMMSTATUS);DOWN;;;"";;;COM3;;
3481;27/08/2026 13:43:01;IRP_MJ_DEVICE_CONTROL (IOCTL_SERIAL_GET_COMMSTATUS);UP;STATUS_SUCCESS;00 00 00 00 00 00 00 00 93 00 00 00 00 00 00 00 00 00 00 00 ;"........ì...........";20;;COM3;;
3482;27/08/2026 13:43:01;IRP_MJ_DEVICE_CONTROL (IOCTL_SERIAL_WAIT_ON_MASK);DOWN;;;"";;;COM3;;
3483;27/08/2026 13:43:01;IRP_MJ_DEVICE_CONTROL (IOCTL_SERIAL_WAIT_ON_MASK);UP;STATUS_SUCCESS;01 00 00 00 ;"....";4;;COM3;;
3484;27/08/2026 13:43:01;IRP_MJ_DEVICE_CONTROL (IOCTL_SERIAL_GET_COMMSTATUS);DOWN;;;"";;;COM3;;
3485;27/08/2026 13:43:01;IRP_MJ_DEVICE_CONTROL (IOCTL_SERIAL_GET_COMMSTATUS);UP;STATUS_SUCCESS;00 00 00 00 00 00 00 00 94 00 00 00 00 00 00 00 00 00 00 00 ;"........î...........";20;;COM3;;
3486;27/08/2026 13:43:01;IRP_MJ_DEVICE_CONTROL (IOCTL_SERIAL_WAIT_ON_MASK);DOWN;;;"";;;COM3;;
3487;27/08/2026 13:43:01;IRP_MJ_DEVICE_CONTROL (IOCTL_SERIAL_WAIT_ON_MASK);UP;STATUS_SUCCESS;01 00 00 00 ;"....";4;;COM3;;
3488;27/08/2026 13:43:01;IRP_MJ_DEVICE_CONTROL (IOCTL_SERIAL_GET_COMMSTATUS);DOWN;;;"";;;COM3;;
3489;27/08/2026 13:43:01;IRP_MJ_DEVICE_CONTROL (IOCTL_SERIAL_GET_COMMSTATUS);UP;STATUS_SUCCESS;00 00 00 00 00 00 00 00 95 00 00 00 00 00 00 00 00 00 00 00 ;"........ï...........";20;;COM3;;
3490;27/08/2026 13:43:01;IRP_MJ_DEVICE_CONTROL (IOCTL_SERIAL_WAIT_ON_MASK);DOWN;;;"";;;COM3;;
3491;27/08/2026 13:43:01;IRP_MJ_DEVICE_CONTROL (IOCTL_SERIAL_WAIT_ON_MASK);UP;STATUS_SUCCESS;01 00 00 00 ;"....";4;;COM3;;
3492;27/08/2026 13:43:01;IRP_MJ_DEVICE_CONTROL (IOCTL_SERIAL_GET_COMMSTATUS);DOWN;;;"";;;COM3;;
3493;27/08/2026 13:43:01;IRP_MJ_DEVICE_CONTROL (IOCTL_SERIAL_GET_COMMSTATUS);UP;STATUS_SUCCESS;00 00 00 00 00 00 00 00 96 00 00 00 00 00 00 00 00 00 00 00 ;"........ñ...........";20;;COM3;;
3494;27/08/2026 13:43:01;IRP_MJ_DEVICE_CONTROL (IOCTL_SERIAL_WAIT_ON_MASK);DOWN;;;"";;;COM3;;
3495;27/08/2026 13:43:01;IRP_MJ_DEVICE_CONTROL (IOCTL_SERIAL_WAIT_ON_MASK);UP;STATUS_SUCCESS;01 00 00 00 ;"....";4;;COM3;;
3496;27/08/2026 13:43:01;IRP_MJ_DEVICE_CONTROL (IOCTL_SERIAL_GET_COMMSTATUS);DOWN;;;"";;;COM3;;
3497;27/08/2026 13:43:01;IRP_MJ_DEVICE_CONTROL (IOCTL_SERIAL_GET_COMMSTATUS);UP;STATUS_SUCCESS;00 00 00 00 00 00 00 00 97 00 00 00 00 00 00 00 00 00 00 00 ;"........ó...........";20;;COM3;;
3498;27/08/2026 13:43:01;IRP_MJ_DEVICE_CONTROL (IOCTL_SERIAL_WAIT_ON_MASK);DOWN;;;"";;;COM3;;
3499;27/08/2026 13:43:01;IRP_MJ_DEVICE_CONTROL (IOCTL_SERIAL_WAIT_ON_MASK);UP;STATUS_SUCCESS;01 00 00 00 ;"....";4;;COM3;;
3500;27/08/2026 13:43:01;IRP_MJ_DEVICE_CONTROL (IOCTL_SERIAL_GET_COMMSTATUS);DOWN;;;"";;;COM3;;
3501;27/08/2026 13:43:01;IRP_MJ_DEVICE_CONTROL (IOCTL_SERIAL_GET_COMMSTATUS);UP;STATUS_SUCCESS;00 00 00 00 00 00 00 00 98 00 00 00 00 00 00 00 00 00 00 00 ;"........ò...........";20;;COM3;;
3502;27/08/2026 13:43:01;IRP_MJ_DEVICE_CONTROL (IOCTL_SERIAL_WAIT_ON_MASK);DOWN;;;"";;;COM3;;
3503;27/08/2026 13:43:01;IRP_MJ_DEVICE_CONTROL (IOCTL_SERIAL_GET_COMMSTATUS);DOWN;;;"";;;COM3;;
3504;27/08/2026 13:43:01;IRP_MJ_DEVICE_CONTROL (IOCTL_SERIAL_GET_COMMSTATUS);UP;STATUS_SUCCESS;00 00 00 00 00 00 00 00 98 00 00 00 00 00 00 00 00 00 00 00 ;"........ò...........";20;;COM3;;
3505;27/08/2026 13:43:01;IRP_MJ_DEVICE_CONTROL (IOCTL_SERIAL_WAIT_ON_MASK);UP;STATUS_SUCCESS;01 00 00 00 ;"....";4;;COM3;;
3506;27/08/2026 13:43:01;IRP_MJ_DEVICE_CONTROL (IOCTL_SERIAL_GET_COMMSTATUS);DOWN;;;"";;;COM3;;
3507;27/08/2026 13:43:01;IRP_MJ_DEVICE_CONTROL (IOCTL_SERIAL_GET_COMMSTATUS);UP;STATUS_SUCCESS;00 00 00 00 00 00 00 00 99 00 00 00 00 00 00 00 00 00 00 00 ;"........ô...........";20;;COM3;;
3508;27/08/2026 13:43:01;IRP_MJ_DEVICE_CONTROL (IOCTL_SERIAL_WAIT_ON_MASK);DOWN;;;"";;;COM3;;
3509;27/08/2026 13:43:01;IRP_MJ_DEVICE_CONTROL (IOCTL_SERIAL_WAIT_ON_MASK);UP;STATUS_SUCCESS;01 00 00 00 ;"....";4;;COM3;;
3510;27/08/2026 13:43:01;IRP_MJ_DEVICE_CONTROL (IOCTL_SERIAL_GET_COMMSTATUS);DOWN;;;"";;;COM3;;
3511;27/08/2026 13:43:01;IRP_MJ_DEVICE_CONTROL (IOCTL_SERIAL_GET_COMMSTATUS);UP;STATUS_SUCCESS;00 00 00 00 00 00 00 00 9a 00 00 00 00 00 00 00 00 00 00 00 ;"........ö...........";20;;COM3;;
3512;27/08/2026 13:43:01;IRP_MJ_DEVICE_CONTROL (IOCTL_SERIAL_WAIT_ON_MASK);DOWN;;;"";;;COM3;;
3513;27/08/2026 13:43:01;IRP_MJ_DEVICE_CONTROL (IOCTL_SERIAL_WAIT_ON_MASK);UP;STATUS_SUCCESS;01 00 00 00 ;"....";4;;COM3;;
3514;27/08/2026 13:43:01;IRP_MJ_DEVICE_CONTROL (IOCTL_SERIAL_GET_COMMSTATUS);DOWN;;;"";;;COM3;;
3515;27/08/2026 13:43:01;IRP_MJ_DEVICE_CONTROL (IOCTL_SERIAL_GET_COMMSTATUS);UP;STATUS_SUCCESS;00 00 00 00 00 00 00 00 9b 00 00 00 00 00 00 00 00 00 00 00 ;"........õ...........";20;;COM3;;
3516;27/08/2026 13:43:01;IRP_MJ_DEVICE_CONTROL (IOCTL_SERIAL_WAIT_ON_MASK);DOWN;;;"";;;COM3;;
3517;27/08/2026 13:43:01;IRP_MJ_DEVICE_CONTROL (IOCTL_SERIAL_WAIT_ON_MASK);UP;STATUS_SUCCESS;01 00 00 00 ;"....";4;;COM3;;
3518;27/08/2026 13:43:01;IRP_MJ_DEVICE_CONTROL (IOCTL_SERIAL_GET_COMMSTATUS);DOWN;;;"";;;COM3;;
3519;27/08/2026 13:43:01;IRP_MJ_DEVICE_CONTROL (IOCTL_SERIAL_GET_COMMSTATUS);UP;STATUS_SUCCESS;00 00 00 00 00 00 00 00 9c 00 00 00 00 00 00 00 00 00 00 00 ;"........ú...........";20;;COM3;;
3520;27/08/2026 13:43:01;IRP_MJ_DEVICE_CONTROL (IOCTL_SERIAL_WAIT_ON_MASK);DOWN;;;"";;;COM3;;
3521;27/08/2026 13:43:01;IRP_MJ_DEVICE_CONTROL (IOCTL_SERIAL_WAIT_ON_MASK);UP;STATUS_SUCCESS;01 00 00 00 ;"....";4;;COM3;;
3522;27/08/2026 13:43:01;IRP_MJ_DEVICE_CONTROL (IOCTL_SERIAL_GET_COMMSTATUS);DOWN;;;"";;;COM3;;
3523;27/08/2026 13:43:01;IRP_MJ_DEVICE_CONTROL (IOCTL_SERIAL_GET_COMMSTATUS);UP;STATUS_SUCCESS;00 00 00 00 00 00 00 00 9d 00 00 00 00 00 00 00 00 00 00 00 ;"........ù...........";20;;COM3;;
3524;27/08/2026 13:43:01;IRP_MJ_DEVICE_CONTROL (IOCTL_SERIAL_WAIT_ON_MASK);DOWN;;;"";;;COM3;;
3525;27/08/2026 13:43:01;IRP_MJ_DEVICE_CONTROL (IOCTL_SERIAL_WAIT_ON_MASK);UP;STATUS_SUCCESS;01 00 00 00 ;"....";4;;COM3;;
3526;27/08/2026 13:43:01;IRP_MJ_DEVICE_CONTROL (IOCTL_SERIAL_GET_COMMSTATUS);DOWN;;;"";;;COM3;;
3527;27/08/2026 13:43:01;IRP_MJ_DEVICE_CONTROL (IOCTL_SERIAL_GET_COMMSTATUS);UP;STATUS_SUCCESS;00 00 00 00 00 00 00 00 9e 00 00 00 00 00 00 00 00 00 00 00 ;"........û...........";20;;COM3;;
3528;27/08/2026 13:43:01;IRP_MJ_DEVICE_CONTROL (IOCTL_SERIAL_WAIT_ON_MASK);DOWN;;;"";;;COM3;;
3529;27/08/2026 13:43:01;IRP_MJ_DEVICE_CONTROL (IOCTL_SERIAL_GET_COMMSTATUS);DOWN;;;"";;;COM3;;
3530;27/08/2026 13:43:01;IRP_MJ_DEVICE_CONTROL (IOCTL_SERIAL_GET_COMMSTATUS);UP;STATUS_SUCCESS;00 00 00 00 00 00 00 00 9e 00 00 00 00 00 00 00 00 00 00 00 ;"........û...........";20;;COM3;;
3531;27/08/2026 13:43:01;IRP_MJ_DEVICE_CONTROL (IOCTL_SERIAL_WAIT_ON_MASK);UP;STATUS_SUCCESS;01 00 00 00 ;"....";4;;COM3;;
3532;27/08/2026 13:43:01;IRP_MJ_DEVICE_CONTROL (IOCTL_SERIAL_GET_COMMSTATUS);DOWN;;;"";;;COM3;;
3533;27/08/2026 13:43:01;IRP_MJ_DEVICE_CONTROL (IOCTL_SERIAL_GET_COMMSTATUS);UP;STATUS_SUCCESS;00 00 00 00 00 00 00 00 9f 00 00 00 00 00 00 00 00 00 00 00 ;"........ü...........";20;;COM3;;
3534;27/08/2026 13:43:01;IRP_MJ_DEVICE_CONTROL (IOCTL_SERIAL_WAIT_ON_MASK);DOWN;;;"";;;COM3;;
3535;27/08/2026 13:43:01;IRP_MJ_DEVICE_CONTROL (IOCTL_SERIAL_WAIT_ON_MASK);UP;STATUS_SUCCESS;01 00 00 00 ;"....";4;;COM3;;
3536;27/08/2026 13:43:01;IRP_MJ_DEVICE_CONTROL (IOCTL_SERIAL_GET_COMMSTATUS);DOWN;;;"";;;COM3;;
3537;27/08/2026 13:43:01;IRP_MJ_DEVICE_CONTROL (IOCTL_SERIAL_GET_COMMSTATUS);UP;STATUS_SUCCESS;00 00 00 00 00 00 00 00 a0 00 00 00 00 00 00 00 00 00 00 00 ;"........†...........";20;;COM3;;
3538;27/08/2026 13:43:01;IRP_MJ_DEVICE_CONTROL (IOCTL_SERIAL_WAIT_ON_MASK);DOWN;;;"";;;COM3;;
3539;27/08/2026 13:43:01;IRP_MJ_DEVICE_CONTROL (IOCTL_SERIAL_WAIT_ON_MASK);UP;STATUS_SUCCESS;01 00 00 00 ;"....";4;;COM3;;
3540;27/08/2026 13:43:01;IRP_MJ_DEVICE_CONTROL (IOCTL_SERIAL_GET_COMMSTATUS);DOWN;;;"";;;COM3;;
3541;27/08/2026 13:43:01;IRP_MJ_DEVICE_CONTROL (IOCTL_SERIAL_GET_COMMSTATUS);UP;STATUS_SUCCESS;00 00 00 00 00 00 00 00 a1 00 00 00 00 00 00 00 00 00 00 00 ;"........°...........";20;;COM3;;
3542;27/08/2026 13:43:01;IRP_MJ_DEVICE_CONTROL (IOCTL_SERIAL_WAIT_ON_MASK);DOWN;;;"";;;COM3;;
3543;27/08/2026 13:43:01;IRP_MJ_DEVICE_CONTROL (IOCTL_SERIAL_WAIT_ON_MASK);UP;STATUS_SUCCESS;01 00 00 00 ;"....";4;;COM3;;
3544;27/08/2026 13:43:01;IRP_MJ_DEVICE_CONTROL (IOCTL_SERIAL_GET_COMMSTATUS);DOWN;;;"";;;COM3;;
3545;27/08/2026 13:43:01;IRP_MJ_DEVICE_CONTROL (IOCTL_SERIAL_GET_COMMSTATUS);UP;STATUS_SUCCESS;00 00 00 00 00 00 00 00 a2 00 00 00 00 00 00 00 00 00 00 00 ;"........¢...........";20;;COM3;;
3546;27/08/2026 13:43:01;IRP_MJ_DEVICE_CONTROL (IOCTL_SERIAL_WAIT_ON_MASK);DOWN;;;"";;;COM3;;
3547;27/08/2026 13:43:01;IRP_MJ_DEVICE_CONTROL (IOCTL_SERIAL_WAIT_ON_MASK);UP;STATUS_SUCCESS;01 00 00 00 ;"....";4;;COM3;;
3548;27/08/2026 13:43:01;IRP_MJ_DEVICE_CONTROL (IOCTL_SERIAL_GET_COMMSTATUS);DOWN;;;"";;;COM3;;
3549;27/08/2026 13:43:01;IRP_MJ_DEVICE_CONTROL (IOCTL_SERIAL_GET_COMMSTATUS);UP;STATUS_SUCCESS;00 00 00 00 00 00 00 00 a3 00 00 00 00 00 00 00 00 00 00 00 ;"........£...........";20;;COM3;;
3550;27/08/2026 13:43:01;IRP_MJ_DEVICE_CONTROL (IOCTL_SERIAL_WAIT_ON_MASK);DOWN;;;"";;;COM3;;
3551;27/08/2026 13:43:01;IRP_MJ_DEVICE_CONTROL (IOCTL_SERIAL_GET_COMMSTATUS);DOWN;;;"";;;COM3;;
3552;27/08/2026 13:43:01;IRP_MJ_DEVICE_CONTROL (IOCTL_SERIAL_GET_COMMSTATUS);UP;STATUS_SUCCESS;00 00 00 00 00 00 00 00 a3 00 00 00 00 00 00 00 00 00 00 00 ;"........£...........";20;;COM3;;
3553;27/08/2026 13:43:01;IRP_MJ_DEVICE_CONTROL (IOCTL_SERIAL_GET_COMMSTATUS);DOWN;;;"";;;COM3;;
3554;27/08/2026 13:43:01;IRP_MJ_DEVICE_CONTROL (IOCTL_SERIAL_GET_COMMSTATUS);UP;STATUS_SUCCESS;00 00 00 00 00 00 00 00 a3 00 00 00 00 00 00 00 00 00 00 00 ;"........£...........";20;;COM3;;
3555;27/08/2026 13:43:01;IRP_MJ_READ;DOWN;;;"";;163;COM3;;
3556;27/08/2026 13:43:01;IRP_MJ_READ;UP;STATUS_SUCCESS;04 03 9e 00 02 00 e6 05 dc 00 00 00 7e 08 fc 00 00 12 16 00 04 00 00 00 00 00 00 00 00 00 00 00 00 00 00 00 64 00 00 00 00 00 00 00 63 00 00 00 66 00 00 13 88 00 00 00 00 00 00 00 00 00 00 00 00 00 00 00 3c 00 00 00 4c 00 00 00 01 00 00 00 01 00 00 00 01 00 00 00 00 00 00 00 00 00 00 00 00 00 0e 00 00 00 00 00 00 00 00 00 00 00 9c 00 00 00 0e 00 00 00 00 00 00 00 00 00 00 00 00 00 00 00 00 00 00 00 00 00 00 00 00 ff ff ff ff 27 75 13 29 00 14 00 01 00 0c 00 00 05 dc 28 ae 00 a6 0f 41 ;"..û...Ê.‹...~.¸.....................d.......c...f...à...............<...L.....................................ú............................ˇˇˇˇ'u.).........‹(Æ.¶.A";163;;COM3;;
3557;27/08/2026 13:43:01;IRP_MJ_WRITE;DOWN;;04 03 3b 61 00 15 d8 aa ;"..;a..ÿ™";8;8;COM3;;
3558;27/08/2026 13:43:01;IRP_MJ_WRITE;UP;STATUS_SUCCESS;04 03 3b 61 00 15 d8 aa ;"..;a..ÿ™";8;;COM3;;
3559;27/08/2026 13:43:01;IRP_MJ_DEVICE_CONTROL (IOCTL_SERIAL_GET_COMMSTATUS);DOWN;;;"";;;COM3;;
3560;27/08/2026 13:43:01;IRP_MJ_DEVICE_CONTROL (IOCTL_SERIAL_GET_COMMSTATUS);UP;STATUS_SUCCESS;00 00 00 00 00 00 00 00 00 00 00 00 00 00 00 00 00 00 00 00 ;"....................";20;;COM3;;
3561;27/08/2026 13:43:01;IRP_MJ_DEVICE_CONTROL (IOCTL_SERIAL_GET_COMMSTATUS);DOWN;;;"";;;COM3;;
3562;27/08/2026 13:43:01;IRP_MJ_DEVICE_CONTROL (IOCTL_SERIAL_GET_COMMSTATUS);UP;STATUS_SUCCESS;00 00 00 00 00 00 00 00 00 00 00 00 00 00 00 00 00 00 00 00 ;"....................";20;;COM3;;
3563;27/08/2026 13:43:01;IRP_MJ_DEVICE_CONTROL (IOCTL_SERIAL_GET_COMMSTATUS);DOWN;;;"";;;COM3;;
3564;27/08/2026 13:43:01;IRP_MJ_DEVICE_CONTROL (IOCTL_SERIAL_GET_COMMSTATUS);UP;STATUS_SUCCESS;00 00 00 00 00 00 00 00 00 00 00 00 00 00 00 00 00 00 00 00 ;"....................";20;;COM3;;
3565;27/08/2026 13:43:01;IRP_MJ_DEVICE_CONTROL (IOCTL_SERIAL_GET_COMMSTATUS);DOWN;;;"";;;COM3;;
3566;27/08/2026 13:43:01;IRP_MJ_DEVICE_CONTROL (IOCTL_SERIAL_GET_COMMSTATUS);UP;STATUS_SUCCESS;00 00 00 00 00 00 00 00 00 00 00 00 00 00 00 00 00 00 00 00 ;"....................";20;;COM3;;
3567;27/08/2026 13:43:01;IRP_MJ_DEVICE_CONTROL (IOCTL_SERIAL_GET_COMMSTATUS);DOWN;;;"";;;COM3;;
3568;27/08/2026 13:43:01;IRP_MJ_DEVICE_CONTROL (IOCTL_SERIAL_GET_COMMSTATUS);UP;STATUS_SUCCESS;00 00 00 00 00 00 00 00 00 00 00 00 00 00 00 00 00 00 00 00 ;"....................";20;;COM3;;
3569;27/08/2026 13:43:01;IRP_MJ_DEVICE_CONTROL (IOCTL_SERIAL_GET_COMMSTATUS);DOWN;;;"";;;COM3;;
3570;27/08/2026 13:43:01;IRP_MJ_DEVICE_CONTROL (IOCTL_SERIAL_GET_COMMSTATUS);UP;STATUS_SUCCESS;00 00 00 00 00 00 00 00 00 00 00 00 00 00 00 00 00 00 00 00 ;"....................";20;;COM3;;
3571;27/08/2026 13:43:01;IRP_MJ_DEVICE_CONTROL (IOCTL_SERIAL_GET_COMMSTATUS);DOWN;;;"";;;COM3;;
3572;27/08/2026 13:43:01;IRP_MJ_DEVICE_CONTROL (IOCTL_SERIAL_GET_COMMSTATUS);UP;STATUS_SUCCESS;00 00 00 00 00 00 00 00 00 00 00 00 00 00 00 00 00 00 00 00 ;"....................";20;;COM3;;
3573;27/08/2026 13:43:01;IRP_MJ_DEVICE_CONTROL (IOCTL_SERIAL_GET_COMMSTATUS);DOWN;;;"";;;COM3;;
3574;27/08/2026 13:43:01;IRP_MJ_DEVICE_CONTROL (IOCTL_SERIAL_GET_COMMSTATUS);UP;STATUS_SUCCESS;00 00 00 00 00 00 00 00 00 00 00 00 00 00 00 00 00 00 00 00 ;"....................";20;;COM3;;
3575;27/08/2026 13:43:01;IRP_MJ_DEVICE_CONTROL (IOCTL_SERIAL_GET_COMMSTATUS);DOWN;;;"";;;COM3;;
3576;27/08/2026 13:43:01;IRP_MJ_DEVICE_CONTROL (IOCTL_SERIAL_GET_COMMSTATUS);UP;STATUS_SUCCESS;00 00 00 00 00 00 00 00 00 00 00 00 00 00 00 00 00 00 00 00 ;"....................";20;;COM3;;
3577;27/08/2026 13:43:01;IRP_MJ_DEVICE_CONTROL (IOCTL_SERIAL_GET_COMMSTATUS);DOWN;;;"";;;COM3;;
3578;27/08/2026 13:43:01;IRP_MJ_DEVICE_CONTROL (IOCTL_SERIAL_GET_COMMSTATUS);UP;STATUS_SUCCESS;00 00 00 00 00 00 00 00 00 00 00 00 00 00 00 00 00 00 00 00 ;"....................";20;;COM3;;
3579;27/08/2026 13:43:01;IRP_MJ_DEVICE_CONTROL (IOCTL_SERIAL_GET_COMMSTATUS);DOWN;;;"";;;COM3;;
3580;27/08/2026 13:43:01;IRP_MJ_DEVICE_CONTROL (IOCTL_SERIAL_GET_COMMSTATUS);UP;STATUS_SUCCESS;00 00 00 00 00 00 00 00 00 00 00 00 00 00 00 00 00 00 00 00 ;"....................";20;;COM3;;
3581;27/08/2026 13:43:01;IRP_MJ_DEVICE_CONTROL (IOCTL_SERIAL_GET_COMMSTATUS);DOWN;;;"";;;COM3;;
3582;27/08/2026 13:43:01;IRP_MJ_DEVICE_CONTROL (IOCTL_SERIAL_GET_COMMSTATUS);UP;STATUS_SUCCESS;00 00 00 00 00 00 00 00 00 00 00 00 00 00 00 00 00 00 00 00 ;"....................";20;;COM3;;
3583;27/08/2026 13:43:01;IRP_MJ_DEVICE_CONTROL (IOCTL_SERIAL_WAIT_ON_MASK);UP;STATUS_SUCCESS;01 00 00 00 ;"....";4;;COM3;;
3584;27/08/2026 13:43:01;IRP_MJ_DEVICE_CONTROL (IOCTL_SERIAL_GET_COMMSTATUS);DOWN;;;"";;;COM3;;
3585;27/08/2026 13:43:01;IRP_MJ_DEVICE_CONTROL (IOCTL_SERIAL_GET_COMMSTATUS);UP;STATUS_SUCCESS;00 00 00 00 00 00 00 00 01 00 00 00 00 00 00 00 00 00 00 00 ;"....................";20;;COM3;;
3586;27/08/2026 13:43:01;IRP_MJ_DEVICE_CONTROL (IOCTL_SERIAL_WAIT_ON_MASK);DOWN;;;"";;;COM3;;
3587;27/08/2026 13:43:01;IRP_MJ_DEVICE_CONTROL (IOCTL_SERIAL_WAIT_ON_MASK);UP;STATUS_SUCCESS;01 00 00 00 ;"....";4;;COM3;;
3588;27/08/2026 13:43:01;IRP_MJ_DEVICE_CONTROL (IOCTL_SERIAL_GET_COMMSTATUS);DOWN;;;"";;;COM3;;
3589;27/08/2026 13:43:01;IRP_MJ_DEVICE_CONTROL (IOCTL_SERIAL_GET_COMMSTATUS);UP;STATUS_SUCCESS;00 00 00 00 00 00 00 00 02 00 00 00 00 00 00 00 00 00 00 00 ;"....................";20;;COM3;;
3590;27/08/2026 13:43:01;IRP_MJ_DEVICE_CONTROL (IOCTL_SERIAL_WAIT_ON_MASK);DOWN;;;"";;;COM3;;
3591;27/08/2026 13:43:01;IRP_MJ_DEVICE_CONTROL (IOCTL_SERIAL_WAIT_ON_MASK);UP;STATUS_SUCCESS;01 00 00 00 ;"....";4;;COM3;;
3592;27/08/2026 13:43:01;IRP_MJ_DEVICE_CONTROL (IOCTL_SERIAL_GET_COMMSTATUS);DOWN;;;"";;;COM3;;
3593;27/08/2026 13:43:01;IRP_MJ_DEVICE_CONTROL (IOCTL_SERIAL_GET_COMMSTATUS);UP;STATUS_SUCCESS;00 00 00 00 00 00 00 00 03 00 00 00 00 00 00 00 00 00 00 00 ;"....................";20;;COM3;;
3594;27/08/2026 13:43:01;IRP_MJ_DEVICE_CONTROL (IOCTL_SERIAL_WAIT_ON_MASK);DOWN;;;"";;;COM3;;
3595;27/08/2026 13:43:01;IRP_MJ_DEVICE_CONTROL (IOCTL_SERIAL_GET_COMMSTATUS);DOWN;;;"";;;COM3;;
3596;27/08/2026 13:43:01;IRP_MJ_DEVICE_CONTROL (IOCTL_SERIAL_GET_COMMSTATUS);UP;STATUS_SUCCESS;00 00 00 00 00 00 00 00 03 00 00 00 00 00 00 00 00 00 00 00 ;"....................";20;;COM3;;
3597;27/08/2026 13:43:01;IRP_MJ_DEVICE_CONTROL (IOCTL_SERIAL_WAIT_ON_MASK);UP;STATUS_SUCCESS;01 00 00 00 ;"....";4;;COM3;;
3598;27/08/2026 13:43:01;IRP_MJ_DEVICE_CONTROL (IOCTL_SERIAL_GET_COMMSTATUS);DOWN;;;"";;;COM3;;
3599;27/08/2026 13:43:01;IRP_MJ_DEVICE_CONTROL (IOCTL_SERIAL_GET_COMMSTATUS);UP;STATUS_SUCCESS;00 00 00 00 00 00 00 00 04 00 00 00 00 00 00 00 00 00 00 00 ;"....................";20;;COM3;;
3600;27/08/2026 13:43:01;IRP_MJ_DEVICE_CONTROL (IOCTL_SERIAL_WAIT_ON_MASK);DOWN;;;"";;;COM3;;
3601;27/08/2026 13:43:01;IRP_MJ_DEVICE_CONTROL (IOCTL_SERIAL_WAIT_ON_MASK);UP;STATUS_SUCCESS;01 00 00 00 ;"....";4;;COM3;;
3602;27/08/2026 13:43:01;IRP_MJ_DEVICE_CONTROL (IOCTL_SERIAL_GET_COMMSTATUS);DOWN;;;"";;;COM3;;
3603;27/08/2026 13:43:01;IRP_MJ_DEVICE_CONTROL (IOCTL_SERIAL_GET_COMMSTATUS);UP;STATUS_SUCCESS;00 00 00 00 00 00 00 00 05 00 00 00 00 00 00 00 00 00 00 00 ;"....................";20;;COM3;;
3604;27/08/2026 13:43:01;IRP_MJ_DEVICE_CONTROL (IOCTL_SERIAL_WAIT_ON_MASK);DOWN;;;"";;;COM3;;
3605;27/08/2026 13:43:01;IRP_MJ_DEVICE_CONTROL (IOCTL_SERIAL_WAIT_ON_MASK);UP;STATUS_SUCCESS;01 00 00 00 ;"....";4;;COM3;;
3606;27/08/2026 13:43:01;IRP_MJ_DEVICE_CONTROL (IOCTL_SERIAL_GET_COMMSTATUS);DOWN;;;"";;;COM3;;
3607;27/08/2026 13:43:01;IRP_MJ_DEVICE_CONTROL (IOCTL_SERIAL_GET_COMMSTATUS);UP;STATUS_SUCCESS;00 00 00 00 00 00 00 00 06 00 00 00 00 00 00 00 00 00 00 00 ;"....................";20;;COM3;;
3608;27/08/2026 13:43:01;IRP_MJ_DEVICE_CONTROL (IOCTL_SERIAL_WAIT_ON_MASK);DOWN;;;"";;;COM3;;
3609;27/08/2026 13:43:01;IRP_MJ_DEVICE_CONTROL (IOCTL_SERIAL_WAIT_ON_MASK);UP;STATUS_SUCCESS;01 00 00 00 ;"....";4;;COM3;;
3610;27/08/2026 13:43:01;IRP_MJ_DEVICE_CONTROL (IOCTL_SERIAL_GET_COMMSTATUS);DOWN;;;"";;;COM3;;
3611;27/08/2026 13:43:01;IRP_MJ_DEVICE_CONTROL (IOCTL_SERIAL_GET_COMMSTATUS);UP;STATUS_SUCCESS;00 00 00 00 00 00 00 00 07 00 00 00 00 00 00 00 00 00 00 00 ;"....................";20;;COM3;;
3612;27/08/2026 13:43:01;IRP_MJ_DEVICE_CONTROL (IOCTL_SERIAL_WAIT_ON_MASK);DOWN;;;"";;;COM3;;
3613;27/08/2026 13:43:01;IRP_MJ_DEVICE_CONTROL (IOCTL_SERIAL_WAIT_ON_MASK);UP;STATUS_SUCCESS;01 00 00 00 ;"....";4;;COM3;;
3614;27/08/2026 13:43:01;IRP_MJ_DEVICE_CONTROL (IOCTL_SERIAL_GET_COMMSTATUS);DOWN;;;"";;;COM3;;
3615;27/08/2026 13:43:01;IRP_MJ_DEVICE_CONTROL (IOCTL_SERIAL_GET_COMMSTATUS);UP;STATUS_SUCCESS;00 00 00 00 00 00 00 00 08 00 00 00 00 00 00 00 00 00 00 00 ;"....................";20;;COM3;;
3616;27/08/2026 13:43:01;IRP_MJ_DEVICE_CONTROL (IOCTL_SERIAL_WAIT_ON_MASK);DOWN;;;"";;;COM3;;
3617;27/08/2026 13:43:01;IRP_MJ_DEVICE_CONTROL (IOCTL_SERIAL_WAIT_ON_MASK);UP;STATUS_SUCCESS;01 00 00 00 ;"....";4;;COM3;;
3618;27/08/2026 13:43:01;IRP_MJ_DEVICE_CONTROL (IOCTL_SERIAL_GET_COMMSTATUS);DOWN;;;"";;;COM3;;
3619;27/08/2026 13:43:01;IRP_MJ_DEVICE_CONTROL (IOCTL_SERIAL_GET_COMMSTATUS);UP;STATUS_SUCCESS;00 00 00 00 00 00 00 00 09 00 00 00 00 00 00 00 00 00 00 00 ;"....................";20;;COM3;;
3620;27/08/2026 13:43:01;IRP_MJ_DEVICE_CONTROL (IOCTL_SERIAL_WAIT_ON_MASK);DOWN;;;"";;;COM3;;
3621;27/08/2026 13:43:01;IRP_MJ_DEVICE_CONTROL (IOCTL_SERIAL_WAIT_ON_MASK);UP;STATUS_SUCCESS;01 00 00 00 ;"....";4;;COM3;;
3622;27/08/2026 13:43:01;IRP_MJ_DEVICE_CONTROL (IOCTL_SERIAL_GET_COMMSTATUS);DOWN;;;"";;;COM3;;
3623;27/08/2026 13:43:01;IRP_MJ_DEVICE_CONTROL (IOCTL_SERIAL_GET_COMMSTATUS);UP;STATUS_SUCCESS;00 00 00 00 00 00 00 00 0a 00 00 00 00 00 00 00 00 00 00 00 ;"....................";20;;COM3;;
3624;27/08/2026 13:43:01;IRP_MJ_DEVICE_CONTROL (IOCTL_SERIAL_WAIT_ON_MASK);DOWN;;;"";;;COM3;;
3625;27/08/2026 13:43:01;IRP_MJ_DEVICE_CONTROL (IOCTL_SERIAL_GET_COMMSTATUS);DOWN;;;"";;;COM3;;
3626;27/08/2026 13:43:01;IRP_MJ_DEVICE_CONTROL (IOCTL_SERIAL_GET_COMMSTATUS);UP;STATUS_SUCCESS;00 00 00 00 00 00 00 00 0a 00 00 00 00 00 00 00 00 00 00 00 ;"....................";20;;COM3;;
3627;27/08/2026 13:43:01;IRP_MJ_DEVICE_CONTROL (IOCTL_SERIAL_WAIT_ON_MASK);UP;STATUS_SUCCESS;01 00 00 00 ;"....";4;;COM3;;
3628;27/08/2026 13:43:01;IRP_MJ_DEVICE_CONTROL (IOCTL_SERIAL_GET_COMMSTATUS);DOWN;;;"";;;COM3;;
3629;27/08/2026 13:43:01;IRP_MJ_DEVICE_CONTROL (IOCTL_SERIAL_GET_COMMSTATUS);UP;STATUS_SUCCESS;00 00 00 00 00 00 00 00 0b 00 00 00 00 00 00 00 00 00 00 00 ;"....................";20;;COM3;;
3630;27/08/2026 13:43:01;IRP_MJ_DEVICE_CONTROL (IOCTL_SERIAL_WAIT_ON_MASK);DOWN;;;"";;;COM3;;
3631;27/08/2026 13:43:01;IRP_MJ_DEVICE_CONTROL (IOCTL_SERIAL_WAIT_ON_MASK);UP;STATUS_SUCCESS;01 00 00 00 ;"....";4;;COM3;;
3632;27/08/2026 13:43:01;IRP_MJ_DEVICE_CONTROL (IOCTL_SERIAL_GET_COMMSTATUS);DOWN;;;"";;;COM3;;
3633;27/08/2026 13:43:01;IRP_MJ_DEVICE_CONTROL (IOCTL_SERIAL_GET_COMMSTATUS);UP;STATUS_SUCCESS;00 00 00 00 00 00 00 00 0c 00 00 00 00 00 00 00 00 00 00 00 ;"....................";20;;COM3;;
3634;27/08/2026 13:43:01;IRP_MJ_DEVICE_CONTROL (IOCTL_SERIAL_WAIT_ON_MASK);DOWN;;;"";;;COM3;;
3635;27/08/2026 13:43:01;IRP_MJ_DEVICE_CONTROL (IOCTL_SERIAL_WAIT_ON_MASK);UP;STATUS_SUCCESS;01 00 00 00 ;"....";4;;COM3;;
3636;27/08/2026 13:43:01;IRP_MJ_DEVICE_CONTROL (IOCTL_SERIAL_GET_COMMSTATUS);DOWN;;;"";;;COM3;;
3637;27/08/2026 13:43:01;IRP_MJ_DEVICE_CONTROL (IOCTL_SERIAL_GET_COMMSTATUS);UP;STATUS_SUCCESS;00 00 00 00 00 00 00 00 0d 00 00 00 00 00 00 00 00 00 00 00 ;"....................";20;;COM3;;
3638;27/08/2026 13:43:01;IRP_MJ_DEVICE_CONTROL (IOCTL_SERIAL_WAIT_ON_MASK);DOWN;;;"";;;COM3;;
3639;27/08/2026 13:43:01;IRP_MJ_DEVICE_CONTROL (IOCTL_SERIAL_WAIT_ON_MASK);UP;STATUS_SUCCESS;01 00 00 00 ;"....";4;;COM3;;
3640;27/08/2026 13:43:01;IRP_MJ_DEVICE_CONTROL (IOCTL_SERIAL_GET_COMMSTATUS);DOWN;;;"";;;COM3;;
3641;27/08/2026 13:43:01;IRP_MJ_DEVICE_CONTROL (IOCTL_SERIAL_GET_COMMSTATUS);UP;STATUS_SUCCESS;00 00 00 00 00 00 00 00 0e 00 00 00 00 00 00 00 00 00 00 00 ;"....................";20;;COM3;;
3642;27/08/2026 13:43:01;IRP_MJ_DEVICE_CONTROL (IOCTL_SERIAL_WAIT_ON_MASK);DOWN;;;"";;;COM3;;
3643;27/08/2026 13:43:01;IRP_MJ_DEVICE_CONTROL (IOCTL_SERIAL_WAIT_ON_MASK);UP;STATUS_SUCCESS;01 00 00 00 ;"....";4;;COM3;;
3644;27/08/2026 13:43:01;IRP_MJ_DEVICE_CONTROL (IOCTL_SERIAL_GET_COMMSTATUS);DOWN;;;"";;;COM3;;
3645;27/08/2026 13:43:01;IRP_MJ_DEVICE_CONTROL (IOCTL_SERIAL_GET_COMMSTATUS);UP;STATUS_SUCCESS;00 00 00 00 00 00 00 00 0f 00 00 00 00 00 00 00 00 00 00 00 ;"....................";20;;COM3;;
3646;27/08/2026 13:43:01;IRP_MJ_DEVICE_CONTROL (IOCTL_SERIAL_WAIT_ON_MASK);DOWN;;;"";;;COM3;;
3647;27/08/2026 13:43:01;IRP_MJ_DEVICE_CONTROL (IOCTL_SERIAL_WAIT_ON_MASK);UP;STATUS_SUCCESS;01 00 00 00 ;"....";4;;COM3;;
3648;27/08/2026 13:43:01;IRP_MJ_DEVICE_CONTROL (IOCTL_SERIAL_GET_COMMSTATUS);DOWN;;;"";;;COM3;;
3649;27/08/2026 13:43:01;IRP_MJ_DEVICE_CONTROL (IOCTL_SERIAL_GET_COMMSTATUS);UP;STATUS_SUCCESS;00 00 00 00 00 00 00 00 10 00 00 00 00 00 00 00 00 00 00 00 ;"....................";20;;COM3;;
3650;27/08/2026 13:43:01;IRP_MJ_DEVICE_CONTROL (IOCTL_SERIAL_WAIT_ON_MASK);DOWN;;;"";;;COM3;;
3651;27/08/2026 13:43:01;IRP_MJ_DEVICE_CONTROL (IOCTL_SERIAL_WAIT_ON_MASK);UP;STATUS_SUCCESS;01 00 00 00 ;"....";4;;COM3;;
3652;27/08/2026 13:43:01;IRP_MJ_DEVICE_CONTROL (IOCTL_SERIAL_GET_COMMSTATUS);DOWN;;;"";;;COM3;;
3653;27/08/2026 13:43:01;IRP_MJ_DEVICE_CONTROL (IOCTL_SERIAL_GET_COMMSTATUS);UP;STATUS_SUCCESS;00 00 00 00 00 00 00 00 11 00 00 00 00 00 00 00 00 00 00 00 ;"....................";20;;COM3;;
3654;27/08/2026 13:43:01;IRP_MJ_DEVICE_CONTROL (IOCTL_SERIAL_WAIT_ON_MASK);DOWN;;;"";;;COM3;;
3655;27/08/2026 13:43:01;IRP_MJ_DEVICE_CONTROL (IOCTL_SERIAL_GET_COMMSTATUS);DOWN;;;"";;;COM3;;
3656;27/08/2026 13:43:01;IRP_MJ_DEVICE_CONTROL (IOCTL_SERIAL_GET_COMMSTATUS);UP;STATUS_SUCCESS;00 00 00 00 00 00 00 00 11 00 00 00 00 00 00 00 00 00 00 00 ;"....................";20;;COM3;;
3657;27/08/2026 13:43:01;IRP_MJ_DEVICE_CONTROL (IOCTL_SERIAL_WAIT_ON_MASK);UP;STATUS_SUCCESS;01 00 00 00 ;"....";4;;COM3;;
3658;27/08/2026 13:43:01;IRP_MJ_DEVICE_CONTROL (IOCTL_SERIAL_GET_COMMSTATUS);DOWN;;;"";;;COM3;;
3659;27/08/2026 13:43:01;IRP_MJ_DEVICE_CONTROL (IOCTL_SERIAL_GET_COMMSTATUS);UP;STATUS_SUCCESS;00 00 00 00 00 00 00 00 12 00 00 00 00 00 00 00 00 00 00 00 ;"....................";20;;COM3;;
3660;27/08/2026 13:43:01;IRP_MJ_DEVICE_CONTROL (IOCTL_SERIAL_WAIT_ON_MASK);DOWN;;;"";;;COM3;;
3661;27/08/2026 13:43:01;IRP_MJ_DEVICE_CONTROL (IOCTL_SERIAL_WAIT_ON_MASK);UP;STATUS_SUCCESS;01 00 00 00 ;"....";4;;COM3;;
3662;27/08/2026 13:43:01;IRP_MJ_DEVICE_CONTROL (IOCTL_SERIAL_GET_COMMSTATUS);DOWN;;;"";;;COM3;;
3663;27/08/2026 13:43:01;IRP_MJ_DEVICE_CONTROL (IOCTL_SERIAL_GET_COMMSTATUS);UP;STATUS_SUCCESS;00 00 00 00 00 00 00 00 13 00 00 00 00 00 00 00 00 00 00 00 ;"....................";20;;COM3;;
3664;27/08/2026 13:43:01;IRP_MJ_DEVICE_CONTROL (IOCTL_SERIAL_WAIT_ON_MASK);DOWN;;;"";;;COM3;;
3665;27/08/2026 13:43:01;IRP_MJ_DEVICE_CONTROL (IOCTL_SERIAL_WAIT_ON_MASK);UP;STATUS_SUCCESS;01 00 00 00 ;"....";4;;COM3;;
3666;27/08/2026 13:43:01;IRP_MJ_DEVICE_CONTROL (IOCTL_SERIAL_GET_COMMSTATUS);DOWN;;;"";;;COM3;;
3667;27/08/2026 13:43:01;IRP_MJ_DEVICE_CONTROL (IOCTL_SERIAL_GET_COMMSTATUS);UP;STATUS_SUCCESS;00 00 00 00 00 00 00 00 14 00 00 00 00 00 00 00 00 00 00 00 ;"....................";20;;COM3;;
3668;27/08/2026 13:43:01;IRP_MJ_DEVICE_CONTROL (IOCTL_SERIAL_WAIT_ON_MASK);DOWN;;;"";;;COM3;;
3669;27/08/2026 13:43:01;IRP_MJ_DEVICE_CONTROL (IOCTL_SERIAL_WAIT_ON_MASK);UP;STATUS_SUCCESS;01 00 00 00 ;"....";4;;COM3;;
3670;27/08/2026 13:43:01;IRP_MJ_DEVICE_CONTROL (IOCTL_SERIAL_GET_COMMSTATUS);DOWN;;;"";;;COM3;;
3671;27/08/2026 13:43:01;IRP_MJ_DEVICE_CONTROL (IOCTL_SERIAL_GET_COMMSTATUS);UP;STATUS_SUCCESS;00 00 00 00 00 00 00 00 15 00 00 00 00 00 00 00 00 00 00 00 ;"....................";20;;COM3;;
3672;27/08/2026 13:43:01;IRP_MJ_DEVICE_CONTROL (IOCTL_SERIAL_WAIT_ON_MASK);DOWN;;;"";;;COM3;;
3673;27/08/2026 13:43:01;IRP_MJ_DEVICE_CONTROL (IOCTL_SERIAL_WAIT_ON_MASK);UP;STATUS_SUCCESS;01 00 00 00 ;"....";4;;COM3;;
3674;27/08/2026 13:43:01;IRP_MJ_DEVICE_CONTROL (IOCTL_SERIAL_GET_COMMSTATUS);DOWN;;;"";;;COM3;;
3675;27/08/2026 13:43:01;IRP_MJ_DEVICE_CONTROL (IOCTL_SERIAL_GET_COMMSTATUS);UP;STATUS_SUCCESS;00 00 00 00 00 00 00 00 16 00 00 00 00 00 00 00 00 00 00 00 ;"....................";20;;COM3;;
3676;27/08/2026 13:43:01;IRP_MJ_DEVICE_CONTROL (IOCTL_SERIAL_WAIT_ON_MASK);DOWN;;;"";;;COM3;;
3677;27/08/2026 13:43:01;IRP_MJ_DEVICE_CONTROL (IOCTL_SERIAL_WAIT_ON_MASK);UP;STATUS_SUCCESS;01 00 00 00 ;"....";4;;COM3;;
3678;27/08/2026 13:43:01;IRP_MJ_DEVICE_CONTROL (IOCTL_SERIAL_GET_COMMSTATUS);DOWN;;;"";;;COM3;;
3679;27/08/2026 13:43:01;IRP_MJ_DEVICE_CONTROL (IOCTL_SERIAL_GET_COMMSTATUS);UP;STATUS_SUCCESS;00 00 00 00 00 00 00 00 17 00 00 00 00 00 00 00 00 00 00 00 ;"....................";20;;COM3;;
3680;27/08/2026 13:43:01;IRP_MJ_DEVICE_CONTROL (IOCTL_SERIAL_WAIT_ON_MASK);DOWN;;;"";;;COM3;;
3681;27/08/2026 13:43:01;IRP_MJ_DEVICE_CONTROL (IOCTL_SERIAL_GET_COMMSTATUS);DOWN;;;"";;;COM3;;
3682;27/08/2026 13:43:01;IRP_MJ_DEVICE_CONTROL (IOCTL_SERIAL_GET_COMMSTATUS);UP;STATUS_SUCCESS;00 00 00 00 00 00 00 00 17 00 00 00 00 00 00 00 00 00 00 00 ;"....................";20;;COM3;;
3683;27/08/2026 13:43:01;IRP_MJ_DEVICE_CONTROL (IOCTL_SERIAL_WAIT_ON_MASK);UP;STATUS_SUCCESS;01 00 00 00 ;"....";4;;COM3;;
3684;27/08/2026 13:43:01;IRP_MJ_DEVICE_CONTROL (IOCTL_SERIAL_GET_COMMSTATUS);DOWN;;;"";;;COM3;;
3685;27/08/2026 13:43:01;IRP_MJ_DEVICE_CONTROL (IOCTL_SERIAL_GET_COMMSTATUS);UP;STATUS_SUCCESS;00 00 00 00 00 00 00 00 18 00 00 00 00 00 00 00 00 00 00 00 ;"....................";20;;COM3;;
3686;27/08/2026 13:43:01;IRP_MJ_DEVICE_CONTROL (IOCTL_SERIAL_WAIT_ON_MASK);DOWN;;;"";;;COM3;;
3687;27/08/2026 13:43:01;IRP_MJ_DEVICE_CONTROL (IOCTL_SERIAL_WAIT_ON_MASK);UP;STATUS_SUCCESS;01 00 00 00 ;"....";4;;COM3;;
3688;27/08/2026 13:43:01;IRP_MJ_DEVICE_CONTROL (IOCTL_SERIAL_GET_COMMSTATUS);DOWN;;;"";;;COM3;;
3689;27/08/2026 13:43:01;IRP_MJ_DEVICE_CONTROL (IOCTL_SERIAL_GET_COMMSTATUS);UP;STATUS_SUCCESS;00 00 00 00 00 00 00 00 19 00 00 00 00 00 00 00 00 00 00 00 ;"....................";20;;COM3;;
3690;27/08/2026 13:43:01;IRP_MJ_DEVICE_CONTROL (IOCTL_SERIAL_WAIT_ON_MASK);DOWN;;;"";;;COM3;;
3691;27/08/2026 13:43:01;IRP_MJ_DEVICE_CONTROL (IOCTL_SERIAL_WAIT_ON_MASK);UP;STATUS_SUCCESS;01 00 00 00 ;"....";4;;COM3;;
3692;27/08/2026 13:43:01;IRP_MJ_DEVICE_CONTROL (IOCTL_SERIAL_GET_COMMSTATUS);DOWN;;;"";;;COM3;;
3693;27/08/2026 13:43:01;IRP_MJ_DEVICE_CONTROL (IOCTL_SERIAL_GET_COMMSTATUS);UP;STATUS_SUCCESS;00 00 00 00 00 00 00 00 1a 00 00 00 00 00 00 00 00 00 00 00 ;"....................";20;;COM3;;
3694;27/08/2026 13:43:01;IRP_MJ_DEVICE_CONTROL (IOCTL_SERIAL_WAIT_ON_MASK);DOWN;;;"";;;COM3;;
3695;27/08/2026 13:43:01;IRP_MJ_DEVICE_CONTROL (IOCTL_SERIAL_WAIT_ON_MASK);UP;STATUS_SUCCESS;01 00 00 00 ;"....";4;;COM3;;
3696;27/08/2026 13:43:01;IRP_MJ_DEVICE_CONTROL (IOCTL_SERIAL_GET_COMMSTATUS);DOWN;;;"";;;COM3;;
3697;27/08/2026 13:43:01;IRP_MJ_DEVICE_CONTROL (IOCTL_SERIAL_GET_COMMSTATUS);UP;STATUS_SUCCESS;00 00 00 00 00 00 00 00 1b 00 00 00 00 00 00 00 00 00 00 00 ;"....................";20;;COM3;;
3698;27/08/2026 13:43:01;IRP_MJ_DEVICE_CONTROL (IOCTL_SERIAL_WAIT_ON_MASK);DOWN;;;"";;;COM3;;
3699;27/08/2026 13:43:01;IRP_MJ_DEVICE_CONTROL (IOCTL_SERIAL_WAIT_ON_MASK);UP;STATUS_SUCCESS;01 00 00 00 ;"....";4;;COM3;;
3700;27/08/2026 13:43:01;IRP_MJ_DEVICE_CONTROL (IOCTL_SERIAL_GET_COMMSTATUS);DOWN;;;"";;;COM3;;
3701;27/08/2026 13:43:01;IRP_MJ_DEVICE_CONTROL (IOCTL_SERIAL_GET_COMMSTATUS);UP;STATUS_SUCCESS;00 00 00 00 00 00 00 00 1c 00 00 00 00 00 00 00 00 00 00 00 ;"....................";20;;COM3;;
3702;27/08/2026 13:43:01;IRP_MJ_DEVICE_CONTROL (IOCTL_SERIAL_WAIT_ON_MASK);DOWN;;;"";;;COM3;;
3703;27/08/2026 13:43:01;IRP_MJ_DEVICE_CONTROL (IOCTL_SERIAL_WAIT_ON_MASK);UP;STATUS_SUCCESS;01 00 00 00 ;"....";4;;COM3;;
3704;27/08/2026 13:43:01;IRP_MJ_DEVICE_CONTROL (IOCTL_SERIAL_GET_COMMSTATUS);DOWN;;;"";;;COM3;;
3705;27/08/2026 13:43:01;IRP_MJ_DEVICE_CONTROL (IOCTL_SERIAL_GET_COMMSTATUS);UP;STATUS_SUCCESS;00 00 00 00 00 00 00 00 1d 00 00 00 00 00 00 00 00 00 00 00 ;"....................";20;;COM3;;
3706;27/08/2026 13:43:01;IRP_MJ_DEVICE_CONTROL (IOCTL_SERIAL_WAIT_ON_MASK);DOWN;;;"";;;COM3;;
3707;27/08/2026 13:43:01;IRP_MJ_DEVICE_CONTROL (IOCTL_SERIAL_WAIT_ON_MASK);UP;STATUS_SUCCESS;01 00 00 00 ;"....";4;;COM3;;
3708;27/08/2026 13:43:01;IRP_MJ_DEVICE_CONTROL (IOCTL_SERIAL_GET_COMMSTATUS);DOWN;;;"";;;COM3;;
3709;27/08/2026 13:43:01;IRP_MJ_DEVICE_CONTROL (IOCTL_SERIAL_GET_COMMSTATUS);UP;STATUS_SUCCESS;00 00 00 00 00 00 00 00 1e 00 00 00 00 00 00 00 00 00 00 00 ;"....................";20;;COM3;;
3710;27/08/2026 13:43:01;IRP_MJ_DEVICE_CONTROL (IOCTL_SERIAL_WAIT_ON_MASK);DOWN;;;"";;;COM3;;
3711;27/08/2026 13:43:01;IRP_MJ_DEVICE_CONTROL (IOCTL_SERIAL_GET_COMMSTATUS);DOWN;;;"";;;COM3;;
3712;27/08/2026 13:43:01;IRP_MJ_DEVICE_CONTROL (IOCTL_SERIAL_GET_COMMSTATUS);UP;STATUS_SUCCESS;00 00 00 00 00 00 00 00 1e 00 00 00 00 00 00 00 00 00 00 00 ;"....................";20;;COM3;;
3713;27/08/2026 13:43:01;IRP_MJ_DEVICE_CONTROL (IOCTL_SERIAL_WAIT_ON_MASK);UP;STATUS_SUCCESS;01 00 00 00 ;"....";4;;COM3;;
3714;27/08/2026 13:43:01;IRP_MJ_DEVICE_CONTROL (IOCTL_SERIAL_GET_COMMSTATUS);DOWN;;;"";;;COM3;;
3715;27/08/2026 13:43:01;IRP_MJ_DEVICE_CONTROL (IOCTL_SERIAL_GET_COMMSTATUS);UP;STATUS_SUCCESS;00 00 00 00 00 00 00 00 1f 00 00 00 00 00 00 00 00 00 00 00 ;"....................";20;;COM3;;
3716;27/08/2026 13:43:01;IRP_MJ_DEVICE_CONTROL (IOCTL_SERIAL_WAIT_ON_MASK);DOWN;;;"";;;COM3;;
3717;27/08/2026 13:43:01;IRP_MJ_DEVICE_CONTROL (IOCTL_SERIAL_WAIT_ON_MASK);UP;STATUS_SUCCESS;01 00 00 00 ;"....";4;;COM3;;
3718;27/08/2026 13:43:01;IRP_MJ_DEVICE_CONTROL (IOCTL_SERIAL_GET_COMMSTATUS);DOWN;;;"";;;COM3;;
3719;27/08/2026 13:43:01;IRP_MJ_DEVICE_CONTROL (IOCTL_SERIAL_GET_COMMSTATUS);UP;STATUS_SUCCESS;00 00 00 00 00 00 00 00 20 00 00 00 00 00 00 00 00 00 00 00 ;"........ ...........";20;;COM3;;
3720;27/08/2026 13:43:01;IRP_MJ_DEVICE_CONTROL (IOCTL_SERIAL_WAIT_ON_MASK);DOWN;;;"";;;COM3;;
3721;27/08/2026 13:43:01;IRP_MJ_DEVICE_CONTROL (IOCTL_SERIAL_WAIT_ON_MASK);UP;STATUS_SUCCESS;01 00 00 00 ;"....";4;;COM3;;
3722;27/08/2026 13:43:01;IRP_MJ_DEVICE_CONTROL (IOCTL_SERIAL_GET_COMMSTATUS);DOWN;;;"";;;COM3;;
3723;27/08/2026 13:43:01;IRP_MJ_DEVICE_CONTROL (IOCTL_SERIAL_GET_COMMSTATUS);UP;STATUS_SUCCESS;00 00 00 00 00 00 00 00 21 00 00 00 00 00 00 00 00 00 00 00 ;"........!...........";20;;COM3;;
3724;27/08/2026 13:43:01;IRP_MJ_DEVICE_CONTROL (IOCTL_SERIAL_WAIT_ON_MASK);DOWN;;;"";;;COM3;;
3725;27/08/2026 13:43:01;IRP_MJ_DEVICE_CONTROL (IOCTL_SERIAL_WAIT_ON_MASK);UP;STATUS_SUCCESS;01 00 00 00 ;"....";4;;COM3;;
3726;27/08/2026 13:43:01;IRP_MJ_DEVICE_CONTROL (IOCTL_SERIAL_GET_COMMSTATUS);DOWN;;;"";;;COM3;;
3727;27/08/2026 13:43:01;IRP_MJ_DEVICE_CONTROL (IOCTL_SERIAL_GET_COMMSTATUS);UP;STATUS_SUCCESS;00 00 00 00 00 00 00 00 22 00 00 00 00 00 00 00 00 00 00 00 ;"........""...........";20;;COM3;;
3728;27/08/2026 13:43:01;IRP_MJ_DEVICE_CONTROL (IOCTL_SERIAL_WAIT_ON_MASK);DOWN;;;"";;;COM3;;
3729;27/08/2026 13:43:01;IRP_MJ_DEVICE_CONTROL (IOCTL_SERIAL_WAIT_ON_MASK);UP;STATUS_SUCCESS;01 00 00 00 ;"....";4;;COM3;;
3730;27/08/2026 13:43:01;IRP_MJ_DEVICE_CONTROL (IOCTL_SERIAL_GET_COMMSTATUS);DOWN;;;"";;;COM3;;
3731;27/08/2026 13:43:01;IRP_MJ_DEVICE_CONTROL (IOCTL_SERIAL_GET_COMMSTATUS);UP;STATUS_SUCCESS;00 00 00 00 00 00 00 00 23 00 00 00 00 00 00 00 00 00 00 00 ;"........#...........";20;;COM3;;
3732;27/08/2026 13:43:01;IRP_MJ_DEVICE_CONTROL (IOCTL_SERIAL_WAIT_ON_MASK);DOWN;;;"";;;COM3;;
3733;27/08/2026 13:43:01;IRP_MJ_DEVICE_CONTROL (IOCTL_SERIAL_WAIT_ON_MASK);UP;STATUS_SUCCESS;01 00 00 00 ;"....";4;;COM3;;
3734;27/08/2026 13:43:01;IRP_MJ_DEVICE_CONTROL (IOCTL_SERIAL_GET_COMMSTATUS);DOWN;;;"";;;COM3;;
3735;27/08/2026 13:43:01;IRP_MJ_DEVICE_CONTROL (IOCTL_SERIAL_GET_COMMSTATUS);UP;STATUS_SUCCESS;00 00 00 00 00 00 00 00 24 00 00 00 00 00 00 00 00 00 00 00 ;"........$...........";20;;COM3;;
3736;27/08/2026 13:43:01;IRP_MJ_DEVICE_CONTROL (IOCTL_SERIAL_WAIT_ON_MASK);DOWN;;;"";;;COM3;;
3737;27/08/2026 13:43:01;IRP_MJ_DEVICE_CONTROL (IOCTL_SERIAL_WAIT_ON_MASK);UP;STATUS_SUCCESS;01 00 00 00 ;"....";4;;COM3;;
3738;27/08/2026 13:43:01;IRP_MJ_DEVICE_CONTROL (IOCTL_SERIAL_GET_COMMSTATUS);DOWN;;;"";;;COM3;;
3739;27/08/2026 13:43:01;IRP_MJ_DEVICE_CONTROL (IOCTL_SERIAL_GET_COMMSTATUS);UP;STATUS_SUCCESS;00 00 00 00 00 00 00 00 25 00 00 00 00 00 00 00 00 00 00 00 ;"........%...........";20;;COM3;;
3740;27/08/2026 13:43:01;IRP_MJ_DEVICE_CONTROL (IOCTL_SERIAL_WAIT_ON_MASK);DOWN;;;"";;;COM3;;
3741;27/08/2026 13:43:01;IRP_MJ_DEVICE_CONTROL (IOCTL_SERIAL_GET_COMMSTATUS);DOWN;;;"";;;COM3;;
3742;27/08/2026 13:43:01;IRP_MJ_DEVICE_CONTROL (IOCTL_SERIAL_GET_COMMSTATUS);UP;STATUS_SUCCESS;00 00 00 00 00 00 00 00 25 00 00 00 00 00 00 00 00 00 00 00 ;"........%...........";20;;COM3;;
3743;27/08/2026 13:43:01;IRP_MJ_DEVICE_CONTROL (IOCTL_SERIAL_WAIT_ON_MASK);UP;STATUS_SUCCESS;01 00 00 00 ;"....";4;;COM3;;
3744;27/08/2026 13:43:01;IRP_MJ_DEVICE_CONTROL (IOCTL_SERIAL_GET_COMMSTATUS);DOWN;;;"";;;COM3;;
3745;27/08/2026 13:43:01;IRP_MJ_DEVICE_CONTROL (IOCTL_SERIAL_GET_COMMSTATUS);UP;STATUS_SUCCESS;00 00 00 00 00 00 00 00 26 00 00 00 00 00 00 00 00 00 00 00 ;"........&...........";20;;COM3;;
3746;27/08/2026 13:43:01;IRP_MJ_DEVICE_CONTROL (IOCTL_SERIAL_WAIT_ON_MASK);DOWN;;;"";;;COM3;;
3747;27/08/2026 13:43:01;IRP_MJ_DEVICE_CONTROL (IOCTL_SERIAL_WAIT_ON_MASK);UP;STATUS_SUCCESS;01 00 00 00 ;"....";4;;COM3;;
3748;27/08/2026 13:43:01;IRP_MJ_DEVICE_CONTROL (IOCTL_SERIAL_GET_COMMSTATUS);DOWN;;;"";;;COM3;;
3749;27/08/2026 13:43:01;IRP_MJ_DEVICE_CONTROL (IOCTL_SERIAL_GET_COMMSTATUS);UP;STATUS_SUCCESS;00 00 00 00 00 00 00 00 27 00 00 00 00 00 00 00 00 00 00 00 ;"........'...........";20;;COM3;;
3750;27/08/2026 13:43:01;IRP_MJ_DEVICE_CONTROL (IOCTL_SERIAL_WAIT_ON_MASK);DOWN;;;"";;;COM3;;
3751;27/08/2026 13:43:01;IRP_MJ_DEVICE_CONTROL (IOCTL_SERIAL_WAIT_ON_MASK);UP;STATUS_SUCCESS;01 00 00 00 ;"....";4;;COM3;;
3752;27/08/2026 13:43:01;IRP_MJ_DEVICE_CONTROL (IOCTL_SERIAL_GET_COMMSTATUS);DOWN;;;"";;;COM3;;
3753;27/08/2026 13:43:01;IRP_MJ_DEVICE_CONTROL (IOCTL_SERIAL_GET_COMMSTATUS);UP;STATUS_SUCCESS;00 00 00 00 00 00 00 00 28 00 00 00 00 00 00 00 00 00 00 00 ;"........(...........";20;;COM3;;
3754;27/08/2026 13:43:01;IRP_MJ_DEVICE_CONTROL (IOCTL_SERIAL_WAIT_ON_MASK);DOWN;;;"";;;COM3;;
3755;27/08/2026 13:43:01;IRP_MJ_DEVICE_CONTROL (IOCTL_SERIAL_WAIT_ON_MASK);UP;STATUS_SUCCESS;01 00 00 00 ;"....";4;;COM3;;
3756;27/08/2026 13:43:01;IRP_MJ_DEVICE_CONTROL (IOCTL_SERIAL_GET_COMMSTATUS);DOWN;;;"";;;COM3;;
3757;27/08/2026 13:43:01;IRP_MJ_DEVICE_CONTROL (IOCTL_SERIAL_GET_COMMSTATUS);UP;STATUS_SUCCESS;00 00 00 00 00 00 00 00 29 00 00 00 00 00 00 00 00 00 00 00 ;"........)...........";20;;COM3;;
3758;27/08/2026 13:43:01;IRP_MJ_DEVICE_CONTROL (IOCTL_SERIAL_WAIT_ON_MASK);DOWN;;;"";;;COM3;;
3759;27/08/2026 13:43:01;IRP_MJ_DEVICE_CONTROL (IOCTL_SERIAL_WAIT_ON_MASK);UP;STATUS_SUCCESS;01 00 00 00 ;"....";4;;COM3;;
3760;27/08/2026 13:43:01;IRP_MJ_DEVICE_CONTROL (IOCTL_SERIAL_GET_COMMSTATUS);DOWN;;;"";;;COM3;;
3761;27/08/2026 13:43:01;IRP_MJ_DEVICE_CONTROL (IOCTL_SERIAL_GET_COMMSTATUS);UP;STATUS_SUCCESS;00 00 00 00 00 00 00 00 2a 00 00 00 00 00 00 00 00 00 00 00 ;"........*...........";20;;COM3;;
3762;27/08/2026 13:43:01;IRP_MJ_DEVICE_CONTROL (IOCTL_SERIAL_WAIT_ON_MASK);DOWN;;;"";;;COM3;;
3763;27/08/2026 13:43:01;IRP_MJ_DEVICE_CONTROL (IOCTL_SERIAL_WAIT_ON_MASK);UP;STATUS_SUCCESS;01 00 00 00 ;"....";4;;COM3;;
3764;27/08/2026 13:43:01;IRP_MJ_DEVICE_CONTROL (IOCTL_SERIAL_GET_COMMSTATUS);DOWN;;;"";;;COM3;;
3765;27/08/2026 13:43:01;IRP_MJ_DEVICE_CONTROL (IOCTL_SERIAL_GET_COMMSTATUS);UP;STATUS_SUCCESS;00 00 00 00 00 00 00 00 2b 00 00 00 00 00 00 00 00 00 00 00 ;"........+...........";20;;COM3;;
3766;27/08/2026 13:43:01;IRP_MJ_DEVICE_CONTROL (IOCTL_SERIAL_WAIT_ON_MASK);DOWN;;;"";;;COM3;;
3767;27/08/2026 13:43:01;IRP_MJ_DEVICE_CONTROL (IOCTL_SERIAL_GET_COMMSTATUS);DOWN;;;"";;;COM3;;
3768;27/08/2026 13:43:01;IRP_MJ_DEVICE_CONTROL (IOCTL_SERIAL_GET_COMMSTATUS);UP;STATUS_SUCCESS;00 00 00 00 00 00 00 00 2b 00 00 00 00 00 00 00 00 00 00 00 ;"........+...........";20;;COM3;;
3769;27/08/2026 13:43:01;IRP_MJ_DEVICE_CONTROL (IOCTL_SERIAL_WAIT_ON_MASK);UP;STATUS_SUCCESS;01 00 00 00 ;"....";4;;COM3;;
3770;27/08/2026 13:43:01;IRP_MJ_DEVICE_CONTROL (IOCTL_SERIAL_GET_COMMSTATUS);DOWN;;;"";;;COM3;;
3771;27/08/2026 13:43:01;IRP_MJ_DEVICE_CONTROL (IOCTL_SERIAL_GET_COMMSTATUS);UP;STATUS_SUCCESS;00 00 00 00 00 00 00 00 2c 00 00 00 00 00 00 00 00 00 00 00 ;"........,...........";20;;COM3;;
3772;27/08/2026 13:43:01;IRP_MJ_DEVICE_CONTROL (IOCTL_SERIAL_WAIT_ON_MASK);DOWN;;;"";;;COM3;;
3773;27/08/2026 13:43:01;IRP_MJ_DEVICE_CONTROL (IOCTL_SERIAL_WAIT_ON_MASK);UP;STATUS_SUCCESS;01 00 00 00 ;"....";4;;COM3;;
3774;27/08/2026 13:43:01;IRP_MJ_DEVICE_CONTROL (IOCTL_SERIAL_GET_COMMSTATUS);DOWN;;;"";;;COM3;;
3775;27/08/2026 13:43:01;IRP_MJ_DEVICE_CONTROL (IOCTL_SERIAL_GET_COMMSTATUS);UP;STATUS_SUCCESS;00 00 00 00 00 00 00 00 2d 00 00 00 00 00 00 00 00 00 00 00 ;"........-...........";20;;COM3;;
3776;27/08/2026 13:43:01;IRP_MJ_DEVICE_CONTROL (IOCTL_SERIAL_WAIT_ON_MASK);DOWN;;;"";;;COM3;;
3777;27/08/2026 13:43:01;IRP_MJ_DEVICE_CONTROL (IOCTL_SERIAL_WAIT_ON_MASK);UP;STATUS_SUCCESS;01 00 00 00 ;"....";4;;COM3;;
3778;27/08/2026 13:43:01;IRP_MJ_DEVICE_CONTROL (IOCTL_SERIAL_GET_COMMSTATUS);DOWN;;;"";;;COM3;;
3779;27/08/2026 13:43:01;IRP_MJ_DEVICE_CONTROL (IOCTL_SERIAL_GET_COMMSTATUS);UP;STATUS_SUCCESS;00 00 00 00 00 00 00 00 2e 00 00 00 00 00 00 00 00 00 00 00 ;"....................";20;;COM3;;
3780;27/08/2026 13:43:01;IRP_MJ_DEVICE_CONTROL (IOCTL_SERIAL_WAIT_ON_MASK);DOWN;;;"";;;COM3;;
3781;27/08/2026 13:43:01;IRP_MJ_DEVICE_CONTROL (IOCTL_SERIAL_WAIT_ON_MASK);UP;STATUS_SUCCESS;01 00 00 00 ;"....";4;;COM3;;
3782;27/08/2026 13:43:01;IRP_MJ_DEVICE_CONTROL (IOCTL_SERIAL_GET_COMMSTATUS);DOWN;;;"";;;COM3;;
3783;27/08/2026 13:43:01;IRP_MJ_DEVICE_CONTROL (IOCTL_SERIAL_GET_COMMSTATUS);UP;STATUS_SUCCESS;00 00 00 00 00 00 00 00 2f 00 00 00 00 00 00 00 00 00 00 00 ;"......../...........";20;;COM3;;
3784;27/08/2026 13:43:01;IRP_MJ_DEVICE_CONTROL (IOCTL_SERIAL_WAIT_ON_MASK);DOWN;;;"";;;COM3;;
3785;27/08/2026 13:43:01;IRP_MJ_DEVICE_CONTROL (IOCTL_SERIAL_GET_COMMSTATUS);DOWN;;;"";;;COM3;;
3786;27/08/2026 13:43:01;IRP_MJ_DEVICE_CONTROL (IOCTL_SERIAL_GET_COMMSTATUS);UP;STATUS_SUCCESS;00 00 00 00 00 00 00 00 2f 00 00 00 00 00 00 00 00 00 00 00 ;"......../...........";20;;COM3;;
3787;27/08/2026 13:43:01;IRP_MJ_DEVICE_CONTROL (IOCTL_SERIAL_GET_COMMSTATUS);DOWN;;;"";;;COM3;;
3788;27/08/2026 13:43:01;IRP_MJ_DEVICE_CONTROL (IOCTL_SERIAL_GET_COMMSTATUS);UP;STATUS_SUCCESS;00 00 00 00 00 00 00 00 2f 00 00 00 00 00 00 00 00 00 00 00 ;"......../...........";20;;COM3;;
3789;27/08/2026 13:43:01;IRP_MJ_READ;DOWN;;;"";;47;COM3;;
3790;27/08/2026 13:43:01;IRP_MJ_READ;UP;STATUS_SUCCESS;04 03 2a 00 01 00 00 00 00 00 00 00 00 00 7d 00 00 00 00 00 2c 00 00 00 00 00 00 00 20 00 00 00 0c 02 58 00 00 00 02 00 00 00 00 00 00 02 6b ;"..*...........}.....,....... .....X...........k";47;;COM3;;
3791;27/08/2026 13:43:02;IRP_MJ_WRITE;DOWN;;04 03 62 71 00 4f 4b c8 ;"..bq.OK»";8;8;COM3;;
3792;27/08/2026 13:43:02;IRP_MJ_WRITE;UP;STATUS_SUCCESS;04 03 62 71 00 4f 4b c8 ;"..bq.OK»";8;;COM3;;
3793;27/08/2026 13:43:02;IRP_MJ_DEVICE_CONTROL (IOCTL_SERIAL_GET_COMMSTATUS);DOWN;;;"";;;COM3;;
3794;27/08/2026 13:43:02;IRP_MJ_DEVICE_CONTROL (IOCTL_SERIAL_GET_COMMSTATUS);UP;STATUS_SUCCESS;00 00 00 00 00 00 00 00 00 00 00 00 00 00 00 00 00 00 00 00 ;"....................";20;;COM3;;
3795;27/08/2026 13:43:02;IRP_MJ_DEVICE_CONTROL (IOCTL_SERIAL_GET_COMMSTATUS);DOWN;;;"";;;COM3;;
3796;27/08/2026 13:43:02;IRP_MJ_DEVICE_CONTROL (IOCTL_SERIAL_GET_COMMSTATUS);UP;STATUS_SUCCESS;00 00 00 00 00 00 00 00 00 00 00 00 00 00 00 00 00 00 00 00 ;"....................";20;;COM3;;
3797;27/08/2026 13:43:02;IRP_MJ_DEVICE_CONTROL (IOCTL_SERIAL_GET_COMMSTATUS);DOWN;;;"";;;COM3;;
3798;27/08/2026 13:43:02;IRP_MJ_DEVICE_CONTROL (IOCTL_SERIAL_GET_COMMSTATUS);UP;STATUS_SUCCESS;00 00 00 00 00 00 00 00 00 00 00 00 00 00 00 00 00 00 00 00 ;"....................";20;;COM3;;
3799;27/08/2026 13:43:02;IRP_MJ_DEVICE_CONTROL (IOCTL_SERIAL_GET_COMMSTATUS);DOWN;;;"";;;COM3;;
3800;27/08/2026 13:43:02;IRP_MJ_DEVICE_CONTROL (IOCTL_SERIAL_GET_COMMSTATUS);UP;STATUS_SUCCESS;00 00 00 00 00 00 00 00 00 00 00 00 00 00 00 00 00 00 00 00 ;"....................";20;;COM3;;
3801;27/08/2026 13:43:02;IRP_MJ_DEVICE_CONTROL (IOCTL_SERIAL_GET_COMMSTATUS);DOWN;;;"";;;COM3;;
3802;27/08/2026 13:43:02;IRP_MJ_DEVICE_CONTROL (IOCTL_SERIAL_GET_COMMSTATUS);UP;STATUS_SUCCESS;00 00 00 00 00 00 00 00 00 00 00 00 00 00 00 00 00 00 00 00 ;"....................";20;;COM3;;
3803;27/08/2026 13:43:02;IRP_MJ_DEVICE_CONTROL (IOCTL_SERIAL_GET_COMMSTATUS);DOWN;;;"";;;COM3;;
3804;27/08/2026 13:43:02;IRP_MJ_DEVICE_CONTROL (IOCTL_SERIAL_GET_COMMSTATUS);UP;STATUS_SUCCESS;00 00 00 00 00 00 00 00 00 00 00 00 00 00 00 00 00 00 00 00 ;"....................";20;;COM3;;
3805;27/08/2026 13:43:02;IRP_MJ_DEVICE_CONTROL (IOCTL_SERIAL_GET_COMMSTATUS);DOWN;;;"";;;COM3;;
3806;27/08/2026 13:43:02;IRP_MJ_DEVICE_CONTROL (IOCTL_SERIAL_GET_COMMSTATUS);UP;STATUS_SUCCESS;00 00 00 00 00 00 00 00 00 00 00 00 00 00 00 00 00 00 00 00 ;"....................";20;;COM3;;
3807;27/08/2026 13:43:02;IRP_MJ_DEVICE_CONTROL (IOCTL_SERIAL_GET_COMMSTATUS);DOWN;;;"";;;COM3;;
3808;27/08/2026 13:43:02;IRP_MJ_DEVICE_CONTROL (IOCTL_SERIAL_GET_COMMSTATUS);UP;STATUS_SUCCESS;00 00 00 00 00 00 00 00 00 00 00 00 00 00 00 00 00 00 00 00 ;"....................";20;;COM3;;
3809;27/08/2026 13:43:02;IRP_MJ_DEVICE_CONTROL (IOCTL_SERIAL_GET_COMMSTATUS);DOWN;;;"";;;COM3;;
3810;27/08/2026 13:43:02;IRP_MJ_DEVICE_CONTROL (IOCTL_SERIAL_GET_COMMSTATUS);UP;STATUS_SUCCESS;00 00 00 00 00 00 00 00 00 00 00 00 00 00 00 00 00 00 00 00 ;"....................";20;;COM3;;
3811;27/08/2026 13:43:02;IRP_MJ_DEVICE_CONTROL (IOCTL_SERIAL_GET_COMMSTATUS);DOWN;;;"";;;COM3;;
3812;27/08/2026 13:43:02;IRP_MJ_DEVICE_CONTROL (IOCTL_SERIAL_GET_COMMSTATUS);UP;STATUS_SUCCESS;00 00 00 00 00 00 00 00 00 00 00 00 00 00 00 00 00 00 00 00 ;"....................";20;;COM3;;
3813;27/08/2026 13:43:02;IRP_MJ_DEVICE_CONTROL (IOCTL_SERIAL_GET_COMMSTATUS);DOWN;;;"";;;COM3;;
3814;27/08/2026 13:43:02;IRP_MJ_DEVICE_CONTROL (IOCTL_SERIAL_GET_COMMSTATUS);UP;STATUS_SUCCESS;00 00 00 00 00 00 00 00 00 00 00 00 00 00 00 00 00 00 00 00 ;"....................";20;;COM3;;
3815;27/08/2026 13:43:02;IRP_MJ_DEVICE_CONTROL (IOCTL_SERIAL_GET_COMMSTATUS);DOWN;;;"";;;COM3;;
3816;27/08/2026 13:43:02;IRP_MJ_DEVICE_CONTROL (IOCTL_SERIAL_GET_COMMSTATUS);UP;STATUS_SUCCESS;00 00 00 00 00 00 00 00 00 00 00 00 00 00 00 00 00 00 00 00 ;"....................";20;;COM3;;
3817;27/08/2026 13:43:02;IRP_MJ_DEVICE_CONTROL (IOCTL_SERIAL_WAIT_ON_MASK);UP;STATUS_SUCCESS;01 00 00 00 ;"....";4;;COM3;;
3818;27/08/2026 13:43:02;IRP_MJ_DEVICE_CONTROL (IOCTL_SERIAL_GET_COMMSTATUS);DOWN;;;"";;;COM3;;
3819;27/08/2026 13:43:02;IRP_MJ_DEVICE_CONTROL (IOCTL_SERIAL_GET_COMMSTATUS);UP;STATUS_SUCCESS;00 00 00 00 00 00 00 00 01 00 00 00 00 00 00 00 00 00 00 00 ;"....................";20;;COM3;;
3820;27/08/2026 13:43:02;IRP_MJ_DEVICE_CONTROL (IOCTL_SERIAL_WAIT_ON_MASK);DOWN;;;"";;;COM3;;
3821;27/08/2026 13:43:02;IRP_MJ_DEVICE_CONTROL (IOCTL_SERIAL_WAIT_ON_MASK);UP;STATUS_SUCCESS;01 00 00 00 ;"....";4;;COM3;;
3822;27/08/2026 13:43:02;IRP_MJ_DEVICE_CONTROL (IOCTL_SERIAL_GET_COMMSTATUS);DOWN;;;"";;;COM3;;
3823;27/08/2026 13:43:02;IRP_MJ_DEVICE_CONTROL (IOCTL_SERIAL_GET_COMMSTATUS);UP;STATUS_SUCCESS;00 00 00 00 00 00 00 00 02 00 00 00 00 00 00 00 00 00 00 00 ;"....................";20;;COM3;;
3824;27/08/2026 13:43:02;IRP_MJ_DEVICE_CONTROL (IOCTL_SERIAL_WAIT_ON_MASK);DOWN;;;"";;;COM3;;
3825;27/08/2026 13:43:02;IRP_MJ_DEVICE_CONTROL (IOCTL_SERIAL_WAIT_ON_MASK);UP;STATUS_SUCCESS;01 00 00 00 ;"....";4;;COM3;;
3826;27/08/2026 13:43:02;IRP_MJ_DEVICE_CONTROL (IOCTL_SERIAL_GET_COMMSTATUS);DOWN;;;"";;;COM3;;
3827;27/08/2026 13:43:02;IRP_MJ_DEVICE_CONTROL (IOCTL_SERIAL_GET_COMMSTATUS);UP;STATUS_SUCCESS;00 00 00 00 00 00 00 00 03 00 00 00 00 00 00 00 00 00 00 00 ;"....................";20;;COM3;;
3828;27/08/2026 13:43:02;IRP_MJ_DEVICE_CONTROL (IOCTL_SERIAL_WAIT_ON_MASK);DOWN;;;"";;;COM3;;
3829;27/08/2026 13:43:02;IRP_MJ_DEVICE_CONTROL (IOCTL_SERIAL_WAIT_ON_MASK);UP;STATUS_SUCCESS;01 00 00 00 ;"....";4;;COM3;;
3830;27/08/2026 13:43:02;IRP_MJ_DEVICE_CONTROL (IOCTL_SERIAL_GET_COMMSTATUS);DOWN;;;"";;;COM3;;
3831;27/08/2026 13:43:02;IRP_MJ_DEVICE_CONTROL (IOCTL_SERIAL_GET_COMMSTATUS);UP;STATUS_SUCCESS;00 00 00 00 00 00 00 00 04 00 00 00 00 00 00 00 00 00 00 00 ;"....................";20;;COM3;;
3832;27/08/2026 13:43:02;IRP_MJ_DEVICE_CONTROL (IOCTL_SERIAL_WAIT_ON_MASK);DOWN;;;"";;;COM3;;
3833;27/08/2026 13:43:02;IRP_MJ_DEVICE_CONTROL (IOCTL_SERIAL_WAIT_ON_MASK);UP;STATUS_SUCCESS;01 00 00 00 ;"....";4;;COM3;;
3834;27/08/2026 13:43:02;IRP_MJ_DEVICE_CONTROL (IOCTL_SERIAL_GET_COMMSTATUS);DOWN;;;"";;;COM3;;
3835;27/08/2026 13:43:02;IRP_MJ_DEVICE_CONTROL (IOCTL_SERIAL_GET_COMMSTATUS);UP;STATUS_SUCCESS;00 00 00 00 00 00 00 00 05 00 00 00 00 00 00 00 00 00 00 00 ;"....................";20;;COM3;;
3836;27/08/2026 13:43:02;IRP_MJ_DEVICE_CONTROL (IOCTL_SERIAL_WAIT_ON_MASK);DOWN;;;"";;;COM3;;
3837;27/08/2026 13:43:02;IRP_MJ_DEVICE_CONTROL (IOCTL_SERIAL_GET_COMMSTATUS);DOWN;;;"";;;COM3;;
3838;27/08/2026 13:43:02;IRP_MJ_DEVICE_CONTROL (IOCTL_SERIAL_GET_COMMSTATUS);UP;STATUS_SUCCESS;00 00 00 00 00 00 00 00 05 00 00 00 00 00 00 00 00 00 00 00 ;"....................";20;;COM3;;
3839;27/08/2026 13:43:02;IRP_MJ_DEVICE_CONTROL (IOCTL_SERIAL_WAIT_ON_MASK);UP;STATUS_SUCCESS;01 00 00 00 ;"....";4;;COM3;;
3840;27/08/2026 13:43:02;IRP_MJ_DEVICE_CONTROL (IOCTL_SERIAL_GET_COMMSTATUS);DOWN;;;"";;;COM3;;
3841;27/08/2026 13:43:02;IRP_MJ_DEVICE_CONTROL (IOCTL_SERIAL_GET_COMMSTATUS);UP;STATUS_SUCCESS;00 00 00 00 00 00 00 00 06 00 00 00 00 00 00 00 00 00 00 00 ;"....................";20;;COM3;;
3842;27/08/2026 13:43:02;IRP_MJ_DEVICE_CONTROL (IOCTL_SERIAL_WAIT_ON_MASK);DOWN;;;"";;;COM3;;
3843;27/08/2026 13:43:02;IRP_MJ_DEVICE_CONTROL (IOCTL_SERIAL_WAIT_ON_MASK);UP;STATUS_SUCCESS;01 00 00 00 ;"....";4;;COM3;;
3844;27/08/2026 13:43:02;IRP_MJ_DEVICE_CONTROL (IOCTL_SERIAL_GET_COMMSTATUS);DOWN;;;"";;;COM3;;
3845;27/08/2026 13:43:02;IRP_MJ_DEVICE_CONTROL (IOCTL_SERIAL_GET_COMMSTATUS);UP;STATUS_SUCCESS;00 00 00 00 00 00 00 00 07 00 00 00 00 00 00 00 00 00 00 00 ;"....................";20;;COM3;;
3846;27/08/2026 13:43:02;IRP_MJ_DEVICE_CONTROL (IOCTL_SERIAL_WAIT_ON_MASK);DOWN;;;"";;;COM3;;
3847;27/08/2026 13:43:02;IRP_MJ_DEVICE_CONTROL (IOCTL_SERIAL_WAIT_ON_MASK);UP;STATUS_SUCCESS;01 00 00 00 ;"....";4;;COM3;;
3848;27/08/2026 13:43:02;IRP_MJ_DEVICE_CONTROL (IOCTL_SERIAL_GET_COMMSTATUS);DOWN;;;"";;;COM3;;
3849;27/08/2026 13:43:02;IRP_MJ_DEVICE_CONTROL (IOCTL_SERIAL_GET_COMMSTATUS);UP;STATUS_SUCCESS;00 00 00 00 00 00 00 00 08 00 00 00 00 00 00 00 00 00 00 00 ;"....................";20;;COM3;;
3850;27/08/2026 13:43:02;IRP_MJ_DEVICE_CONTROL (IOCTL_SERIAL_WAIT_ON_MASK);DOWN;;;"";;;COM3;;
3851;27/08/2026 13:43:02;IRP_MJ_DEVICE_CONTROL (IOCTL_SERIAL_WAIT_ON_MASK);UP;STATUS_SUCCESS;01 00 00 00 ;"....";4;;COM3;;
3852;27/08/2026 13:43:02;IRP_MJ_DEVICE_CONTROL (IOCTL_SERIAL_GET_COMMSTATUS);DOWN;;;"";;;COM3;;
3853;27/08/2026 13:43:02;IRP_MJ_DEVICE_CONTROL (IOCTL_SERIAL_GET_COMMSTATUS);UP;STATUS_SUCCESS;00 00 00 00 00 00 00 00 09 00 00 00 00 00 00 00 00 00 00 00 ;"....................";20;;COM3;;
3854;27/08/2026 13:43:02;IRP_MJ_DEVICE_CONTROL (IOCTL_SERIAL_WAIT_ON_MASK);DOWN;;;"";;;COM3;;
3855;27/08/2026 13:43:02;IRP_MJ_DEVICE_CONTROL (IOCTL_SERIAL_WAIT_ON_MASK);UP;STATUS_SUCCESS;01 00 00 00 ;"....";4;;COM3;;
3856;27/08/2026 13:43:02;IRP_MJ_DEVICE_CONTROL (IOCTL_SERIAL_GET_COMMSTATUS);DOWN;;;"";;;COM3;;
3857;27/08/2026 13:43:02;IRP_MJ_DEVICE_CONTROL (IOCTL_SERIAL_GET_COMMSTATUS);UP;STATUS_SUCCESS;00 00 00 00 00 00 00 00 0a 00 00 00 00 00 00 00 00 00 00 00 ;"....................";20;;COM3;;
3858;27/08/2026 13:43:02;IRP_MJ_DEVICE_CONTROL (IOCTL_SERIAL_WAIT_ON_MASK);DOWN;;;"";;;COM3;;
3859;27/08/2026 13:43:02;IRP_MJ_DEVICE_CONTROL (IOCTL_SERIAL_WAIT_ON_MASK);UP;STATUS_SUCCESS;01 00 00 00 ;"....";4;;COM3;;
3860;27/08/2026 13:43:02;IRP_MJ_DEVICE_CONTROL (IOCTL_SERIAL_GET_COMMSTATUS);DOWN;;;"";;;COM3;;
3861;27/08/2026 13:43:02;IRP_MJ_DEVICE_CONTROL (IOCTL_SERIAL_GET_COMMSTATUS);UP;STATUS_SUCCESS;00 00 00 00 00 00 00 00 0b 00 00 00 00 00 00 00 00 00 00 00 ;"....................";20;;COM3;;
3862;27/08/2026 13:43:02;IRP_MJ_DEVICE_CONTROL (IOCTL_SERIAL_WAIT_ON_MASK);DOWN;;;"";;;COM3;;
3863;27/08/2026 13:43:02;IRP_MJ_DEVICE_CONTROL (IOCTL_SERIAL_GET_COMMSTATUS);DOWN;;;"";;;COM3;;
3864;27/08/2026 13:43:02;IRP_MJ_DEVICE_CONTROL (IOCTL_SERIAL_GET_COMMSTATUS);UP;STATUS_SUCCESS;00 00 00 00 00 00 00 00 0b 00 00 00 00 00 00 00 00 00 00 00 ;"....................";20;;COM3;;
3865;27/08/2026 13:43:02;IRP_MJ_DEVICE_CONTROL (IOCTL_SERIAL_WAIT_ON_MASK);UP;STATUS_SUCCESS;01 00 00 00 ;"....";4;;COM3;;
3866;27/08/2026 13:43:02;IRP_MJ_DEVICE_CONTROL (IOCTL_SERIAL_GET_COMMSTATUS);DOWN;;;"";;;COM3;;
3867;27/08/2026 13:43:02;IRP_MJ_DEVICE_CONTROL (IOCTL_SERIAL_GET_COMMSTATUS);UP;STATUS_SUCCESS;00 00 00 00 00 00 00 00 0c 00 00 00 00 00 00 00 00 00 00 00 ;"....................";20;;COM3;;
3868;27/08/2026 13:43:02;IRP_MJ_DEVICE_CONTROL (IOCTL_SERIAL_WAIT_ON_MASK);DOWN;;;"";;;COM3;;
3869;27/08/2026 13:43:02;IRP_MJ_DEVICE_CONTROL (IOCTL_SERIAL_WAIT_ON_MASK);UP;STATUS_SUCCESS;01 00 00 00 ;"....";4;;COM3;;
3870;27/08/2026 13:43:02;IRP_MJ_DEVICE_CONTROL (IOCTL_SERIAL_GET_COMMSTATUS);DOWN;;;"";;;COM3;;
3871;27/08/2026 13:43:02;IRP_MJ_DEVICE_CONTROL (IOCTL_SERIAL_GET_COMMSTATUS);UP;STATUS_SUCCESS;00 00 00 00 00 00 00 00 0d 00 00 00 00 00 00 00 00 00 00 00 ;"....................";20;;COM3;;
3872;27/08/2026 13:43:02;IRP_MJ_DEVICE_CONTROL (IOCTL_SERIAL_WAIT_ON_MASK);DOWN;;;"";;;COM3;;
3873;27/08/2026 13:43:02;IRP_MJ_DEVICE_CONTROL (IOCTL_SERIAL_WAIT_ON_MASK);UP;STATUS_SUCCESS;01 00 00 00 ;"....";4;;COM3;;
3874;27/08/2026 13:43:02;IRP_MJ_DEVICE_CONTROL (IOCTL_SERIAL_GET_COMMSTATUS);DOWN;;;"";;;COM3;;
3875;27/08/2026 13:43:02;IRP_MJ_DEVICE_CONTROL (IOCTL_SERIAL_GET_COMMSTATUS);UP;STATUS_SUCCESS;00 00 00 00 00 00 00 00 0e 00 00 00 00 00 00 00 00 00 00 00 ;"....................";20;;COM3;;
3876;27/08/2026 13:43:02;IRP_MJ_DEVICE_CONTROL (IOCTL_SERIAL_WAIT_ON_MASK);DOWN;;;"";;;COM3;;
3877;27/08/2026 13:43:02;IRP_MJ_DEVICE_CONTROL (IOCTL_SERIAL_WAIT_ON_MASK);UP;STATUS_SUCCESS;01 00 00 00 ;"....";4;;COM3;;
3878;27/08/2026 13:43:02;IRP_MJ_DEVICE_CONTROL (IOCTL_SERIAL_GET_COMMSTATUS);DOWN;;;"";;;COM3;;
3879;27/08/2026 13:43:02;IRP_MJ_DEVICE_CONTROL (IOCTL_SERIAL_GET_COMMSTATUS);UP;STATUS_SUCCESS;00 00 00 00 00 00 00 00 0f 00 00 00 00 00 00 00 00 00 00 00 ;"....................";20;;COM3;;
3880;27/08/2026 13:43:02;IRP_MJ_DEVICE_CONTROL (IOCTL_SERIAL_WAIT_ON_MASK);DOWN;;;"";;;COM3;;
3881;27/08/2026 13:43:02;IRP_MJ_DEVICE_CONTROL (IOCTL_SERIAL_WAIT_ON_MASK);UP;STATUS_SUCCESS;01 00 00 00 ;"....";4;;COM3;;
3882;27/08/2026 13:43:02;IRP_MJ_DEVICE_CONTROL (IOCTL_SERIAL_GET_COMMSTATUS);DOWN;;;"";;;COM3;;
3883;27/08/2026 13:43:02;IRP_MJ_DEVICE_CONTROL (IOCTL_SERIAL_GET_COMMSTATUS);UP;STATUS_SUCCESS;00 00 00 00 00 00 00 00 10 00 00 00 00 00 00 00 00 00 00 00 ;"....................";20;;COM3;;
3884;27/08/2026 13:43:02;IRP_MJ_DEVICE_CONTROL (IOCTL_SERIAL_WAIT_ON_MASK);DOWN;;;"";;;COM3;;
3885;27/08/2026 13:43:02;IRP_MJ_DEVICE_CONTROL (IOCTL_SERIAL_WAIT_ON_MASK);UP;STATUS_SUCCESS;01 00 00 00 ;"....";4;;COM3;;
3886;27/08/2026 13:43:02;IRP_MJ_DEVICE_CONTROL (IOCTL_SERIAL_GET_COMMSTATUS);DOWN;;;"";;;COM3;;
3887;27/08/2026 13:43:02;IRP_MJ_DEVICE_CONTROL (IOCTL_SERIAL_GET_COMMSTATUS);UP;STATUS_SUCCESS;00 00 00 00 00 00 00 00 11 00 00 00 00 00 00 00 00 00 00 00 ;"....................";20;;COM3;;
3888;27/08/2026 13:43:02;IRP_MJ_DEVICE_CONTROL (IOCTL_SERIAL_WAIT_ON_MASK);DOWN;;;"";;;COM3;;
3889;27/08/2026 13:43:02;IRP_MJ_DEVICE_CONTROL (IOCTL_SERIAL_WAIT_ON_MASK);UP;STATUS_SUCCESS;01 00 00 00 ;"....";4;;COM3;;
3890;27/08/2026 13:43:02;IRP_MJ_DEVICE_CONTROL (IOCTL_SERIAL_GET_COMMSTATUS);DOWN;;;"";;;COM3;;
3891;27/08/2026 13:43:02;IRP_MJ_DEVICE_CONTROL (IOCTL_SERIAL_GET_COMMSTATUS);UP;STATUS_SUCCESS;00 00 00 00 00 00 00 00 12 00 00 00 00 00 00 00 00 00 00 00 ;"....................";20;;COM3;;
3892;27/08/2026 13:43:02;IRP_MJ_DEVICE_CONTROL (IOCTL_SERIAL_WAIT_ON_MASK);DOWN;;;"";;;COM3;;
3893;27/08/2026 13:43:02;IRP_MJ_DEVICE_CONTROL (IOCTL_SERIAL_GET_COMMSTATUS);DOWN;;;"";;;COM3;;
3894;27/08/2026 13:43:02;IRP_MJ_DEVICE_CONTROL (IOCTL_SERIAL_GET_COMMSTATUS);UP;STATUS_SUCCESS;00 00 00 00 00 00 00 00 12 00 00 00 00 00 00 00 00 00 00 00 ;"....................";20;;COM3;;
3895;27/08/2026 13:43:02;IRP_MJ_DEVICE_CONTROL (IOCTL_SERIAL_WAIT_ON_MASK);UP;STATUS_SUCCESS;01 00 00 00 ;"....";4;;COM3;;
3896;27/08/2026 13:43:02;IRP_MJ_DEVICE_CONTROL (IOCTL_SERIAL_GET_COMMSTATUS);DOWN;;;"";;;COM3;;
3897;27/08/2026 13:43:02;IRP_MJ_DEVICE_CONTROL (IOCTL_SERIAL_GET_COMMSTATUS);UP;STATUS_SUCCESS;00 00 00 00 00 00 00 00 13 00 00 00 00 00 00 00 00 00 00 00 ;"....................";20;;COM3;;
3898;27/08/2026 13:43:02;IRP_MJ_DEVICE_CONTROL (IOCTL_SERIAL_WAIT_ON_MASK);DOWN;;;"";;;COM3;;
3899;27/08/2026 13:43:02;IRP_MJ_DEVICE_CONTROL (IOCTL_SERIAL_WAIT_ON_MASK);UP;STATUS_SUCCESS;01 00 00 00 ;"....";4;;COM3;;
3900;27/08/2026 13:43:02;IRP_MJ_DEVICE_CONTROL (IOCTL_SERIAL_GET_COMMSTATUS);DOWN;;;"";;;COM3;;
3901;27/08/2026 13:43:02;IRP_MJ_DEVICE_CONTROL (IOCTL_SERIAL_GET_COMMSTATUS);UP;STATUS_SUCCESS;00 00 00 00 00 00 00 00 14 00 00 00 00 00 00 00 00 00 00 00 ;"....................";20;;COM3;;
3902;27/08/2026 13:43:02;IRP_MJ_DEVICE_CONTROL (IOCTL_SERIAL_WAIT_ON_MASK);DOWN;;;"";;;COM3;;
3903;27/08/2026 13:43:02;IRP_MJ_DEVICE_CONTROL (IOCTL_SERIAL_WAIT_ON_MASK);UP;STATUS_SUCCESS;01 00 00 00 ;"....";4;;COM3;;
3904;27/08/2026 13:43:02;IRP_MJ_DEVICE_CONTROL (IOCTL_SERIAL_GET_COMMSTATUS);DOWN;;;"";;;COM3;;
3905;27/08/2026 13:43:02;IRP_MJ_DEVICE_CONTROL (IOCTL_SERIAL_GET_COMMSTATUS);UP;STATUS_SUCCESS;00 00 00 00 00 00 00 00 15 00 00 00 00 00 00 00 00 00 00 00 ;"....................";20;;COM3;;
3906;27/08/2026 13:43:02;IRP_MJ_DEVICE_CONTROL (IOCTL_SERIAL_WAIT_ON_MASK);DOWN;;;"";;;COM3;;
3907;27/08/2026 13:43:02;IRP_MJ_DEVICE_CONTROL (IOCTL_SERIAL_WAIT_ON_MASK);UP;STATUS_SUCCESS;01 00 00 00 ;"....";4;;COM3;;
3908;27/08/2026 13:43:02;IRP_MJ_DEVICE_CONTROL (IOCTL_SERIAL_GET_COMMSTATUS);DOWN;;;"";;;COM3;;
3909;27/08/2026 13:43:02;IRP_MJ_DEVICE_CONTROL (IOCTL_SERIAL_GET_COMMSTATUS);UP;STATUS_SUCCESS;00 00 00 00 00 00 00 00 16 00 00 00 00 00 00 00 00 00 00 00 ;"....................";20;;COM3;;
3910;27/08/2026 13:43:02;IRP_MJ_DEVICE_CONTROL (IOCTL_SERIAL_WAIT_ON_MASK);DOWN;;;"";;;COM3;;
3911;27/08/2026 13:43:02;IRP_MJ_DEVICE_CONTROL (IOCTL_SERIAL_WAIT_ON_MASK);UP;STATUS_SUCCESS;01 00 00 00 ;"....";4;;COM3;;
3912;27/08/2026 13:43:02;IRP_MJ_DEVICE_CONTROL (IOCTL_SERIAL_GET_COMMSTATUS);DOWN;;;"";;;COM3;;
3913;27/08/2026 13:43:02;IRP_MJ_DEVICE_CONTROL (IOCTL_SERIAL_GET_COMMSTATUS);UP;STATUS_SUCCESS;00 00 00 00 00 00 00 00 17 00 00 00 00 00 00 00 00 00 00 00 ;"....................";20;;COM3;;
3914;27/08/2026 13:43:02;IRP_MJ_DEVICE_CONTROL (IOCTL_SERIAL_WAIT_ON_MASK);DOWN;;;"";;;COM3;;
3915;27/08/2026 13:43:02;IRP_MJ_DEVICE_CONTROL (IOCTL_SERIAL_WAIT_ON_MASK);UP;STATUS_SUCCESS;01 00 00 00 ;"....";4;;COM3;;
3916;27/08/2026 13:43:02;IRP_MJ_DEVICE_CONTROL (IOCTL_SERIAL_GET_COMMSTATUS);DOWN;;;"";;;COM3;;
3917;27/08/2026 13:43:02;IRP_MJ_DEVICE_CONTROL (IOCTL_SERIAL_GET_COMMSTATUS);UP;STATUS_SUCCESS;00 00 00 00 00 00 00 00 18 00 00 00 00 00 00 00 00 00 00 00 ;"....................";20;;COM3;;
3918;27/08/2026 13:43:02;IRP_MJ_DEVICE_CONTROL (IOCTL_SERIAL_WAIT_ON_MASK);DOWN;;;"";;;COM3;;
3919;27/08/2026 13:43:02;IRP_MJ_DEVICE_CONTROL (IOCTL_SERIAL_GET_COMMSTATUS);DOWN;;;"";;;COM3;;
3920;27/08/2026 13:43:02;IRP_MJ_DEVICE_CONTROL (IOCTL_SERIAL_GET_COMMSTATUS);UP;STATUS_SUCCESS;00 00 00 00 00 00 00 00 18 00 00 00 00 00 00 00 00 00 00 00 ;"....................";20;;COM3;;
3921;27/08/2026 13:43:02;IRP_MJ_DEVICE_CONTROL (IOCTL_SERIAL_WAIT_ON_MASK);UP;STATUS_SUCCESS;01 00 00 00 ;"....";4;;COM3;;
3922;27/08/2026 13:43:02;IRP_MJ_DEVICE_CONTROL (IOCTL_SERIAL_GET_COMMSTATUS);DOWN;;;"";;;COM3;;
3923;27/08/2026 13:43:02;IRP_MJ_DEVICE_CONTROL (IOCTL_SERIAL_GET_COMMSTATUS);UP;STATUS_SUCCESS;00 00 00 00 00 00 00 00 19 00 00 00 00 00 00 00 00 00 00 00 ;"....................";20;;COM3;;
3924;27/08/2026 13:43:02;IRP_MJ_DEVICE_CONTROL (IOCTL_SERIAL_WAIT_ON_MASK);DOWN;;;"";;;COM3;;
3925;27/08/2026 13:43:02;IRP_MJ_DEVICE_CONTROL (IOCTL_SERIAL_WAIT_ON_MASK);UP;STATUS_SUCCESS;01 00 00 00 ;"....";4;;COM3;;
3926;27/08/2026 13:43:02;IRP_MJ_DEVICE_CONTROL (IOCTL_SERIAL_GET_COMMSTATUS);DOWN;;;"";;;COM3;;
3927;27/08/2026 13:43:02;IRP_MJ_DEVICE_CONTROL (IOCTL_SERIAL_GET_COMMSTATUS);UP;STATUS_SUCCESS;00 00 00 00 00 00 00 00 1a 00 00 00 00 00 00 00 00 00 00 00 ;"....................";20;;COM3;;
3928;27/08/2026 13:43:02;IRP_MJ_DEVICE_CONTROL (IOCTL_SERIAL_WAIT_ON_MASK);DOWN;;;"";;;COM3;;
3929;27/08/2026 13:43:02;IRP_MJ_DEVICE_CONTROL (IOCTL_SERIAL_WAIT_ON_MASK);UP;STATUS_SUCCESS;01 00 00 00 ;"....";4;;COM3;;
3930;27/08/2026 13:43:02;IRP_MJ_DEVICE_CONTROL (IOCTL_SERIAL_GET_COMMSTATUS);DOWN;;;"";;;COM3;;
3931;27/08/2026 13:43:02;IRP_MJ_DEVICE_CONTROL (IOCTL_SERIAL_GET_COMMSTATUS);UP;STATUS_SUCCESS;00 00 00 00 00 00 00 00 1b 00 00 00 00 00 00 00 00 00 00 00 ;"....................";20;;COM3;;
3932;27/08/2026 13:43:02;IRP_MJ_DEVICE_CONTROL (IOCTL_SERIAL_WAIT_ON_MASK);DOWN;;;"";;;COM3;;
3933;27/08/2026 13:43:02;IRP_MJ_DEVICE_CONTROL (IOCTL_SERIAL_WAIT_ON_MASK);UP;STATUS_SUCCESS;01 00 00 00 ;"....";4;;COM3;;
3934;27/08/2026 13:43:02;IRP_MJ_DEVICE_CONTROL (IOCTL_SERIAL_GET_COMMSTATUS);DOWN;;;"";;;COM3;;
3935;27/08/2026 13:43:02;IRP_MJ_DEVICE_CONTROL (IOCTL_SERIAL_GET_COMMSTATUS);UP;STATUS_SUCCESS;00 00 00 00 00 00 00 00 1c 00 00 00 00 00 00 00 00 00 00 00 ;"....................";20;;COM3;;
3936;27/08/2026 13:43:02;IRP_MJ_DEVICE_CONTROL (IOCTL_SERIAL_WAIT_ON_MASK);DOWN;;;"";;;COM3;;
3937;27/08/2026 13:43:02;IRP_MJ_DEVICE_CONTROL (IOCTL_SERIAL_WAIT_ON_MASK);UP;STATUS_SUCCESS;01 00 00 00 ;"....";4;;COM3;;
3938;27/08/2026 13:43:02;IRP_MJ_DEVICE_CONTROL (IOCTL_SERIAL_GET_COMMSTATUS);DOWN;;;"";;;COM3;;
3939;27/08/2026 13:43:02;IRP_MJ_DEVICE_CONTROL (IOCTL_SERIAL_GET_COMMSTATUS);UP;STATUS_SUCCESS;00 00 00 00 00 00 00 00 1d 00 00 00 00 00 00 00 00 00 00 00 ;"....................";20;;COM3;;
3940;27/08/2026 13:43:02;IRP_MJ_DEVICE_CONTROL (IOCTL_SERIAL_WAIT_ON_MASK);DOWN;;;"";;;COM3;;
3941;27/08/2026 13:43:02;IRP_MJ_DEVICE_CONTROL (IOCTL_SERIAL_WAIT_ON_MASK);UP;STATUS_SUCCESS;01 00 00 00 ;"....";4;;COM3;;
3942;27/08/2026 13:43:02;IRP_MJ_DEVICE_CONTROL (IOCTL_SERIAL_GET_COMMSTATUS);DOWN;;;"";;;COM3;;
3943;27/08/2026 13:43:02;IRP_MJ_DEVICE_CONTROL (IOCTL_SERIAL_GET_COMMSTATUS);UP;STATUS_SUCCESS;00 00 00 00 00 00 00 00 1e 00 00 00 00 00 00 00 00 00 00 00 ;"....................";20;;COM3;;
3944;27/08/2026 13:43:02;IRP_MJ_DEVICE_CONTROL (IOCTL_SERIAL_WAIT_ON_MASK);DOWN;;;"";;;COM3;;
3945;27/08/2026 13:43:02;IRP_MJ_DEVICE_CONTROL (IOCTL_SERIAL_WAIT_ON_MASK);UP;STATUS_SUCCESS;01 00 00 00 ;"....";4;;COM3;;
3946;27/08/2026 13:43:02;IRP_MJ_DEVICE_CONTROL (IOCTL_SERIAL_GET_COMMSTATUS);DOWN;;;"";;;COM3;;
3947;27/08/2026 13:43:02;IRP_MJ_DEVICE_CONTROL (IOCTL_SERIAL_GET_COMMSTATUS);UP;STATUS_SUCCESS;00 00 00 00 00 00 00 00 1f 00 00 00 00 00 00 00 00 00 00 00 ;"....................";20;;COM3;;
3948;27/08/2026 13:43:02;IRP_MJ_DEVICE_CONTROL (IOCTL_SERIAL_WAIT_ON_MASK);DOWN;;;"";;;COM3;;
3949;27/08/2026 13:43:02;IRP_MJ_DEVICE_CONTROL (IOCTL_SERIAL_GET_COMMSTATUS);DOWN;;;"";;;COM3;;
3950;27/08/2026 13:43:02;IRP_MJ_DEVICE_CONTROL (IOCTL_SERIAL_GET_COMMSTATUS);UP;STATUS_SUCCESS;00 00 00 00 00 00 00 00 1f 00 00 00 00 00 00 00 00 00 00 00 ;"....................";20;;COM3;;
3951;27/08/2026 13:43:02;IRP_MJ_DEVICE_CONTROL (IOCTL_SERIAL_WAIT_ON_MASK);UP;STATUS_SUCCESS;01 00 00 00 ;"....";4;;COM3;;
3952;27/08/2026 13:43:02;IRP_MJ_DEVICE_CONTROL (IOCTL_SERIAL_GET_COMMSTATUS);DOWN;;;"";;;COM3;;
3953;27/08/2026 13:43:02;IRP_MJ_DEVICE_CONTROL (IOCTL_SERIAL_GET_COMMSTATUS);UP;STATUS_SUCCESS;00 00 00 00 00 00 00 00 20 00 00 00 00 00 00 00 00 00 00 00 ;"........ ...........";20;;COM3;;
3954;27/08/2026 13:43:02;IRP_MJ_DEVICE_CONTROL (IOCTL_SERIAL_WAIT_ON_MASK);DOWN;;;"";;;COM3;;
3955;27/08/2026 13:43:02;IRP_MJ_DEVICE_CONTROL (IOCTL_SERIAL_WAIT_ON_MASK);UP;STATUS_SUCCESS;01 00 00 00 ;"....";4;;COM3;;
3956;27/08/2026 13:43:02;IRP_MJ_DEVICE_CONTROL (IOCTL_SERIAL_GET_COMMSTATUS);DOWN;;;"";;;COM3;;
3957;27/08/2026 13:43:02;IRP_MJ_DEVICE_CONTROL (IOCTL_SERIAL_GET_COMMSTATUS);UP;STATUS_SUCCESS;00 00 00 00 00 00 00 00 21 00 00 00 00 00 00 00 00 00 00 00 ;"........!...........";20;;COM3;;
3958;27/08/2026 13:43:02;IRP_MJ_DEVICE_CONTROL (IOCTL_SERIAL_WAIT_ON_MASK);DOWN;;;"";;;COM3;;
3959;27/08/2026 13:43:02;IRP_MJ_DEVICE_CONTROL (IOCTL_SERIAL_WAIT_ON_MASK);UP;STATUS_SUCCESS;01 00 00 00 ;"....";4;;COM3;;
3960;27/08/2026 13:43:02;IRP_MJ_DEVICE_CONTROL (IOCTL_SERIAL_GET_COMMSTATUS);DOWN;;;"";;;COM3;;
3961;27/08/2026 13:43:02;IRP_MJ_DEVICE_CONTROL (IOCTL_SERIAL_GET_COMMSTATUS);UP;STATUS_SUCCESS;00 00 00 00 00 00 00 00 22 00 00 00 00 00 00 00 00 00 00 00 ;"........""...........";20;;COM3;;
3962;27/08/2026 13:43:02;IRP_MJ_DEVICE_CONTROL (IOCTL_SERIAL_WAIT_ON_MASK);DOWN;;;"";;;COM3;;
3963;27/08/2026 13:43:02;IRP_MJ_DEVICE_CONTROL (IOCTL_SERIAL_WAIT_ON_MASK);UP;STATUS_SUCCESS;01 00 00 00 ;"....";4;;COM3;;
3964;27/08/2026 13:43:02;IRP_MJ_DEVICE_CONTROL (IOCTL_SERIAL_GET_COMMSTATUS);DOWN;;;"";;;COM3;;
3965;27/08/2026 13:43:02;IRP_MJ_DEVICE_CONTROL (IOCTL_SERIAL_GET_COMMSTATUS);UP;STATUS_SUCCESS;00 00 00 00 00 00 00 00 23 00 00 00 00 00 00 00 00 00 00 00 ;"........#...........";20;;COM3;;
3966;27/08/2026 13:43:02;IRP_MJ_DEVICE_CONTROL (IOCTL_SERIAL_WAIT_ON_MASK);DOWN;;;"";;;COM3;;
3967;27/08/2026 13:43:02;IRP_MJ_DEVICE_CONTROL (IOCTL_SERIAL_WAIT_ON_MASK);UP;STATUS_SUCCESS;01 00 00 00 ;"....";4;;COM3;;
3968;27/08/2026 13:43:02;IRP_MJ_DEVICE_CONTROL (IOCTL_SERIAL_GET_COMMSTATUS);DOWN;;;"";;;COM3;;
3969;27/08/2026 13:43:02;IRP_MJ_DEVICE_CONTROL (IOCTL_SERIAL_GET_COMMSTATUS);UP;STATUS_SUCCESS;00 00 00 00 00 00 00 00 24 00 00 00 00 00 00 00 00 00 00 00 ;"........$...........";20;;COM3;;
3970;27/08/2026 13:43:02;IRP_MJ_DEVICE_CONTROL (IOCTL_SERIAL_WAIT_ON_MASK);DOWN;;;"";;;COM3;;
3971;27/08/2026 13:43:02;IRP_MJ_DEVICE_CONTROL (IOCTL_SERIAL_WAIT_ON_MASK);UP;STATUS_SUCCESS;01 00 00 00 ;"....";4;;COM3;;
3972;27/08/2026 13:43:02;IRP_MJ_DEVICE_CONTROL (IOCTL_SERIAL_GET_COMMSTATUS);DOWN;;;"";;;COM3;;
3973;27/08/2026 13:43:02;IRP_MJ_DEVICE_CONTROL (IOCTL_SERIAL_GET_COMMSTATUS);UP;STATUS_SUCCESS;00 00 00 00 00 00 00 00 25 00 00 00 00 00 00 00 00 00 00 00 ;"........%...........";20;;COM3;;
3974;27/08/2026 13:43:02;IRP_MJ_DEVICE_CONTROL (IOCTL_SERIAL_WAIT_ON_MASK);DOWN;;;"";;;COM3;;
3975;27/08/2026 13:43:02;IRP_MJ_DEVICE_CONTROL (IOCTL_SERIAL_GET_COMMSTATUS);DOWN;;;"";;;COM3;;
3976;27/08/2026 13:43:02;IRP_MJ_DEVICE_CONTROL (IOCTL_SERIAL_GET_COMMSTATUS);UP;STATUS_SUCCESS;00 00 00 00 00 00 00 00 25 00 00 00 00 00 00 00 00 00 00 00 ;"........%...........";20;;COM3;;
3977;27/08/2026 13:43:02;IRP_MJ_DEVICE_CONTROL (IOCTL_SERIAL_WAIT_ON_MASK);UP;STATUS_SUCCESS;01 00 00 00 ;"....";4;;COM3;;
3978;27/08/2026 13:43:02;IRP_MJ_DEVICE_CONTROL (IOCTL_SERIAL_GET_COMMSTATUS);DOWN;;;"";;;COM3;;
3979;27/08/2026 13:43:02;IRP_MJ_DEVICE_CONTROL (IOCTL_SERIAL_GET_COMMSTATUS);UP;STATUS_SUCCESS;00 00 00 00 00 00 00 00 26 00 00 00 00 00 00 00 00 00 00 00 ;"........&...........";20;;COM3;;
3980;27/08/2026 13:43:02;IRP_MJ_DEVICE_CONTROL (IOCTL_SERIAL_WAIT_ON_MASK);DOWN;;;"";;;COM3;;
3981;27/08/2026 13:43:02;IRP_MJ_DEVICE_CONTROL (IOCTL_SERIAL_WAIT_ON_MASK);UP;STATUS_SUCCESS;01 00 00 00 ;"....";4;;COM3;;
3982;27/08/2026 13:43:02;IRP_MJ_DEVICE_CONTROL (IOCTL_SERIAL_GET_COMMSTATUS);DOWN;;;"";;;COM3;;
3983;27/08/2026 13:43:02;IRP_MJ_DEVICE_CONTROL (IOCTL_SERIAL_GET_COMMSTATUS);UP;STATUS_SUCCESS;00 00 00 00 00 00 00 00 27 00 00 00 00 00 00 00 00 00 00 00 ;"........'...........";20;;COM3;;
3984;27/08/2026 13:43:02;IRP_MJ_DEVICE_CONTROL (IOCTL_SERIAL_WAIT_ON_MASK);DOWN;;;"";;;COM3;;
3985;27/08/2026 13:43:02;IRP_MJ_DEVICE_CONTROL (IOCTL_SERIAL_WAIT_ON_MASK);UP;STATUS_SUCCESS;01 00 00 00 ;"....";4;;COM3;;
3986;27/08/2026 13:43:02;IRP_MJ_DEVICE_CONTROL (IOCTL_SERIAL_GET_COMMSTATUS);DOWN;;;"";;;COM3;;
3987;27/08/2026 13:43:02;IRP_MJ_DEVICE_CONTROL (IOCTL_SERIAL_GET_COMMSTATUS);UP;STATUS_SUCCESS;00 00 00 00 00 00 00 00 28 00 00 00 00 00 00 00 00 00 00 00 ;"........(...........";20;;COM3;;
3988;27/08/2026 13:43:02;IRP_MJ_DEVICE_CONTROL (IOCTL_SERIAL_WAIT_ON_MASK);DOWN;;;"";;;COM3;;
3989;27/08/2026 13:43:02;IRP_MJ_DEVICE_CONTROL (IOCTL_SERIAL_WAIT_ON_MASK);UP;STATUS_SUCCESS;01 00 00 00 ;"....";4;;COM3;;
3990;27/08/2026 13:43:02;IRP_MJ_DEVICE_CONTROL (IOCTL_SERIAL_GET_COMMSTATUS);DOWN;;;"";;;COM3;;
3991;27/08/2026 13:43:02;IRP_MJ_DEVICE_CONTROL (IOCTL_SERIAL_GET_COMMSTATUS);UP;STATUS_SUCCESS;00 00 00 00 00 00 00 00 29 00 00 00 00 00 00 00 00 00 00 00 ;"........)...........";20;;COM3;;
3992;27/08/2026 13:43:02;IRP_MJ_DEVICE_CONTROL (IOCTL_SERIAL_WAIT_ON_MASK);DOWN;;;"";;;COM3;;
3993;27/08/2026 13:43:02;IRP_MJ_DEVICE_CONTROL (IOCTL_SERIAL_WAIT_ON_MASK);UP;STATUS_SUCCESS;01 00 00 00 ;"....";4;;COM3;;
3994;27/08/2026 13:43:02;IRP_MJ_DEVICE_CONTROL (IOCTL_SERIAL_GET_COMMSTATUS);DOWN;;;"";;;COM3;;
3995;27/08/2026 13:43:02;IRP_MJ_DEVICE_CONTROL (IOCTL_SERIAL_GET_COMMSTATUS);UP;STATUS_SUCCESS;00 00 00 00 00 00 00 00 2a 00 00 00 00 00 00 00 00 00 00 00 ;"........*...........";20;;COM3;;
3996;27/08/2026 13:43:02;IRP_MJ_DEVICE_CONTROL (IOCTL_SERIAL_WAIT_ON_MASK);DOWN;;;"";;;COM3;;
3997;27/08/2026 13:43:02;IRP_MJ_DEVICE_CONTROL (IOCTL_SERIAL_WAIT_ON_MASK);UP;STATUS_SUCCESS;01 00 00 00 ;"....";4;;COM3;;
3998;27/08/2026 13:43:02;IRP_MJ_DEVICE_CONTROL (IOCTL_SERIAL_GET_COMMSTATUS);DOWN;;;"";;;COM3;;
3999;27/08/2026 13:43:02;IRP_MJ_DEVICE_CONTROL (IOCTL_SERIAL_GET_COMMSTATUS);UP;STATUS_SUCCESS;00 00 00 00 00 00 00 00 2b 00 00 00 00 00 00 00 00 00 00 00 ;"........+...........";20;;COM3;;
4000;27/08/2026 13:43:02;IRP_MJ_DEVICE_CONTROL (IOCTL_SERIAL_WAIT_ON_MASK);DOWN;;;"";;;COM3;;
4001;27/08/2026 13:43:02;IRP_MJ_DEVICE_CONTROL (IOCTL_SERIAL_GET_COMMSTATUS);DOWN;;;"";;;COM3;;
4002;27/08/2026 13:43:02;IRP_MJ_DEVICE_CONTROL (IOCTL_SERIAL_GET_COMMSTATUS);UP;STATUS_SUCCESS;00 00 00 00 00 00 00 00 2b 00 00 00 00 00 00 00 00 00 00 00 ;"........+...........";20;;COM3;;
4003;27/08/2026 13:43:02;IRP_MJ_DEVICE_CONTROL (IOCTL_SERIAL_WAIT_ON_MASK);UP;STATUS_SUCCESS;01 00 00 00 ;"....";4;;COM3;;
4004;27/08/2026 13:43:02;IRP_MJ_DEVICE_CONTROL (IOCTL_SERIAL_GET_COMMSTATUS);DOWN;;;"";;;COM3;;
4005;27/08/2026 13:43:02;IRP_MJ_DEVICE_CONTROL (IOCTL_SERIAL_GET_COMMSTATUS);UP;STATUS_SUCCESS;00 00 00 00 00 00 00 00 2c 00 00 00 00 00 00 00 00 00 00 00 ;"........,...........";20;;COM3;;
4006;27/08/2026 13:43:02;IRP_MJ_DEVICE_CONTROL (IOCTL_SERIAL_WAIT_ON_MASK);DOWN;;;"";;;COM3;;
4007;27/08/2026 13:43:02;IRP_MJ_DEVICE_CONTROL (IOCTL_SERIAL_WAIT_ON_MASK);UP;STATUS_SUCCESS;01 00 00 00 ;"....";4;;COM3;;
4008;27/08/2026 13:43:02;IRP_MJ_DEVICE_CONTROL (IOCTL_SERIAL_GET_COMMSTATUS);DOWN;;;"";;;COM3;;
4009;27/08/2026 13:43:02;IRP_MJ_DEVICE_CONTROL (IOCTL_SERIAL_GET_COMMSTATUS);UP;STATUS_SUCCESS;00 00 00 00 00 00 00 00 2d 00 00 00 00 00 00 00 00 00 00 00 ;"........-...........";20;;COM3;;
4010;27/08/2026 13:43:02;IRP_MJ_DEVICE_CONTROL (IOCTL_SERIAL_WAIT_ON_MASK);DOWN;;;"";;;COM3;;
4011;27/08/2026 13:43:02;IRP_MJ_DEVICE_CONTROL (IOCTL_SERIAL_WAIT_ON_MASK);UP;STATUS_SUCCESS;01 00 00 00 ;"....";4;;COM3;;
4012;27/08/2026 13:43:02;IRP_MJ_DEVICE_CONTROL (IOCTL_SERIAL_GET_COMMSTATUS);DOWN;;;"";;;COM3;;
4013;27/08/2026 13:43:02;IRP_MJ_DEVICE_CONTROL (IOCTL_SERIAL_GET_COMMSTATUS);UP;STATUS_SUCCESS;00 00 00 00 00 00 00 00 2e 00 00 00 00 00 00 00 00 00 00 00 ;"....................";20;;COM3;;
4014;27/08/2026 13:43:02;IRP_MJ_DEVICE_CONTROL (IOCTL_SERIAL_WAIT_ON_MASK);DOWN;;;"";;;COM3;;
4015;27/08/2026 13:43:02;IRP_MJ_DEVICE_CONTROL (IOCTL_SERIAL_WAIT_ON_MASK);UP;STATUS_SUCCESS;01 00 00 00 ;"....";4;;COM3;;
4016;27/08/2026 13:43:02;IRP_MJ_DEVICE_CONTROL (IOCTL_SERIAL_GET_COMMSTATUS);DOWN;;;"";;;COM3;;
4017;27/08/2026 13:43:02;IRP_MJ_DEVICE_CONTROL (IOCTL_SERIAL_GET_COMMSTATUS);UP;STATUS_SUCCESS;00 00 00 00 00 00 00 00 2f 00 00 00 00 00 00 00 00 00 00 00 ;"......../...........";20;;COM3;;
4018;27/08/2026 13:43:02;IRP_MJ_DEVICE_CONTROL (IOCTL_SERIAL_WAIT_ON_MASK);DOWN;;;"";;;COM3;;
4019;27/08/2026 13:43:02;IRP_MJ_DEVICE_CONTROL (IOCTL_SERIAL_WAIT_ON_MASK);UP;STATUS_SUCCESS;01 00 00 00 ;"....";4;;COM3;;
4020;27/08/2026 13:43:02;IRP_MJ_DEVICE_CONTROL (IOCTL_SERIAL_GET_COMMSTATUS);DOWN;;;"";;;COM3;;
4021;27/08/2026 13:43:02;IRP_MJ_DEVICE_CONTROL (IOCTL_SERIAL_GET_COMMSTATUS);UP;STATUS_SUCCESS;00 00 00 00 00 00 00 00 30 00 00 00 00 00 00 00 00 00 00 00 ;"........0...........";20;;COM3;;
4022;27/08/2026 13:43:02;IRP_MJ_DEVICE_CONTROL (IOCTL_SERIAL_WAIT_ON_MASK);DOWN;;;"";;;COM3;;
4023;27/08/2026 13:43:02;IRP_MJ_DEVICE_CONTROL (IOCTL_SERIAL_WAIT_ON_MASK);UP;STATUS_SUCCESS;01 00 00 00 ;"....";4;;COM3;;
4024;27/08/2026 13:43:02;IRP_MJ_DEVICE_CONTROL (IOCTL_SERIAL_GET_COMMSTATUS);DOWN;;;"";;;COM3;;
4025;27/08/2026 13:43:02;IRP_MJ_DEVICE_CONTROL (IOCTL_SERIAL_GET_COMMSTATUS);UP;STATUS_SUCCESS;00 00 00 00 00 00 00 00 31 00 00 00 00 00 00 00 00 00 00 00 ;"........1...........";20;;COM3;;
4026;27/08/2026 13:43:02;IRP_MJ_DEVICE_CONTROL (IOCTL_SERIAL_WAIT_ON_MASK);DOWN;;;"";;;COM3;;
4027;27/08/2026 13:43:02;IRP_MJ_DEVICE_CONTROL (IOCTL_SERIAL_WAIT_ON_MASK);UP;STATUS_SUCCESS;01 00 00 00 ;"....";4;;COM3;;
4028;27/08/2026 13:43:02;IRP_MJ_DEVICE_CONTROL (IOCTL_SERIAL_GET_COMMSTATUS);DOWN;;;"";;;COM3;;
4029;27/08/2026 13:43:02;IRP_MJ_DEVICE_CONTROL (IOCTL_SERIAL_GET_COMMSTATUS);UP;STATUS_SUCCESS;00 00 00 00 00 00 00 00 32 00 00 00 00 00 00 00 00 00 00 00 ;"........2...........";20;;COM3;;
4030;27/08/2026 13:43:02;IRP_MJ_DEVICE_CONTROL (IOCTL_SERIAL_WAIT_ON_MASK);DOWN;;;"";;;COM3;;
4031;27/08/2026 13:43:02;IRP_MJ_DEVICE_CONTROL (IOCTL_SERIAL_GET_COMMSTATUS);DOWN;;;"";;;COM3;;
4032;27/08/2026 13:43:02;IRP_MJ_DEVICE_CONTROL (IOCTL_SERIAL_GET_COMMSTATUS);UP;STATUS_SUCCESS;00 00 00 00 00 00 00 00 32 00 00 00 00 00 00 00 00 00 00 00 ;"........2...........";20;;COM3;;
4033;27/08/2026 13:43:02;IRP_MJ_DEVICE_CONTROL (IOCTL_SERIAL_WAIT_ON_MASK);UP;STATUS_SUCCESS;01 00 00 00 ;"....";4;;COM3;;
4034;27/08/2026 13:43:02;IRP_MJ_DEVICE_CONTROL (IOCTL_SERIAL_GET_COMMSTATUS);DOWN;;;"";;;COM3;;
4035;27/08/2026 13:43:02;IRP_MJ_DEVICE_CONTROL (IOCTL_SERIAL_GET_COMMSTATUS);UP;STATUS_SUCCESS;00 00 00 00 00 00 00 00 33 00 00 00 00 00 00 00 00 00 00 00 ;"........3...........";20;;COM3;;
4036;27/08/2026 13:43:02;IRP_MJ_DEVICE_CONTROL (IOCTL_SERIAL_WAIT_ON_MASK);DOWN;;;"";;;COM3;;
4037;27/08/2026 13:43:02;IRP_MJ_DEVICE_CONTROL (IOCTL_SERIAL_WAIT_ON_MASK);UP;STATUS_SUCCESS;01 00 00 00 ;"....";4;;COM3;;
4038;27/08/2026 13:43:02;IRP_MJ_DEVICE_CONTROL (IOCTL_SERIAL_GET_COMMSTATUS);DOWN;;;"";;;COM3;;
4039;27/08/2026 13:43:02;IRP_MJ_DEVICE_CONTROL (IOCTL_SERIAL_GET_COMMSTATUS);UP;STATUS_SUCCESS;00 00 00 00 00 00 00 00 34 00 00 00 00 00 00 00 00 00 00 00 ;"........4...........";20;;COM3;;
4040;27/08/2026 13:43:02;IRP_MJ_DEVICE_CONTROL (IOCTL_SERIAL_WAIT_ON_MASK);DOWN;;;"";;;COM3;;
4041;27/08/2026 13:43:02;IRP_MJ_DEVICE_CONTROL (IOCTL_SERIAL_WAIT_ON_MASK);UP;STATUS_SUCCESS;01 00 00 00 ;"....";4;;COM3;;
4042;27/08/2026 13:43:02;IRP_MJ_DEVICE_CONTROL (IOCTL_SERIAL_GET_COMMSTATUS);DOWN;;;"";;;COM3;;
4043;27/08/2026 13:43:02;IRP_MJ_DEVICE_CONTROL (IOCTL_SERIAL_GET_COMMSTATUS);UP;STATUS_SUCCESS;00 00 00 00 00 00 00 00 35 00 00 00 00 00 00 00 00 00 00 00 ;"........5...........";20;;COM3;;
4044;27/08/2026 13:43:02;IRP_MJ_DEVICE_CONTROL (IOCTL_SERIAL_WAIT_ON_MASK);DOWN;;;"";;;COM3;;
4045;27/08/2026 13:43:02;IRP_MJ_DEVICE_CONTROL (IOCTL_SERIAL_WAIT_ON_MASK);UP;STATUS_SUCCESS;01 00 00 00 ;"....";4;;COM3;;
4046;27/08/2026 13:43:02;IRP_MJ_DEVICE_CONTROL (IOCTL_SERIAL_GET_COMMSTATUS);DOWN;;;"";;;COM3;;
4047;27/08/2026 13:43:02;IRP_MJ_DEVICE_CONTROL (IOCTL_SERIAL_GET_COMMSTATUS);UP;STATUS_SUCCESS;00 00 00 00 00 00 00 00 36 00 00 00 00 00 00 00 00 00 00 00 ;"........6...........";20;;COM3;;
4048;27/08/2026 13:43:02;IRP_MJ_DEVICE_CONTROL (IOCTL_SERIAL_WAIT_ON_MASK);DOWN;;;"";;;COM3;;
4049;27/08/2026 13:43:02;IRP_MJ_DEVICE_CONTROL (IOCTL_SERIAL_WAIT_ON_MASK);UP;STATUS_SUCCESS;01 00 00 00 ;"....";4;;COM3;;
4050;27/08/2026 13:43:02;IRP_MJ_DEVICE_CONTROL (IOCTL_SERIAL_GET_COMMSTATUS);DOWN;;;"";;;COM3;;
4051;27/08/2026 13:43:02;IRP_MJ_DEVICE_CONTROL (IOCTL_SERIAL_GET_COMMSTATUS);UP;STATUS_SUCCESS;00 00 00 00 00 00 00 00 37 00 00 00 00 00 00 00 00 00 00 00 ;"........7...........";20;;COM3;;
4052;27/08/2026 13:43:02;IRP_MJ_DEVICE_CONTROL (IOCTL_SERIAL_WAIT_ON_MASK);DOWN;;;"";;;COM3;;
4053;27/08/2026 13:43:02;IRP_MJ_DEVICE_CONTROL (IOCTL_SERIAL_WAIT_ON_MASK);UP;STATUS_SUCCESS;01 00 00 00 ;"....";4;;COM3;;
4054;27/08/2026 13:43:02;IRP_MJ_DEVICE_CONTROL (IOCTL_SERIAL_GET_COMMSTATUS);DOWN;;;"";;;COM3;;
4055;27/08/2026 13:43:02;IRP_MJ_DEVICE_CONTROL (IOCTL_SERIAL_GET_COMMSTATUS);UP;STATUS_SUCCESS;00 00 00 00 00 00 00 00 38 00 00 00 00 00 00 00 00 00 00 00 ;"........8...........";20;;COM3;;
4056;27/08/2026 13:43:02;IRP_MJ_DEVICE_CONTROL (IOCTL_SERIAL_WAIT_ON_MASK);DOWN;;;"";;;COM3;;
4057;27/08/2026 13:43:02;IRP_MJ_DEVICE_CONTROL (IOCTL_SERIAL_GET_COMMSTATUS);DOWN;;;"";;;COM3;;
4058;27/08/2026 13:43:02;IRP_MJ_DEVICE_CONTROL (IOCTL_SERIAL_GET_COMMSTATUS);UP;STATUS_SUCCESS;00 00 00 00 00 00 00 00 38 00 00 00 00 00 00 00 00 00 00 00 ;"........8...........";20;;COM3;;
4059;27/08/2026 13:43:02;IRP_MJ_DEVICE_CONTROL (IOCTL_SERIAL_WAIT_ON_MASK);UP;STATUS_SUCCESS;01 00 00 00 ;"....";4;;COM3;;
4060;27/08/2026 13:43:02;IRP_MJ_DEVICE_CONTROL (IOCTL_SERIAL_GET_COMMSTATUS);DOWN;;;"";;;COM3;;
4061;27/08/2026 13:43:02;IRP_MJ_DEVICE_CONTROL (IOCTL_SERIAL_GET_COMMSTATUS);UP;STATUS_SUCCESS;00 00 00 00 00 00 00 00 39 00 00 00 00 00 00 00 00 00 00 00 ;"........9...........";20;;COM3;;
4062;27/08/2026 13:43:02;IRP_MJ_DEVICE_CONTROL (IOCTL_SERIAL_WAIT_ON_MASK);DOWN;;;"";;;COM3;;
4063;27/08/2026 13:43:02;IRP_MJ_DEVICE_CONTROL (IOCTL_SERIAL_WAIT_ON_MASK);UP;STATUS_SUCCESS;01 00 00 00 ;"....";4;;COM3;;
4064;27/08/2026 13:43:02;IRP_MJ_DEVICE_CONTROL (IOCTL_SERIAL_GET_COMMSTATUS);DOWN;;;"";;;COM3;;
4065;27/08/2026 13:43:02;IRP_MJ_DEVICE_CONTROL (IOCTL_SERIAL_GET_COMMSTATUS);UP;STATUS_SUCCESS;00 00 00 00 00 00 00 00 3a 00 00 00 00 00 00 00 00 00 00 00 ;"........:...........";20;;COM3;;
4066;27/08/2026 13:43:02;IRP_MJ_DEVICE_CONTROL (IOCTL_SERIAL_WAIT_ON_MASK);DOWN;;;"";;;COM3;;
4067;27/08/2026 13:43:02;IRP_MJ_DEVICE_CONTROL (IOCTL_SERIAL_WAIT_ON_MASK);UP;STATUS_SUCCESS;01 00 00 00 ;"....";4;;COM3;;
4068;27/08/2026 13:43:02;IRP_MJ_DEVICE_CONTROL (IOCTL_SERIAL_GET_COMMSTATUS);DOWN;;;"";;;COM3;;
4069;27/08/2026 13:43:02;IRP_MJ_DEVICE_CONTROL (IOCTL_SERIAL_GET_COMMSTATUS);UP;STATUS_SUCCESS;00 00 00 00 00 00 00 00 3b 00 00 00 00 00 00 00 00 00 00 00 ;"........;...........";20;;COM3;;
4070;27/08/2026 13:43:02;IRP_MJ_DEVICE_CONTROL (IOCTL_SERIAL_WAIT_ON_MASK);DOWN;;;"";;;COM3;;
4071;27/08/2026 13:43:02;IRP_MJ_DEVICE_CONTROL (IOCTL_SERIAL_WAIT_ON_MASK);UP;STATUS_SUCCESS;01 00 00 00 ;"....";4;;COM3;;
4072;27/08/2026 13:43:02;IRP_MJ_DEVICE_CONTROL (IOCTL_SERIAL_GET_COMMSTATUS);DOWN;;;"";;;COM3;;
4073;27/08/2026 13:43:02;IRP_MJ_DEVICE_CONTROL (IOCTL_SERIAL_GET_COMMSTATUS);UP;STATUS_SUCCESS;00 00 00 00 00 00 00 00 3c 00 00 00 00 00 00 00 00 00 00 00 ;"........<...........";20;;COM3;;
4074;27/08/2026 13:43:02;IRP_MJ_DEVICE_CONTROL (IOCTL_SERIAL_WAIT_ON_MASK);DOWN;;;"";;;COM3;;
4075;27/08/2026 13:43:02;IRP_MJ_DEVICE_CONTROL (IOCTL_SERIAL_WAIT_ON_MASK);UP;STATUS_SUCCESS;01 00 00 00 ;"....";4;;COM3;;
4076;27/08/2026 13:43:02;IRP_MJ_DEVICE_CONTROL (IOCTL_SERIAL_GET_COMMSTATUS);DOWN;;;"";;;COM3;;
4077;27/08/2026 13:43:02;IRP_MJ_DEVICE_CONTROL (IOCTL_SERIAL_GET_COMMSTATUS);UP;STATUS_SUCCESS;00 00 00 00 00 00 00 00 3d 00 00 00 00 00 00 00 00 00 00 00 ;"........=...........";20;;COM3;;
4078;27/08/2026 13:43:02;IRP_MJ_DEVICE_CONTROL (IOCTL_SERIAL_WAIT_ON_MASK);DOWN;;;"";;;COM3;;
4079;27/08/2026 13:43:02;IRP_MJ_DEVICE_CONTROL (IOCTL_SERIAL_WAIT_ON_MASK);UP;STATUS_SUCCESS;01 00 00 00 ;"....";4;;COM3;;
4080;27/08/2026 13:43:02;IRP_MJ_DEVICE_CONTROL (IOCTL_SERIAL_GET_COMMSTATUS);DOWN;;;"";;;COM3;;
4081;27/08/2026 13:43:02;IRP_MJ_DEVICE_CONTROL (IOCTL_SERIAL_GET_COMMSTATUS);UP;STATUS_SUCCESS;00 00 00 00 00 00 00 00 3e 00 00 00 00 00 00 00 00 00 00 00 ;"........>...........";20;;COM3;;
4082;27/08/2026 13:43:02;IRP_MJ_DEVICE_CONTROL (IOCTL_SERIAL_WAIT_ON_MASK);DOWN;;;"";;;COM3;;
4083;27/08/2026 13:43:02;IRP_MJ_DEVICE_CONTROL (IOCTL_SERIAL_WAIT_ON_MASK);UP;STATUS_SUCCESS;01 00 00 00 ;"....";4;;COM3;;
4084;27/08/2026 13:43:02;IRP_MJ_DEVICE_CONTROL (IOCTL_SERIAL_GET_COMMSTATUS);DOWN;;;"";;;COM3;;
4085;27/08/2026 13:43:02;IRP_MJ_DEVICE_CONTROL (IOCTL_SERIAL_GET_COMMSTATUS);UP;STATUS_SUCCESS;00 00 00 00 00 00 00 00 3f 00 00 00 00 00 00 00 00 00 00 00 ;"........?...........";20;;COM3;;
4086;27/08/2026 13:43:02;IRP_MJ_DEVICE_CONTROL (IOCTL_SERIAL_WAIT_ON_MASK);DOWN;;;"";;;COM3;;
4087;27/08/2026 13:43:02;IRP_MJ_DEVICE_CONTROL (IOCTL_SERIAL_GET_COMMSTATUS);DOWN;;;"";;;COM3;;
4088;27/08/2026 13:43:02;IRP_MJ_DEVICE_CONTROL (IOCTL_SERIAL_GET_COMMSTATUS);UP;STATUS_SUCCESS;00 00 00 00 00 00 00 00 3f 00 00 00 00 00 00 00 00 00 00 00 ;"........?...........";20;;COM3;;
4089;27/08/2026 13:43:02;IRP_MJ_DEVICE_CONTROL (IOCTL_SERIAL_WAIT_ON_MASK);UP;STATUS_SUCCESS;01 00 00 00 ;"....";4;;COM3;;
4090;27/08/2026 13:43:02;IRP_MJ_DEVICE_CONTROL (IOCTL_SERIAL_GET_COMMSTATUS);DOWN;;;"";;;COM3;;
4091;27/08/2026 13:43:02;IRP_MJ_DEVICE_CONTROL (IOCTL_SERIAL_GET_COMMSTATUS);UP;STATUS_SUCCESS;00 00 00 00 00 00 00 00 40 00 00 00 00 00 00 00 00 00 00 00 ;"........@...........";20;;COM3;;
4092;27/08/2026 13:43:02;IRP_MJ_DEVICE_CONTROL (IOCTL_SERIAL_WAIT_ON_MASK);DOWN;;;"";;;COM3;;
4093;27/08/2026 13:43:02;IRP_MJ_DEVICE_CONTROL (IOCTL_SERIAL_WAIT_ON_MASK);UP;STATUS_SUCCESS;01 00 00 00 ;"....";4;;COM3;;
4094;27/08/2026 13:43:02;IRP_MJ_DEVICE_CONTROL (IOCTL_SERIAL_GET_COMMSTATUS);DOWN;;;"";;;COM3;;
4095;27/08/2026 13:43:02;IRP_MJ_DEVICE_CONTROL (IOCTL_SERIAL_GET_COMMSTATUS);UP;STATUS_SUCCESS;00 00 00 00 00 00 00 00 41 00 00 00 00 00 00 00 00 00 00 00 ;"........A...........";20;;COM3;;
4096;27/08/2026 13:43:02;IRP_MJ_DEVICE_CONTROL (IOCTL_SERIAL_WAIT_ON_MASK);DOWN;;;"";;;COM3;;
4097;27/08/2026 13:43:02;IRP_MJ_DEVICE_CONTROL (IOCTL_SERIAL_WAIT_ON_MASK);UP;STATUS_SUCCESS;01 00 00 00 ;"....";4;;COM3;;
4098;27/08/2026 13:43:02;IRP_MJ_DEVICE_CONTROL (IOCTL_SERIAL_GET_COMMSTATUS);DOWN;;;"";;;COM3;;
4099;27/08/2026 13:43:02;IRP_MJ_DEVICE_CONTROL (IOCTL_SERIAL_GET_COMMSTATUS);UP;STATUS_SUCCESS;00 00 00 00 00 00 00 00 42 00 00 00 00 00 00 00 00 00 00 00 ;"........B...........";20;;COM3;;
4100;27/08/2026 13:43:02;IRP_MJ_DEVICE_CONTROL (IOCTL_SERIAL_WAIT_ON_MASK);DOWN;;;"";;;COM3;;
4101;27/08/2026 13:43:02;IRP_MJ_DEVICE_CONTROL (IOCTL_SERIAL_WAIT_ON_MASK);UP;STATUS_SUCCESS;01 00 00 00 ;"....";4;;COM3;;
4102;27/08/2026 13:43:02;IRP_MJ_DEVICE_CONTROL (IOCTL_SERIAL_GET_COMMSTATUS);DOWN;;;"";;;COM3;;
4103;27/08/2026 13:43:02;IRP_MJ_DEVICE_CONTROL (IOCTL_SERIAL_GET_COMMSTATUS);UP;STATUS_SUCCESS;00 00 00 00 00 00 00 00 43 00 00 00 00 00 00 00 00 00 00 00 ;"........C...........";20;;COM3;;
4104;27/08/2026 13:43:02;IRP_MJ_DEVICE_CONTROL (IOCTL_SERIAL_WAIT_ON_MASK);DOWN;;;"";;;COM3;;
4105;27/08/2026 13:43:02;IRP_MJ_DEVICE_CONTROL (IOCTL_SERIAL_WAIT_ON_MASK);UP;STATUS_SUCCESS;01 00 00 00 ;"....";4;;COM3;;
4106;27/08/2026 13:43:02;IRP_MJ_DEVICE_CONTROL (IOCTL_SERIAL_GET_COMMSTATUS);DOWN;;;"";;;COM3;;
4107;27/08/2026 13:43:02;IRP_MJ_DEVICE_CONTROL (IOCTL_SERIAL_GET_COMMSTATUS);UP;STATUS_SUCCESS;00 00 00 00 00 00 00 00 44 00 00 00 00 00 00 00 00 00 00 00 ;"........D...........";20;;COM3;;
4108;27/08/2026 13:43:02;IRP_MJ_DEVICE_CONTROL (IOCTL_SERIAL_WAIT_ON_MASK);DOWN;;;"";;;COM3;;
4109;27/08/2026 13:43:02;IRP_MJ_DEVICE_CONTROL (IOCTL_SERIAL_WAIT_ON_MASK);UP;STATUS_SUCCESS;01 00 00 00 ;"....";4;;COM3;;
4110;27/08/2026 13:43:02;IRP_MJ_DEVICE_CONTROL (IOCTL_SERIAL_GET_COMMSTATUS);DOWN;;;"";;;COM3;;
4111;27/08/2026 13:43:02;IRP_MJ_DEVICE_CONTROL (IOCTL_SERIAL_GET_COMMSTATUS);UP;STATUS_SUCCESS;00 00 00 00 00 00 00 00 45 00 00 00 00 00 00 00 00 00 00 00 ;"........E...........";20;;COM3;;
4112;27/08/2026 13:43:02;IRP_MJ_DEVICE_CONTROL (IOCTL_SERIAL_WAIT_ON_MASK);DOWN;;;"";;;COM3;;
4113;27/08/2026 13:43:02;IRP_MJ_DEVICE_CONTROL (IOCTL_SERIAL_GET_COMMSTATUS);DOWN;;;"";;;COM3;;
4114;27/08/2026 13:43:02;IRP_MJ_DEVICE_CONTROL (IOCTL_SERIAL_GET_COMMSTATUS);UP;STATUS_SUCCESS;00 00 00 00 00 00 00 00 45 00 00 00 00 00 00 00 00 00 00 00 ;"........E...........";20;;COM3;;
4115;27/08/2026 13:43:02;IRP_MJ_DEVICE_CONTROL (IOCTL_SERIAL_WAIT_ON_MASK);UP;STATUS_SUCCESS;01 00 00 00 ;"....";4;;COM3;;
4116;27/08/2026 13:43:02;IRP_MJ_DEVICE_CONTROL (IOCTL_SERIAL_GET_COMMSTATUS);DOWN;;;"";;;COM3;;
4117;27/08/2026 13:43:02;IRP_MJ_DEVICE_CONTROL (IOCTL_SERIAL_GET_COMMSTATUS);UP;STATUS_SUCCESS;00 00 00 00 00 00 00 00 46 00 00 00 00 00 00 00 00 00 00 00 ;"........F...........";20;;COM3;;
4118;27/08/2026 13:43:02;IRP_MJ_DEVICE_CONTROL (IOCTL_SERIAL_WAIT_ON_MASK);DOWN;;;"";;;COM3;;
4119;27/08/2026 13:43:02;IRP_MJ_DEVICE_CONTROL (IOCTL_SERIAL_WAIT_ON_MASK);UP;STATUS_SUCCESS;01 00 00 00 ;"....";4;;COM3;;
4120;27/08/2026 13:43:02;IRP_MJ_DEVICE_CONTROL (IOCTL_SERIAL_GET_COMMSTATUS);DOWN;;;"";;;COM3;;
4121;27/08/2026 13:43:02;IRP_MJ_DEVICE_CONTROL (IOCTL_SERIAL_GET_COMMSTATUS);UP;STATUS_SUCCESS;00 00 00 00 00 00 00 00 47 00 00 00 00 00 00 00 00 00 00 00 ;"........G...........";20;;COM3;;
4122;27/08/2026 13:43:02;IRP_MJ_DEVICE_CONTROL (IOCTL_SERIAL_WAIT_ON_MASK);DOWN;;;"";;;COM3;;
4123;27/08/2026 13:43:02;IRP_MJ_DEVICE_CONTROL (IOCTL_SERIAL_WAIT_ON_MASK);UP;STATUS_SUCCESS;01 00 00 00 ;"....";4;;COM3;;
4124;27/08/2026 13:43:02;IRP_MJ_DEVICE_CONTROL (IOCTL_SERIAL_GET_COMMSTATUS);DOWN;;;"";;;COM3;;
4125;27/08/2026 13:43:02;IRP_MJ_DEVICE_CONTROL (IOCTL_SERIAL_GET_COMMSTATUS);UP;STATUS_SUCCESS;00 00 00 00 00 00 00 00 48 00 00 00 00 00 00 00 00 00 00 00 ;"........H...........";20;;COM3;;
4126;27/08/2026 13:43:02;IRP_MJ_DEVICE_CONTROL (IOCTL_SERIAL_WAIT_ON_MASK);DOWN;;;"";;;COM3;;
4127;27/08/2026 13:43:02;IRP_MJ_DEVICE_CONTROL (IOCTL_SERIAL_WAIT_ON_MASK);UP;STATUS_SUCCESS;01 00 00 00 ;"....";4;;COM3;;
4128;27/08/2026 13:43:02;IRP_MJ_DEVICE_CONTROL (IOCTL_SERIAL_GET_COMMSTATUS);DOWN;;;"";;;COM3;;
4129;27/08/2026 13:43:02;IRP_MJ_DEVICE_CONTROL (IOCTL_SERIAL_GET_COMMSTATUS);UP;STATUS_SUCCESS;00 00 00 00 00 00 00 00 49 00 00 00 00 00 00 00 00 00 00 00 ;"........I...........";20;;COM3;;
4130;27/08/2026 13:43:02;IRP_MJ_DEVICE_CONTROL (IOCTL_SERIAL_WAIT_ON_MASK);DOWN;;;"";;;COM3;;
4131;27/08/2026 13:43:02;IRP_MJ_DEVICE_CONTROL (IOCTL_SERIAL_WAIT_ON_MASK);UP;STATUS_SUCCESS;01 00 00 00 ;"....";4;;COM3;;
4132;27/08/2026 13:43:02;IRP_MJ_DEVICE_CONTROL (IOCTL_SERIAL_GET_COMMSTATUS);DOWN;;;"";;;COM3;;
4133;27/08/2026 13:43:02;IRP_MJ_DEVICE_CONTROL (IOCTL_SERIAL_GET_COMMSTATUS);UP;STATUS_SUCCESS;00 00 00 00 00 00 00 00 4a 00 00 00 00 00 00 00 00 00 00 00 ;"........J...........";20;;COM3;;
4134;27/08/2026 13:43:02;IRP_MJ_DEVICE_CONTROL (IOCTL_SERIAL_WAIT_ON_MASK);DOWN;;;"";;;COM3;;
4135;27/08/2026 13:43:02;IRP_MJ_DEVICE_CONTROL (IOCTL_SERIAL_WAIT_ON_MASK);UP;STATUS_SUCCESS;01 00 00 00 ;"....";4;;COM3;;
4136;27/08/2026 13:43:02;IRP_MJ_DEVICE_CONTROL (IOCTL_SERIAL_GET_COMMSTATUS);DOWN;;;"";;;COM3;;
4137;27/08/2026 13:43:02;IRP_MJ_DEVICE_CONTROL (IOCTL_SERIAL_GET_COMMSTATUS);UP;STATUS_SUCCESS;00 00 00 00 00 00 00 00 4b 00 00 00 00 00 00 00 00 00 00 00 ;"........K...........";20;;COM3;;
4138;27/08/2026 13:43:02;IRP_MJ_DEVICE_CONTROL (IOCTL_SERIAL_WAIT_ON_MASK);DOWN;;;"";;;COM3;;
4139;27/08/2026 13:43:02;IRP_MJ_DEVICE_CONTROL (IOCTL_SERIAL_WAIT_ON_MASK);UP;STATUS_SUCCESS;01 00 00 00 ;"....";4;;COM3;;
4140;27/08/2026 13:43:02;IRP_MJ_DEVICE_CONTROL (IOCTL_SERIAL_GET_COMMSTATUS);DOWN;;;"";;;COM3;;
4141;27/08/2026 13:43:02;IRP_MJ_DEVICE_CONTROL (IOCTL_SERIAL_GET_COMMSTATUS);UP;STATUS_SUCCESS;00 00 00 00 00 00 00 00 4c 00 00 00 00 00 00 00 00 00 00 00 ;"........L...........";20;;COM3;;
4142;27/08/2026 13:43:02;IRP_MJ_DEVICE_CONTROL (IOCTL_SERIAL_WAIT_ON_MASK);DOWN;;;"";;;COM3;;
4143;27/08/2026 13:43:02;IRP_MJ_DEVICE_CONTROL (IOCTL_SERIAL_GET_COMMSTATUS);DOWN;;;"";;;COM3;;
4144;27/08/2026 13:43:02;IRP_MJ_DEVICE_CONTROL (IOCTL_SERIAL_GET_COMMSTATUS);UP;STATUS_SUCCESS;00 00 00 00 00 00 00 00 4c 00 00 00 00 00 00 00 00 00 00 00 ;"........L...........";20;;COM3;;
4145;27/08/2026 13:43:02;IRP_MJ_DEVICE_CONTROL (IOCTL_SERIAL_WAIT_ON_MASK);UP;STATUS_SUCCESS;01 00 00 00 ;"....";4;;COM3;;
4146;27/08/2026 13:43:02;IRP_MJ_DEVICE_CONTROL (IOCTL_SERIAL_GET_COMMSTATUS);DOWN;;;"";;;COM3;;
4147;27/08/2026 13:43:02;IRP_MJ_DEVICE_CONTROL (IOCTL_SERIAL_GET_COMMSTATUS);UP;STATUS_SUCCESS;00 00 00 00 00 00 00 00 4d 00 00 00 00 00 00 00 00 00 00 00 ;"........M...........";20;;COM3;;
4148;27/08/2026 13:43:02;IRP_MJ_DEVICE_CONTROL (IOCTL_SERIAL_WAIT_ON_MASK);DOWN;;;"";;;COM3;;
4149;27/08/2026 13:43:02;IRP_MJ_DEVICE_CONTROL (IOCTL_SERIAL_WAIT_ON_MASK);UP;STATUS_SUCCESS;01 00 00 00 ;"....";4;;COM3;;
4150;27/08/2026 13:43:02;IRP_MJ_DEVICE_CONTROL (IOCTL_SERIAL_GET_COMMSTATUS);DOWN;;;"";;;COM3;;
4151;27/08/2026 13:43:02;IRP_MJ_DEVICE_CONTROL (IOCTL_SERIAL_GET_COMMSTATUS);UP;STATUS_SUCCESS;00 00 00 00 00 00 00 00 4e 00 00 00 00 00 00 00 00 00 00 00 ;"........N...........";20;;COM3;;
4152;27/08/2026 13:43:02;IRP_MJ_DEVICE_CONTROL (IOCTL_SERIAL_WAIT_ON_MASK);DOWN;;;"";;;COM3;;
4153;27/08/2026 13:43:02;IRP_MJ_DEVICE_CONTROL (IOCTL_SERIAL_WAIT_ON_MASK);UP;STATUS_SUCCESS;01 00 00 00 ;"....";4;;COM3;;
4154;27/08/2026 13:43:02;IRP_MJ_DEVICE_CONTROL (IOCTL_SERIAL_GET_COMMSTATUS);DOWN;;;"";;;COM3;;
4155;27/08/2026 13:43:02;IRP_MJ_DEVICE_CONTROL (IOCTL_SERIAL_GET_COMMSTATUS);UP;STATUS_SUCCESS;00 00 00 00 00 00 00 00 4f 00 00 00 00 00 00 00 00 00 00 00 ;"........O...........";20;;COM3;;
4156;27/08/2026 13:43:02;IRP_MJ_DEVICE_CONTROL (IOCTL_SERIAL_WAIT_ON_MASK);DOWN;;;"";;;COM3;;
4157;27/08/2026 13:43:02;IRP_MJ_DEVICE_CONTROL (IOCTL_SERIAL_WAIT_ON_MASK);UP;STATUS_SUCCESS;01 00 00 00 ;"....";4;;COM3;;
4158;27/08/2026 13:43:02;IRP_MJ_DEVICE_CONTROL (IOCTL_SERIAL_GET_COMMSTATUS);DOWN;;;"";;;COM3;;
4159;27/08/2026 13:43:02;IRP_MJ_DEVICE_CONTROL (IOCTL_SERIAL_GET_COMMSTATUS);UP;STATUS_SUCCESS;00 00 00 00 00 00 00 00 50 00 00 00 00 00 00 00 00 00 00 00 ;"........P...........";20;;COM3;;
4160;27/08/2026 13:43:02;IRP_MJ_DEVICE_CONTROL (IOCTL_SERIAL_WAIT_ON_MASK);DOWN;;;"";;;COM3;;
4161;27/08/2026 13:43:02;IRP_MJ_DEVICE_CONTROL (IOCTL_SERIAL_WAIT_ON_MASK);UP;STATUS_SUCCESS;01 00 00 00 ;"....";4;;COM3;;
4162;27/08/2026 13:43:02;IRP_MJ_DEVICE_CONTROL (IOCTL_SERIAL_GET_COMMSTATUS);DOWN;;;"";;;COM3;;
4163;27/08/2026 13:43:02;IRP_MJ_DEVICE_CONTROL (IOCTL_SERIAL_GET_COMMSTATUS);UP;STATUS_SUCCESS;00 00 00 00 00 00 00 00 51 00 00 00 00 00 00 00 00 00 00 00 ;"........Q...........";20;;COM3;;
4164;27/08/2026 13:43:02;IRP_MJ_DEVICE_CONTROL (IOCTL_SERIAL_WAIT_ON_MASK);DOWN;;;"";;;COM3;;
4165;27/08/2026 13:43:02;IRP_MJ_DEVICE_CONTROL (IOCTL_SERIAL_WAIT_ON_MASK);UP;STATUS_SUCCESS;01 00 00 00 ;"....";4;;COM3;;
4166;27/08/2026 13:43:02;IRP_MJ_DEVICE_CONTROL (IOCTL_SERIAL_GET_COMMSTATUS);DOWN;;;"";;;COM3;;
4167;27/08/2026 13:43:02;IRP_MJ_DEVICE_CONTROL (IOCTL_SERIAL_GET_COMMSTATUS);UP;STATUS_SUCCESS;00 00 00 00 00 00 00 00 52 00 00 00 00 00 00 00 00 00 00 00 ;"........R...........";20;;COM3;;
4168;27/08/2026 13:43:02;IRP_MJ_DEVICE_CONTROL (IOCTL_SERIAL_WAIT_ON_MASK);DOWN;;;"";;;COM3;;
4169;27/08/2026 13:43:02;IRP_MJ_DEVICE_CONTROL (IOCTL_SERIAL_GET_COMMSTATUS);DOWN;;;"";;;COM3;;
4170;27/08/2026 13:43:02;IRP_MJ_DEVICE_CONTROL (IOCTL_SERIAL_GET_COMMSTATUS);UP;STATUS_SUCCESS;00 00 00 00 00 00 00 00 52 00 00 00 00 00 00 00 00 00 00 00 ;"........R...........";20;;COM3;;
4171;27/08/2026 13:43:02;IRP_MJ_DEVICE_CONTROL (IOCTL_SERIAL_WAIT_ON_MASK);UP;STATUS_SUCCESS;01 00 00 00 ;"....";4;;COM3;;
4172;27/08/2026 13:43:02;IRP_MJ_DEVICE_CONTROL (IOCTL_SERIAL_GET_COMMSTATUS);DOWN;;;"";;;COM3;;
4173;27/08/2026 13:43:02;IRP_MJ_DEVICE_CONTROL (IOCTL_SERIAL_GET_COMMSTATUS);UP;STATUS_SUCCESS;00 00 00 00 00 00 00 00 53 00 00 00 00 00 00 00 00 00 00 00 ;"........S...........";20;;COM3;;
4174;27/08/2026 13:43:02;IRP_MJ_DEVICE_CONTROL (IOCTL_SERIAL_WAIT_ON_MASK);DOWN;;;"";;;COM3;;
4175;27/08/2026 13:43:02;IRP_MJ_DEVICE_CONTROL (IOCTL_SERIAL_WAIT_ON_MASK);UP;STATUS_SUCCESS;01 00 00 00 ;"....";4;;COM3;;
4176;27/08/2026 13:43:02;IRP_MJ_DEVICE_CONTROL (IOCTL_SERIAL_GET_COMMSTATUS);DOWN;;;"";;;COM3;;
4177;27/08/2026 13:43:02;IRP_MJ_DEVICE_CONTROL (IOCTL_SERIAL_GET_COMMSTATUS);UP;STATUS_SUCCESS;00 00 00 00 00 00 00 00 54 00 00 00 00 00 00 00 00 00 00 00 ;"........T...........";20;;COM3;;
4178;27/08/2026 13:43:02;IRP_MJ_DEVICE_CONTROL (IOCTL_SERIAL_WAIT_ON_MASK);DOWN;;;"";;;COM3;;
4179;27/08/2026 13:43:02;IRP_MJ_DEVICE_CONTROL (IOCTL_SERIAL_WAIT_ON_MASK);UP;STATUS_SUCCESS;01 00 00 00 ;"....";4;;COM3;;
4180;27/08/2026 13:43:02;IRP_MJ_DEVICE_CONTROL (IOCTL_SERIAL_GET_COMMSTATUS);DOWN;;;"";;;COM3;;
4181;27/08/2026 13:43:02;IRP_MJ_DEVICE_CONTROL (IOCTL_SERIAL_GET_COMMSTATUS);UP;STATUS_SUCCESS;00 00 00 00 00 00 00 00 55 00 00 00 00 00 00 00 00 00 00 00 ;"........U...........";20;;COM3;;
4182;27/08/2026 13:43:02;IRP_MJ_DEVICE_CONTROL (IOCTL_SERIAL_WAIT_ON_MASK);DOWN;;;"";;;COM3;;
4183;27/08/2026 13:43:02;IRP_MJ_DEVICE_CONTROL (IOCTL_SERIAL_WAIT_ON_MASK);UP;STATUS_SUCCESS;01 00 00 00 ;"....";4;;COM3;;
4184;27/08/2026 13:43:02;IRP_MJ_DEVICE_CONTROL (IOCTL_SERIAL_GET_COMMSTATUS);DOWN;;;"";;;COM3;;
4185;27/08/2026 13:43:02;IRP_MJ_DEVICE_CONTROL (IOCTL_SERIAL_GET_COMMSTATUS);UP;STATUS_SUCCESS;00 00 00 00 00 00 00 00 56 00 00 00 00 00 00 00 00 00 00 00 ;"........V...........";20;;COM3;;
4186;27/08/2026 13:43:02;IRP_MJ_DEVICE_CONTROL (IOCTL_SERIAL_WAIT_ON_MASK);DOWN;;;"";;;COM3;;
4187;27/08/2026 13:43:02;IRP_MJ_DEVICE_CONTROL (IOCTL_SERIAL_WAIT_ON_MASK);UP;STATUS_SUCCESS;01 00 00 00 ;"....";4;;COM3;;
4188;27/08/2026 13:43:02;IRP_MJ_DEVICE_CONTROL (IOCTL_SERIAL_GET_COMMSTATUS);DOWN;;;"";;;COM3;;
4189;27/08/2026 13:43:02;IRP_MJ_DEVICE_CONTROL (IOCTL_SERIAL_GET_COMMSTATUS);UP;STATUS_SUCCESS;00 00 00 00 00 00 00 00 57 00 00 00 00 00 00 00 00 00 00 00 ;"........W...........";20;;COM3;;
4190;27/08/2026 13:43:02;IRP_MJ_DEVICE_CONTROL (IOCTL_SERIAL_WAIT_ON_MASK);DOWN;;;"";;;COM3;;
4191;27/08/2026 13:43:02;IRP_MJ_DEVICE_CONTROL (IOCTL_SERIAL_WAIT_ON_MASK);UP;STATUS_SUCCESS;01 00 00 00 ;"....";4;;COM3;;
4192;27/08/2026 13:43:02;IRP_MJ_DEVICE_CONTROL (IOCTL_SERIAL_GET_COMMSTATUS);DOWN;;;"";;;COM3;;
4193;27/08/2026 13:43:02;IRP_MJ_DEVICE_CONTROL (IOCTL_SERIAL_GET_COMMSTATUS);UP;STATUS_SUCCESS;00 00 00 00 00 00 00 00 58 00 00 00 00 00 00 00 00 00 00 00 ;"........X...........";20;;COM3;;
4194;27/08/2026 13:43:02;IRP_MJ_DEVICE_CONTROL (IOCTL_SERIAL_WAIT_ON_MASK);DOWN;;;"";;;COM3;;
4195;27/08/2026 13:43:02;IRP_MJ_DEVICE_CONTROL (IOCTL_SERIAL_GET_COMMSTATUS);DOWN;;;"";;;COM3;;
4196;27/08/2026 13:43:02;IRP_MJ_DEVICE_CONTROL (IOCTL_SERIAL_GET_COMMSTATUS);UP;STATUS_SUCCESS;00 00 00 00 00 00 00 00 58 00 00 00 00 00 00 00 00 00 00 00 ;"........X...........";20;;COM3;;
4197;27/08/2026 13:43:02;IRP_MJ_DEVICE_CONTROL (IOCTL_SERIAL_WAIT_ON_MASK);UP;STATUS_SUCCESS;01 00 00 00 ;"....";4;;COM3;;
4198;27/08/2026 13:43:02;IRP_MJ_DEVICE_CONTROL (IOCTL_SERIAL_GET_COMMSTATUS);DOWN;;;"";;;COM3;;
4199;27/08/2026 13:43:02;IRP_MJ_DEVICE_CONTROL (IOCTL_SERIAL_GET_COMMSTATUS);UP;STATUS_SUCCESS;00 00 00 00 00 00 00 00 59 00 00 00 00 00 00 00 00 00 00 00 ;"........Y...........";20;;COM3;;
4200;27/08/2026 13:43:02;IRP_MJ_DEVICE_CONTROL (IOCTL_SERIAL_WAIT_ON_MASK);DOWN;;;"";;;COM3;;
4201;27/08/2026 13:43:02;IRP_MJ_DEVICE_CONTROL (IOCTL_SERIAL_WAIT_ON_MASK);UP;STATUS_SUCCESS;01 00 00 00 ;"....";4;;COM3;;
4202;27/08/2026 13:43:02;IRP_MJ_DEVICE_CONTROL (IOCTL_SERIAL_GET_COMMSTATUS);DOWN;;;"";;;COM3;;
4203;27/08/2026 13:43:02;IRP_MJ_DEVICE_CONTROL (IOCTL_SERIAL_GET_COMMSTATUS);UP;STATUS_SUCCESS;00 00 00 00 00 00 00 00 5a 00 00 00 00 00 00 00 00 00 00 00 ;"........Z...........";20;;COM3;;
4204;27/08/2026 13:43:02;IRP_MJ_DEVICE_CONTROL (IOCTL_SERIAL_WAIT_ON_MASK);DOWN;;;"";;;COM3;;
4205;27/08/2026 13:43:02;IRP_MJ_DEVICE_CONTROL (IOCTL_SERIAL_WAIT_ON_MASK);UP;STATUS_SUCCESS;01 00 00 00 ;"....";4;;COM3;;
4206;27/08/2026 13:43:02;IRP_MJ_DEVICE_CONTROL (IOCTL_SERIAL_GET_COMMSTATUS);DOWN;;;"";;;COM3;;
4207;27/08/2026 13:43:02;IRP_MJ_DEVICE_CONTROL (IOCTL_SERIAL_GET_COMMSTATUS);UP;STATUS_SUCCESS;00 00 00 00 00 00 00 00 5b 00 00 00 00 00 00 00 00 00 00 00 ;"........[...........";20;;COM3;;
4208;27/08/2026 13:43:02;IRP_MJ_DEVICE_CONTROL (IOCTL_SERIAL_WAIT_ON_MASK);DOWN;;;"";;;COM3;;
4209;27/08/2026 13:43:02;IRP_MJ_DEVICE_CONTROL (IOCTL_SERIAL_WAIT_ON_MASK);UP;STATUS_SUCCESS;01 00 00 00 ;"....";4;;COM3;;
4210;27/08/2026 13:43:02;IRP_MJ_DEVICE_CONTROL (IOCTL_SERIAL_GET_COMMSTATUS);DOWN;;;"";;;COM3;;
4211;27/08/2026 13:43:02;IRP_MJ_DEVICE_CONTROL (IOCTL_SERIAL_GET_COMMSTATUS);UP;STATUS_SUCCESS;00 00 00 00 00 00 00 00 5c 00 00 00 00 00 00 00 00 00 00 00 ;"........\...........";20;;COM3;;
4212;27/08/2026 13:43:02;IRP_MJ_DEVICE_CONTROL (IOCTL_SERIAL_WAIT_ON_MASK);DOWN;;;"";;;COM3;;
4213;27/08/2026 13:43:02;IRP_MJ_DEVICE_CONTROL (IOCTL_SERIAL_WAIT_ON_MASK);UP;STATUS_SUCCESS;01 00 00 00 ;"....";4;;COM3;;
4214;27/08/2026 13:43:02;IRP_MJ_DEVICE_CONTROL (IOCTL_SERIAL_GET_COMMSTATUS);DOWN;;;"";;;COM3;;
4215;27/08/2026 13:43:02;IRP_MJ_DEVICE_CONTROL (IOCTL_SERIAL_GET_COMMSTATUS);UP;STATUS_SUCCESS;00 00 00 00 00 00 00 00 5d 00 00 00 00 00 00 00 00 00 00 00 ;"........]...........";20;;COM3;;
4216;27/08/2026 13:43:02;IRP_MJ_DEVICE_CONTROL (IOCTL_SERIAL_WAIT_ON_MASK);DOWN;;;"";;;COM3;;
4217;27/08/2026 13:43:02;IRP_MJ_DEVICE_CONTROL (IOCTL_SERIAL_WAIT_ON_MASK);UP;STATUS_SUCCESS;01 00 00 00 ;"....";4;;COM3;;
4218;27/08/2026 13:43:02;IRP_MJ_DEVICE_CONTROL (IOCTL_SERIAL_GET_COMMSTATUS);DOWN;;;"";;;COM3;;
4219;27/08/2026 13:43:02;IRP_MJ_DEVICE_CONTROL (IOCTL_SERIAL_GET_COMMSTATUS);UP;STATUS_SUCCESS;00 00 00 00 00 00 00 00 5e 00 00 00 00 00 00 00 00 00 00 00 ;"........^...........";20;;COM3;;
4220;27/08/2026 13:43:02;IRP_MJ_DEVICE_CONTROL (IOCTL_SERIAL_WAIT_ON_MASK);DOWN;;;"";;;COM3;;
4221;27/08/2026 13:43:02;IRP_MJ_DEVICE_CONTROL (IOCTL_SERIAL_WAIT_ON_MASK);UP;STATUS_SUCCESS;01 00 00 00 ;"....";4;;COM3;;
4222;27/08/2026 13:43:02;IRP_MJ_DEVICE_CONTROL (IOCTL_SERIAL_GET_COMMSTATUS);DOWN;;;"";;;COM3;;
4223;27/08/2026 13:43:02;IRP_MJ_DEVICE_CONTROL (IOCTL_SERIAL_GET_COMMSTATUS);UP;STATUS_SUCCESS;00 00 00 00 00 00 00 00 5f 00 00 00 00 00 00 00 00 00 00 00 ;"........_...........";20;;COM3;;
4224;27/08/2026 13:43:02;IRP_MJ_DEVICE_CONTROL (IOCTL_SERIAL_WAIT_ON_MASK);DOWN;;;"";;;COM3;;
4225;27/08/2026 13:43:02;IRP_MJ_DEVICE_CONTROL (IOCTL_SERIAL_GET_COMMSTATUS);DOWN;;;"";;;COM3;;
4226;27/08/2026 13:43:02;IRP_MJ_DEVICE_CONTROL (IOCTL_SERIAL_GET_COMMSTATUS);UP;STATUS_SUCCESS;00 00 00 00 00 00 00 00 5f 00 00 00 00 00 00 00 00 00 00 00 ;"........_...........";20;;COM3;;
4227;27/08/2026 13:43:02;IRP_MJ_DEVICE_CONTROL (IOCTL_SERIAL_WAIT_ON_MASK);UP;STATUS_SUCCESS;01 00 00 00 ;"....";4;;COM3;;
4228;27/08/2026 13:43:02;IRP_MJ_DEVICE_CONTROL (IOCTL_SERIAL_GET_COMMSTATUS);DOWN;;;"";;;COM3;;
4229;27/08/2026 13:43:02;IRP_MJ_DEVICE_CONTROL (IOCTL_SERIAL_GET_COMMSTATUS);UP;STATUS_SUCCESS;00 00 00 00 00 00 00 00 60 00 00 00 00 00 00 00 00 00 00 00 ;"........`...........";20;;COM3;;
4230;27/08/2026 13:43:02;IRP_MJ_DEVICE_CONTROL (IOCTL_SERIAL_WAIT_ON_MASK);DOWN;;;"";;;COM3;;
4231;27/08/2026 13:43:02;IRP_MJ_DEVICE_CONTROL (IOCTL_SERIAL_WAIT_ON_MASK);UP;STATUS_SUCCESS;01 00 00 00 ;"....";4;;COM3;;
4232;27/08/2026 13:43:02;IRP_MJ_DEVICE_CONTROL (IOCTL_SERIAL_GET_COMMSTATUS);DOWN;;;"";;;COM3;;
4233;27/08/2026 13:43:02;IRP_MJ_DEVICE_CONTROL (IOCTL_SERIAL_GET_COMMSTATUS);UP;STATUS_SUCCESS;00 00 00 00 00 00 00 00 61 00 00 00 00 00 00 00 00 00 00 00 ;"........a...........";20;;COM3;;
4234;27/08/2026 13:43:02;IRP_MJ_DEVICE_CONTROL (IOCTL_SERIAL_WAIT_ON_MASK);DOWN;;;"";;;COM3;;
4235;27/08/2026 13:43:02;IRP_MJ_DEVICE_CONTROL (IOCTL_SERIAL_WAIT_ON_MASK);UP;STATUS_SUCCESS;01 00 00 00 ;"....";4;;COM3;;
4236;27/08/2026 13:43:02;IRP_MJ_DEVICE_CONTROL (IOCTL_SERIAL_GET_COMMSTATUS);DOWN;;;"";;;COM3;;
4237;27/08/2026 13:43:02;IRP_MJ_DEVICE_CONTROL (IOCTL_SERIAL_GET_COMMSTATUS);UP;STATUS_SUCCESS;00 00 00 00 00 00 00 00 62 00 00 00 00 00 00 00 00 00 00 00 ;"........b...........";20;;COM3;;
4238;27/08/2026 13:43:02;IRP_MJ_DEVICE_CONTROL (IOCTL_SERIAL_WAIT_ON_MASK);DOWN;;;"";;;COM3;;
4239;27/08/2026 13:43:02;IRP_MJ_DEVICE_CONTROL (IOCTL_SERIAL_WAIT_ON_MASK);UP;STATUS_SUCCESS;01 00 00 00 ;"....";4;;COM3;;
4240;27/08/2026 13:43:02;IRP_MJ_DEVICE_CONTROL (IOCTL_SERIAL_GET_COMMSTATUS);DOWN;;;"";;;COM3;;
4241;27/08/2026 13:43:02;IRP_MJ_DEVICE_CONTROL (IOCTL_SERIAL_GET_COMMSTATUS);UP;STATUS_SUCCESS;00 00 00 00 00 00 00 00 63 00 00 00 00 00 00 00 00 00 00 00 ;"........c...........";20;;COM3;;
4242;27/08/2026 13:43:02;IRP_MJ_DEVICE_CONTROL (IOCTL_SERIAL_WAIT_ON_MASK);DOWN;;;"";;;COM3;;
4243;27/08/2026 13:43:02;IRP_MJ_DEVICE_CONTROL (IOCTL_SERIAL_WAIT_ON_MASK);UP;STATUS_SUCCESS;01 00 00 00 ;"....";4;;COM3;;
4244;27/08/2026 13:43:02;IRP_MJ_DEVICE_CONTROL (IOCTL_SERIAL_GET_COMMSTATUS);DOWN;;;"";;;COM3;;
4245;27/08/2026 13:43:02;IRP_MJ_DEVICE_CONTROL (IOCTL_SERIAL_GET_COMMSTATUS);UP;STATUS_SUCCESS;00 00 00 00 00 00 00 00 64 00 00 00 00 00 00 00 00 00 00 00 ;"........d...........";20;;COM3;;
4246;27/08/2026 13:43:02;IRP_MJ_DEVICE_CONTROL (IOCTL_SERIAL_WAIT_ON_MASK);DOWN;;;"";;;COM3;;
4247;27/08/2026 13:43:02;IRP_MJ_DEVICE_CONTROL (IOCTL_SERIAL_WAIT_ON_MASK);UP;STATUS_SUCCESS;01 00 00 00 ;"....";4;;COM3;;
4248;27/08/2026 13:43:02;IRP_MJ_DEVICE_CONTROL (IOCTL_SERIAL_GET_COMMSTATUS);DOWN;;;"";;;COM3;;
4249;27/08/2026 13:43:02;IRP_MJ_DEVICE_CONTROL (IOCTL_SERIAL_GET_COMMSTATUS);UP;STATUS_SUCCESS;00 00 00 00 00 00 00 00 65 00 00 00 00 00 00 00 00 00 00 00 ;"........e...........";20;;COM3;;
4250;27/08/2026 13:43:02;IRP_MJ_DEVICE_CONTROL (IOCTL_SERIAL_WAIT_ON_MASK);DOWN;;;"";;;COM3;;
4251;27/08/2026 13:43:02;IRP_MJ_DEVICE_CONTROL (IOCTL_SERIAL_GET_COMMSTATUS);DOWN;;;"";;;COM3;;
4252;27/08/2026 13:43:02;IRP_MJ_DEVICE_CONTROL (IOCTL_SERIAL_GET_COMMSTATUS);UP;STATUS_SUCCESS;00 00 00 00 00 00 00 00 65 00 00 00 00 00 00 00 00 00 00 00 ;"........e...........";20;;COM3;;
4253;27/08/2026 13:43:02;IRP_MJ_DEVICE_CONTROL (IOCTL_SERIAL_WAIT_ON_MASK);UP;STATUS_SUCCESS;01 00 00 00 ;"....";4;;COM3;;
4254;27/08/2026 13:43:02;IRP_MJ_DEVICE_CONTROL (IOCTL_SERIAL_GET_COMMSTATUS);DOWN;;;"";;;COM3;;
4255;27/08/2026 13:43:02;IRP_MJ_DEVICE_CONTROL (IOCTL_SERIAL_GET_COMMSTATUS);UP;STATUS_SUCCESS;00 00 00 00 00 00 00 00 66 00 00 00 00 00 00 00 00 00 00 00 ;"........f...........";20;;COM3;;
4256;27/08/2026 13:43:02;IRP_MJ_DEVICE_CONTROL (IOCTL_SERIAL_WAIT_ON_MASK);DOWN;;;"";;;COM3;;
4257;27/08/2026 13:43:02;IRP_MJ_DEVICE_CONTROL (IOCTL_SERIAL_WAIT_ON_MASK);UP;STATUS_SUCCESS;01 00 00 00 ;"....";4;;COM3;;
4258;27/08/2026 13:43:02;IRP_MJ_DEVICE_CONTROL (IOCTL_SERIAL_GET_COMMSTATUS);DOWN;;;"";;;COM3;;
4259;27/08/2026 13:43:02;IRP_MJ_DEVICE_CONTROL (IOCTL_SERIAL_GET_COMMSTATUS);UP;STATUS_SUCCESS;00 00 00 00 00 00 00 00 67 00 00 00 00 00 00 00 00 00 00 00 ;"........g...........";20;;COM3;;
4260;27/08/2026 13:43:02;IRP_MJ_DEVICE_CONTROL (IOCTL_SERIAL_WAIT_ON_MASK);DOWN;;;"";;;COM3;;
4261;27/08/2026 13:43:02;IRP_MJ_DEVICE_CONTROL (IOCTL_SERIAL_WAIT_ON_MASK);UP;STATUS_SUCCESS;01 00 00 00 ;"....";4;;COM3;;
4262;27/08/2026 13:43:02;IRP_MJ_DEVICE_CONTROL (IOCTL_SERIAL_GET_COMMSTATUS);DOWN;;;"";;;COM3;;
4263;27/08/2026 13:43:02;IRP_MJ_DEVICE_CONTROL (IOCTL_SERIAL_GET_COMMSTATUS);UP;STATUS_SUCCESS;00 00 00 00 00 00 00 00 68 00 00 00 00 00 00 00 00 00 00 00 ;"........h...........";20;;COM3;;
4264;27/08/2026 13:43:02;IRP_MJ_DEVICE_CONTROL (IOCTL_SERIAL_WAIT_ON_MASK);DOWN;;;"";;;COM3;;
4265;27/08/2026 13:43:02;IRP_MJ_DEVICE_CONTROL (IOCTL_SERIAL_WAIT_ON_MASK);UP;STATUS_SUCCESS;01 00 00 00 ;"....";4;;COM3;;
4266;27/08/2026 13:43:02;IRP_MJ_DEVICE_CONTROL (IOCTL_SERIAL_GET_COMMSTATUS);DOWN;;;"";;;COM3;;
4267;27/08/2026 13:43:02;IRP_MJ_DEVICE_CONTROL (IOCTL_SERIAL_GET_COMMSTATUS);UP;STATUS_SUCCESS;00 00 00 00 00 00 00 00 69 00 00 00 00 00 00 00 00 00 00 00 ;"........i...........";20;;COM3;;
4268;27/08/2026 13:43:02;IRP_MJ_DEVICE_CONTROL (IOCTL_SERIAL_WAIT_ON_MASK);DOWN;;;"";;;COM3;;
4269;27/08/2026 13:43:02;IRP_MJ_DEVICE_CONTROL (IOCTL_SERIAL_WAIT_ON_MASK);UP;STATUS_SUCCESS;01 00 00 00 ;"....";4;;COM3;;
4270;27/08/2026 13:43:02;IRP_MJ_DEVICE_CONTROL (IOCTL_SERIAL_GET_COMMSTATUS);DOWN;;;"";;;COM3;;
4271;27/08/2026 13:43:02;IRP_MJ_DEVICE_CONTROL (IOCTL_SERIAL_GET_COMMSTATUS);UP;STATUS_SUCCESS;00 00 00 00 00 00 00 00 6a 00 00 00 00 00 00 00 00 00 00 00 ;"........j...........";20;;COM3;;
4272;27/08/2026 13:43:02;IRP_MJ_DEVICE_CONTROL (IOCTL_SERIAL_WAIT_ON_MASK);DOWN;;;"";;;COM3;;
4273;27/08/2026 13:43:02;IRP_MJ_DEVICE_CONTROL (IOCTL_SERIAL_WAIT_ON_MASK);UP;STATUS_SUCCESS;01 00 00 00 ;"....";4;;COM3;;
4274;27/08/2026 13:43:02;IRP_MJ_DEVICE_CONTROL (IOCTL_SERIAL_GET_COMMSTATUS);DOWN;;;"";;;COM3;;
4275;27/08/2026 13:43:02;IRP_MJ_DEVICE_CONTROL (IOCTL_SERIAL_GET_COMMSTATUS);UP;STATUS_SUCCESS;00 00 00 00 00 00 00 00 6b 00 00 00 00 00 00 00 00 00 00 00 ;"........k...........";20;;COM3;;
4276;27/08/2026 13:43:02;IRP_MJ_DEVICE_CONTROL (IOCTL_SERIAL_WAIT_ON_MASK);DOWN;;;"";;;COM3;;
4277;27/08/2026 13:43:02;IRP_MJ_DEVICE_CONTROL (IOCTL_SERIAL_WAIT_ON_MASK);UP;STATUS_SUCCESS;01 00 00 00 ;"....";4;;COM3;;
4278;27/08/2026 13:43:02;IRP_MJ_DEVICE_CONTROL (IOCTL_SERIAL_GET_COMMSTATUS);DOWN;;;"";;;COM3;;
4279;27/08/2026 13:43:02;IRP_MJ_DEVICE_CONTROL (IOCTL_SERIAL_GET_COMMSTATUS);UP;STATUS_SUCCESS;00 00 00 00 00 00 00 00 6c 00 00 00 00 00 00 00 00 00 00 00 ;"........l...........";20;;COM3;;
4280;27/08/2026 13:43:02;IRP_MJ_DEVICE_CONTROL (IOCTL_SERIAL_WAIT_ON_MASK);DOWN;;;"";;;COM3;;
4281;27/08/2026 13:43:02;IRP_MJ_DEVICE_CONTROL (IOCTL_SERIAL_GET_COMMSTATUS);DOWN;;;"";;;COM3;;
4282;27/08/2026 13:43:02;IRP_MJ_DEVICE_CONTROL (IOCTL_SERIAL_GET_COMMSTATUS);UP;STATUS_SUCCESS;00 00 00 00 00 00 00 00 6c 00 00 00 00 00 00 00 00 00 00 00 ;"........l...........";20;;COM3;;
4283;27/08/2026 13:43:02;IRP_MJ_DEVICE_CONTROL (IOCTL_SERIAL_WAIT_ON_MASK);UP;STATUS_SUCCESS;01 00 00 00 ;"....";4;;COM3;;
4284;27/08/2026 13:43:02;IRP_MJ_DEVICE_CONTROL (IOCTL_SERIAL_GET_COMMSTATUS);DOWN;;;"";;;COM3;;
4285;27/08/2026 13:43:02;IRP_MJ_DEVICE_CONTROL (IOCTL_SERIAL_GET_COMMSTATUS);UP;STATUS_SUCCESS;00 00 00 00 00 00 00 00 6d 00 00 00 00 00 00 00 00 00 00 00 ;"........m...........";20;;COM3;;
4286;27/08/2026 13:43:02;IRP_MJ_DEVICE_CONTROL (IOCTL_SERIAL_WAIT_ON_MASK);DOWN;;;"";;;COM3;;
4287;27/08/2026 13:43:02;IRP_MJ_DEVICE_CONTROL (IOCTL_SERIAL_WAIT_ON_MASK);UP;STATUS_SUCCESS;01 00 00 00 ;"....";4;;COM3;;
4288;27/08/2026 13:43:02;IRP_MJ_DEVICE_CONTROL (IOCTL_SERIAL_GET_COMMSTATUS);DOWN;;;"";;;COM3;;
4289;27/08/2026 13:43:02;IRP_MJ_DEVICE_CONTROL (IOCTL_SERIAL_GET_COMMSTATUS);UP;STATUS_SUCCESS;00 00 00 00 00 00 00 00 6e 00 00 00 00 00 00 00 00 00 00 00 ;"........n...........";20;;COM3;;
4290;27/08/2026 13:43:02;IRP_MJ_DEVICE_CONTROL (IOCTL_SERIAL_WAIT_ON_MASK);DOWN;;;"";;;COM3;;
4291;27/08/2026 13:43:02;IRP_MJ_DEVICE_CONTROL (IOCTL_SERIAL_WAIT_ON_MASK);UP;STATUS_SUCCESS;01 00 00 00 ;"....";4;;COM3;;
4292;27/08/2026 13:43:02;IRP_MJ_DEVICE_CONTROL (IOCTL_SERIAL_GET_COMMSTATUS);DOWN;;;"";;;COM3;;
4293;27/08/2026 13:43:02;IRP_MJ_DEVICE_CONTROL (IOCTL_SERIAL_GET_COMMSTATUS);UP;STATUS_SUCCESS;00 00 00 00 00 00 00 00 6f 00 00 00 00 00 00 00 00 00 00 00 ;"........o...........";20;;COM3;;
4294;27/08/2026 13:43:02;IRP_MJ_DEVICE_CONTROL (IOCTL_SERIAL_WAIT_ON_MASK);DOWN;;;"";;;COM3;;
4295;27/08/2026 13:43:02;IRP_MJ_DEVICE_CONTROL (IOCTL_SERIAL_WAIT_ON_MASK);UP;STATUS_SUCCESS;01 00 00 00 ;"....";4;;COM3;;
4296;27/08/2026 13:43:02;IRP_MJ_DEVICE_CONTROL (IOCTL_SERIAL_GET_COMMSTATUS);DOWN;;;"";;;COM3;;
4297;27/08/2026 13:43:02;IRP_MJ_DEVICE_CONTROL (IOCTL_SERIAL_GET_COMMSTATUS);UP;STATUS_SUCCESS;00 00 00 00 00 00 00 00 70 00 00 00 00 00 00 00 00 00 00 00 ;"........p...........";20;;COM3;;
4298;27/08/2026 13:43:02;IRP_MJ_DEVICE_CONTROL (IOCTL_SERIAL_WAIT_ON_MASK);DOWN;;;"";;;COM3;;
4299;27/08/2026 13:43:02;IRP_MJ_DEVICE_CONTROL (IOCTL_SERIAL_WAIT_ON_MASK);UP;STATUS_SUCCESS;01 00 00 00 ;"....";4;;COM3;;
4300;27/08/2026 13:43:02;IRP_MJ_DEVICE_CONTROL (IOCTL_SERIAL_GET_COMMSTATUS);DOWN;;;"";;;COM3;;
4301;27/08/2026 13:43:02;IRP_MJ_DEVICE_CONTROL (IOCTL_SERIAL_GET_COMMSTATUS);UP;STATUS_SUCCESS;00 00 00 00 00 00 00 00 71 00 00 00 00 00 00 00 00 00 00 00 ;"........q...........";20;;COM3;;
4302;27/08/2026 13:43:02;IRP_MJ_DEVICE_CONTROL (IOCTL_SERIAL_WAIT_ON_MASK);DOWN;;;"";;;COM3;;
4303;27/08/2026 13:43:02;IRP_MJ_DEVICE_CONTROL (IOCTL_SERIAL_WAIT_ON_MASK);UP;STATUS_SUCCESS;01 00 00 00 ;"....";4;;COM3;;
4304;27/08/2026 13:43:02;IRP_MJ_DEVICE_CONTROL (IOCTL_SERIAL_GET_COMMSTATUS);DOWN;;;"";;;COM3;;
4305;27/08/2026 13:43:02;IRP_MJ_DEVICE_CONTROL (IOCTL_SERIAL_GET_COMMSTATUS);UP;STATUS_SUCCESS;00 00 00 00 00 00 00 00 72 00 00 00 00 00 00 00 00 00 00 00 ;"........r...........";20;;COM3;;
4306;27/08/2026 13:43:02;IRP_MJ_DEVICE_CONTROL (IOCTL_SERIAL_WAIT_ON_MASK);DOWN;;;"";;;COM3;;
4307;27/08/2026 13:43:02;IRP_MJ_DEVICE_CONTROL (IOCTL_SERIAL_GET_COMMSTATUS);DOWN;;;"";;;COM3;;
4308;27/08/2026 13:43:02;IRP_MJ_DEVICE_CONTROL (IOCTL_SERIAL_GET_COMMSTATUS);UP;STATUS_SUCCESS;00 00 00 00 00 00 00 00 72 00 00 00 00 00 00 00 00 00 00 00 ;"........r...........";20;;COM3;;
4309;27/08/2026 13:43:02;IRP_MJ_DEVICE_CONTROL (IOCTL_SERIAL_WAIT_ON_MASK);UP;STATUS_SUCCESS;01 00 00 00 ;"....";4;;COM3;;
4310;27/08/2026 13:43:02;IRP_MJ_DEVICE_CONTROL (IOCTL_SERIAL_GET_COMMSTATUS);DOWN;;;"";;;COM3;;
4311;27/08/2026 13:43:02;IRP_MJ_DEVICE_CONTROL (IOCTL_SERIAL_GET_COMMSTATUS);UP;STATUS_SUCCESS;00 00 00 00 00 00 00 00 73 00 00 00 00 00 00 00 00 00 00 00 ;"........s...........";20;;COM3;;
4312;27/08/2026 13:43:02;IRP_MJ_DEVICE_CONTROL (IOCTL_SERIAL_WAIT_ON_MASK);DOWN;;;"";;;COM3;;
4313;27/08/2026 13:43:02;IRP_MJ_DEVICE_CONTROL (IOCTL_SERIAL_WAIT_ON_MASK);UP;STATUS_SUCCESS;01 00 00 00 ;"....";4;;COM3;;
4314;27/08/2026 13:43:02;IRP_MJ_DEVICE_CONTROL (IOCTL_SERIAL_GET_COMMSTATUS);DOWN;;;"";;;COM3;;
4315;27/08/2026 13:43:02;IRP_MJ_DEVICE_CONTROL (IOCTL_SERIAL_GET_COMMSTATUS);UP;STATUS_SUCCESS;00 00 00 00 00 00 00 00 74 00 00 00 00 00 00 00 00 00 00 00 ;"........t...........";20;;COM3;;
4316;27/08/2026 13:43:02;IRP_MJ_DEVICE_CONTROL (IOCTL_SERIAL_WAIT_ON_MASK);DOWN;;;"";;;COM3;;
4317;27/08/2026 13:43:02;IRP_MJ_DEVICE_CONTROL (IOCTL_SERIAL_WAIT_ON_MASK);UP;STATUS_SUCCESS;01 00 00 00 ;"....";4;;COM3;;
4318;27/08/2026 13:43:02;IRP_MJ_DEVICE_CONTROL (IOCTL_SERIAL_GET_COMMSTATUS);DOWN;;;"";;;COM3;;
4319;27/08/2026 13:43:02;IRP_MJ_DEVICE_CONTROL (IOCTL_SERIAL_GET_COMMSTATUS);UP;STATUS_SUCCESS;00 00 00 00 00 00 00 00 75 00 00 00 00 00 00 00 00 00 00 00 ;"........u...........";20;;COM3;;
4320;27/08/2026 13:43:02;IRP_MJ_DEVICE_CONTROL (IOCTL_SERIAL_WAIT_ON_MASK);DOWN;;;"";;;COM3;;
4321;27/08/2026 13:43:02;IRP_MJ_DEVICE_CONTROL (IOCTL_SERIAL_WAIT_ON_MASK);UP;STATUS_SUCCESS;01 00 00 00 ;"....";4;;COM3;;
4322;27/08/2026 13:43:02;IRP_MJ_DEVICE_CONTROL (IOCTL_SERIAL_GET_COMMSTATUS);DOWN;;;"";;;COM3;;
4323;27/08/2026 13:43:02;IRP_MJ_DEVICE_CONTROL (IOCTL_SERIAL_GET_COMMSTATUS);UP;STATUS_SUCCESS;00 00 00 00 00 00 00 00 76 00 00 00 00 00 00 00 00 00 00 00 ;"........v...........";20;;COM3;;
4324;27/08/2026 13:43:02;IRP_MJ_DEVICE_CONTROL (IOCTL_SERIAL_WAIT_ON_MASK);DOWN;;;"";;;COM3;;
4325;27/08/2026 13:43:02;IRP_MJ_DEVICE_CONTROL (IOCTL_SERIAL_WAIT_ON_MASK);UP;STATUS_SUCCESS;01 00 00 00 ;"....";4;;COM3;;
4326;27/08/2026 13:43:02;IRP_MJ_DEVICE_CONTROL (IOCTL_SERIAL_GET_COMMSTATUS);DOWN;;;"";;;COM3;;
4327;27/08/2026 13:43:02;IRP_MJ_DEVICE_CONTROL (IOCTL_SERIAL_GET_COMMSTATUS);UP;STATUS_SUCCESS;00 00 00 00 00 00 00 00 77 00 00 00 00 00 00 00 00 00 00 00 ;"........w...........";20;;COM3;;
4328;27/08/2026 13:43:02;IRP_MJ_DEVICE_CONTROL (IOCTL_SERIAL_WAIT_ON_MASK);DOWN;;;"";;;COM3;;
4329;27/08/2026 13:43:02;IRP_MJ_DEVICE_CONTROL (IOCTL_SERIAL_WAIT_ON_MASK);UP;STATUS_SUCCESS;01 00 00 00 ;"....";4;;COM3;;
4330;27/08/2026 13:43:02;IRP_MJ_DEVICE_CONTROL (IOCTL_SERIAL_GET_COMMSTATUS);DOWN;;;"";;;COM3;;
4331;27/08/2026 13:43:02;IRP_MJ_DEVICE_CONTROL (IOCTL_SERIAL_GET_COMMSTATUS);UP;STATUS_SUCCESS;00 00 00 00 00 00 00 00 78 00 00 00 00 00 00 00 00 00 00 00 ;"........x...........";20;;COM3;;
4332;27/08/2026 13:43:02;IRP_MJ_DEVICE_CONTROL (IOCTL_SERIAL_WAIT_ON_MASK);DOWN;;;"";;;COM3;;
4333;27/08/2026 13:43:02;IRP_MJ_DEVICE_CONTROL (IOCTL_SERIAL_GET_COMMSTATUS);DOWN;;;"";;;COM3;;
4334;27/08/2026 13:43:02;IRP_MJ_DEVICE_CONTROL (IOCTL_SERIAL_GET_COMMSTATUS);UP;STATUS_SUCCESS;00 00 00 00 00 00 00 00 78 00 00 00 00 00 00 00 00 00 00 00 ;"........x...........";20;;COM3;;
4335;27/08/2026 13:43:02;IRP_MJ_DEVICE_CONTROL (IOCTL_SERIAL_WAIT_ON_MASK);UP;STATUS_SUCCESS;01 00 00 00 ;"....";4;;COM3;;
4336;27/08/2026 13:43:02;IRP_MJ_DEVICE_CONTROL (IOCTL_SERIAL_GET_COMMSTATUS);DOWN;;;"";;;COM3;;
4337;27/08/2026 13:43:02;IRP_MJ_DEVICE_CONTROL (IOCTL_SERIAL_GET_COMMSTATUS);UP;STATUS_SUCCESS;00 00 00 00 00 00 00 00 79 00 00 00 00 00 00 00 00 00 00 00 ;"........y...........";20;;COM3;;
4338;27/08/2026 13:43:02;IRP_MJ_DEVICE_CONTROL (IOCTL_SERIAL_WAIT_ON_MASK);DOWN;;;"";;;COM3;;
4339;27/08/2026 13:43:02;IRP_MJ_DEVICE_CONTROL (IOCTL_SERIAL_WAIT_ON_MASK);UP;STATUS_SUCCESS;01 00 00 00 ;"....";4;;COM3;;
4340;27/08/2026 13:43:02;IRP_MJ_DEVICE_CONTROL (IOCTL_SERIAL_GET_COMMSTATUS);DOWN;;;"";;;COM3;;
4341;27/08/2026 13:43:02;IRP_MJ_DEVICE_CONTROL (IOCTL_SERIAL_GET_COMMSTATUS);UP;STATUS_SUCCESS;00 00 00 00 00 00 00 00 7a 00 00 00 00 00 00 00 00 00 00 00 ;"........z...........";20;;COM3;;
4342;27/08/2026 13:43:02;IRP_MJ_DEVICE_CONTROL (IOCTL_SERIAL_WAIT_ON_MASK);DOWN;;;"";;;COM3;;
4343;27/08/2026 13:43:02;IRP_MJ_DEVICE_CONTROL (IOCTL_SERIAL_WAIT_ON_MASK);UP;STATUS_SUCCESS;01 00 00 00 ;"....";4;;COM3;;
4344;27/08/2026 13:43:02;IRP_MJ_DEVICE_CONTROL (IOCTL_SERIAL_GET_COMMSTATUS);DOWN;;;"";;;COM3;;
4345;27/08/2026 13:43:02;IRP_MJ_DEVICE_CONTROL (IOCTL_SERIAL_GET_COMMSTATUS);UP;STATUS_SUCCESS;00 00 00 00 00 00 00 00 7b 00 00 00 00 00 00 00 00 00 00 00 ;"........{...........";20;;COM3;;
4346;27/08/2026 13:43:02;IRP_MJ_DEVICE_CONTROL (IOCTL_SERIAL_WAIT_ON_MASK);DOWN;;;"";;;COM3;;
4347;27/08/2026 13:43:02;IRP_MJ_DEVICE_CONTROL (IOCTL_SERIAL_WAIT_ON_MASK);UP;STATUS_SUCCESS;01 00 00 00 ;"....";4;;COM3;;
4348;27/08/2026 13:43:02;IRP_MJ_DEVICE_CONTROL (IOCTL_SERIAL_GET_COMMSTATUS);DOWN;;;"";;;COM3;;
4349;27/08/2026 13:43:02;IRP_MJ_DEVICE_CONTROL (IOCTL_SERIAL_GET_COMMSTATUS);UP;STATUS_SUCCESS;00 00 00 00 00 00 00 00 7c 00 00 00 00 00 00 00 00 00 00 00 ;"........|...........";20;;COM3;;
4350;27/08/2026 13:43:02;IRP_MJ_DEVICE_CONTROL (IOCTL_SERIAL_WAIT_ON_MASK);DOWN;;;"";;;COM3;;
4351;27/08/2026 13:43:02;IRP_MJ_DEVICE_CONTROL (IOCTL_SERIAL_WAIT_ON_MASK);UP;STATUS_SUCCESS;01 00 00 00 ;"....";4;;COM3;;
4352;27/08/2026 13:43:02;IRP_MJ_DEVICE_CONTROL (IOCTL_SERIAL_GET_COMMSTATUS);DOWN;;;"";;;COM3;;
4353;27/08/2026 13:43:02;IRP_MJ_DEVICE_CONTROL (IOCTL_SERIAL_GET_COMMSTATUS);UP;STATUS_SUCCESS;00 00 00 00 00 00 00 00 7d 00 00 00 00 00 00 00 00 00 00 00 ;"........}...........";20;;COM3;;
4354;27/08/2026 13:43:02;IRP_MJ_DEVICE_CONTROL (IOCTL_SERIAL_WAIT_ON_MASK);DOWN;;;"";;;COM3;;
4355;27/08/2026 13:43:02;IRP_MJ_DEVICE_CONTROL (IOCTL_SERIAL_WAIT_ON_MASK);UP;STATUS_SUCCESS;01 00 00 00 ;"....";4;;COM3;;
4356;27/08/2026 13:43:02;IRP_MJ_DEVICE_CONTROL (IOCTL_SERIAL_GET_COMMSTATUS);DOWN;;;"";;;COM3;;
4357;27/08/2026 13:43:02;IRP_MJ_DEVICE_CONTROL (IOCTL_SERIAL_GET_COMMSTATUS);UP;STATUS_SUCCESS;00 00 00 00 00 00 00 00 7e 00 00 00 00 00 00 00 00 00 00 00 ;"........~...........";20;;COM3;;
4358;27/08/2026 13:43:02;IRP_MJ_DEVICE_CONTROL (IOCTL_SERIAL_WAIT_ON_MASK);DOWN;;;"";;;COM3;;
4359;27/08/2026 13:43:02;IRP_MJ_DEVICE_CONTROL (IOCTL_SERIAL_WAIT_ON_MASK);UP;STATUS_SUCCESS;01 00 00 00 ;"....";4;;COM3;;
4360;27/08/2026 13:43:02;IRP_MJ_DEVICE_CONTROL (IOCTL_SERIAL_GET_COMMSTATUS);DOWN;;;"";;;COM3;;
4361;27/08/2026 13:43:02;IRP_MJ_DEVICE_CONTROL (IOCTL_SERIAL_GET_COMMSTATUS);UP;STATUS_SUCCESS;00 00 00 00 00 00 00 00 7f 00 00 00 00 00 00 00 00 00 00 00 ;"...................";20;;COM3;;
4362;27/08/2026 13:43:02;IRP_MJ_DEVICE_CONTROL (IOCTL_SERIAL_WAIT_ON_MASK);DOWN;;;"";;;COM3;;
4363;27/08/2026 13:43:02;IRP_MJ_DEVICE_CONTROL (IOCTL_SERIAL_GET_COMMSTATUS);DOWN;;;"";;;COM3;;
4364;27/08/2026 13:43:02;IRP_MJ_DEVICE_CONTROL (IOCTL_SERIAL_GET_COMMSTATUS);UP;STATUS_SUCCESS;00 00 00 00 00 00 00 00 7f 00 00 00 00 00 00 00 00 00 00 00 ;"...................";20;;COM3;;
4365;27/08/2026 13:43:02;IRP_MJ_DEVICE_CONTROL (IOCTL_SERIAL_WAIT_ON_MASK);UP;STATUS_SUCCESS;01 00 00 00 ;"....";4;;COM3;;
4366;27/08/2026 13:43:02;IRP_MJ_DEVICE_CONTROL (IOCTL_SERIAL_GET_COMMSTATUS);DOWN;;;"";;;COM3;;
4367;27/08/2026 13:43:02;IRP_MJ_DEVICE_CONTROL (IOCTL_SERIAL_GET_COMMSTATUS);UP;STATUS_SUCCESS;00 00 00 00 00 00 00 00 80 00 00 00 00 00 00 00 00 00 00 00 ;"........Ä...........";20;;COM3;;
4368;27/08/2026 13:43:02;IRP_MJ_DEVICE_CONTROL (IOCTL_SERIAL_WAIT_ON_MASK);DOWN;;;"";;;COM3;;
4369;27/08/2026 13:43:02;IRP_MJ_DEVICE_CONTROL (IOCTL_SERIAL_WAIT_ON_MASK);UP;STATUS_SUCCESS;01 00 00 00 ;"....";4;;COM3;;
4370;27/08/2026 13:43:02;IRP_MJ_DEVICE_CONTROL (IOCTL_SERIAL_GET_COMMSTATUS);DOWN;;;"";;;COM3;;
4371;27/08/2026 13:43:02;IRP_MJ_DEVICE_CONTROL (IOCTL_SERIAL_GET_COMMSTATUS);UP;STATUS_SUCCESS;00 00 00 00 00 00 00 00 81 00 00 00 00 00 00 00 00 00 00 00 ;"........Å...........";20;;COM3;;
4372;27/08/2026 13:43:02;IRP_MJ_DEVICE_CONTROL (IOCTL_SERIAL_WAIT_ON_MASK);DOWN;;;"";;;COM3;;
4373;27/08/2026 13:43:02;IRP_MJ_DEVICE_CONTROL (IOCTL_SERIAL_WAIT_ON_MASK);UP;STATUS_SUCCESS;01 00 00 00 ;"....";4;;COM3;;
4374;27/08/2026 13:43:02;IRP_MJ_DEVICE_CONTROL (IOCTL_SERIAL_GET_COMMSTATUS);DOWN;;;"";;;COM3;;
4375;27/08/2026 13:43:02;IRP_MJ_DEVICE_CONTROL (IOCTL_SERIAL_GET_COMMSTATUS);UP;STATUS_SUCCESS;00 00 00 00 00 00 00 00 82 00 00 00 00 00 00 00 00 00 00 00 ;"........Ç...........";20;;COM3;;
4376;27/08/2026 13:43:02;IRP_MJ_DEVICE_CONTROL (IOCTL_SERIAL_WAIT_ON_MASK);DOWN;;;"";;;COM3;;
4377;27/08/2026 13:43:02;IRP_MJ_DEVICE_CONTROL (IOCTL_SERIAL_WAIT_ON_MASK);UP;STATUS_SUCCESS;01 00 00 00 ;"....";4;;COM3;;
4378;27/08/2026 13:43:02;IRP_MJ_DEVICE_CONTROL (IOCTL_SERIAL_GET_COMMSTATUS);DOWN;;;"";;;COM3;;
4379;27/08/2026 13:43:02;IRP_MJ_DEVICE_CONTROL (IOCTL_SERIAL_GET_COMMSTATUS);UP;STATUS_SUCCESS;00 00 00 00 00 00 00 00 83 00 00 00 00 00 00 00 00 00 00 00 ;"........É...........";20;;COM3;;
4380;27/08/2026 13:43:02;IRP_MJ_DEVICE_CONTROL (IOCTL_SERIAL_WAIT_ON_MASK);DOWN;;;"";;;COM3;;
4381;27/08/2026 13:43:02;IRP_MJ_DEVICE_CONTROL (IOCTL_SERIAL_WAIT_ON_MASK);UP;STATUS_SUCCESS;01 00 00 00 ;"....";4;;COM3;;
4382;27/08/2026 13:43:02;IRP_MJ_DEVICE_CONTROL (IOCTL_SERIAL_GET_COMMSTATUS);DOWN;;;"";;;COM3;;
4383;27/08/2026 13:43:02;IRP_MJ_DEVICE_CONTROL (IOCTL_SERIAL_GET_COMMSTATUS);UP;STATUS_SUCCESS;00 00 00 00 00 00 00 00 84 00 00 00 00 00 00 00 00 00 00 00 ;"........Ñ...........";20;;COM3;;
4384;27/08/2026 13:43:02;IRP_MJ_DEVICE_CONTROL (IOCTL_SERIAL_WAIT_ON_MASK);DOWN;;;"";;;COM3;;
4385;27/08/2026 13:43:02;IRP_MJ_DEVICE_CONTROL (IOCTL_SERIAL_WAIT_ON_MASK);UP;STATUS_SUCCESS;01 00 00 00 ;"....";4;;COM3;;
4386;27/08/2026 13:43:02;IRP_MJ_DEVICE_CONTROL (IOCTL_SERIAL_GET_COMMSTATUS);DOWN;;;"";;;COM3;;
4387;27/08/2026 13:43:02;IRP_MJ_DEVICE_CONTROL (IOCTL_SERIAL_GET_COMMSTATUS);UP;STATUS_SUCCESS;00 00 00 00 00 00 00 00 85 00 00 00 00 00 00 00 00 00 00 00 ;"........Ö...........";20;;COM3;;
4388;27/08/2026 13:43:02;IRP_MJ_DEVICE_CONTROL (IOCTL_SERIAL_WAIT_ON_MASK);DOWN;;;"";;;COM3;;
4389;27/08/2026 13:43:02;IRP_MJ_DEVICE_CONTROL (IOCTL_SERIAL_WAIT_ON_MASK);UP;STATUS_SUCCESS;01 00 00 00 ;"....";4;;COM3;;
4390;27/08/2026 13:43:02;IRP_MJ_DEVICE_CONTROL (IOCTL_SERIAL_GET_COMMSTATUS);DOWN;;;"";;;COM3;;
4391;27/08/2026 13:43:02;IRP_MJ_DEVICE_CONTROL (IOCTL_SERIAL_GET_COMMSTATUS);UP;STATUS_SUCCESS;00 00 00 00 00 00 00 00 86 00 00 00 00 00 00 00 00 00 00 00 ;"........Ü...........";20;;COM3;;
4392;27/08/2026 13:43:02;IRP_MJ_DEVICE_CONTROL (IOCTL_SERIAL_WAIT_ON_MASK);DOWN;;;"";;;COM3;;
4393;27/08/2026 13:43:02;IRP_MJ_DEVICE_CONTROL (IOCTL_SERIAL_GET_COMMSTATUS);DOWN;;;"";;;COM3;;
4394;27/08/2026 13:43:02;IRP_MJ_DEVICE_CONTROL (IOCTL_SERIAL_GET_COMMSTATUS);UP;STATUS_SUCCESS;00 00 00 00 00 00 00 00 86 00 00 00 00 00 00 00 00 00 00 00 ;"........Ü...........";20;;COM3;;
4395;27/08/2026 13:43:02;IRP_MJ_DEVICE_CONTROL (IOCTL_SERIAL_WAIT_ON_MASK);UP;STATUS_SUCCESS;01 00 00 00 ;"....";4;;COM3;;
4396;27/08/2026 13:43:02;IRP_MJ_DEVICE_CONTROL (IOCTL_SERIAL_GET_COMMSTATUS);DOWN;;;"";;;COM3;;
4397;27/08/2026 13:43:02;IRP_MJ_DEVICE_CONTROL (IOCTL_SERIAL_GET_COMMSTATUS);UP;STATUS_SUCCESS;00 00 00 00 00 00 00 00 87 00 00 00 00 00 00 00 00 00 00 00 ;"........á...........";20;;COM3;;
4398;27/08/2026 13:43:02;IRP_MJ_DEVICE_CONTROL (IOCTL_SERIAL_WAIT_ON_MASK);DOWN;;;"";;;COM3;;
4399;27/08/2026 13:43:02;IRP_MJ_DEVICE_CONTROL (IOCTL_SERIAL_WAIT_ON_MASK);UP;STATUS_SUCCESS;01 00 00 00 ;"....";4;;COM3;;
4400;27/08/2026 13:43:02;IRP_MJ_DEVICE_CONTROL (IOCTL_SERIAL_GET_COMMSTATUS);DOWN;;;"";;;COM3;;
4401;27/08/2026 13:43:02;IRP_MJ_DEVICE_CONTROL (IOCTL_SERIAL_GET_COMMSTATUS);UP;STATUS_SUCCESS;00 00 00 00 00 00 00 00 88 00 00 00 00 00 00 00 00 00 00 00 ;"........à...........";20;;COM3;;
4402;27/08/2026 13:43:02;IRP_MJ_DEVICE_CONTROL (IOCTL_SERIAL_WAIT_ON_MASK);DOWN;;;"";;;COM3;;
4403;27/08/2026 13:43:02;IRP_MJ_DEVICE_CONTROL (IOCTL_SERIAL_WAIT_ON_MASK);UP;STATUS_SUCCESS;01 00 00 00 ;"....";4;;COM3;;
4404;27/08/2026 13:43:02;IRP_MJ_DEVICE_CONTROL (IOCTL_SERIAL_GET_COMMSTATUS);DOWN;;;"";;;COM3;;
4405;27/08/2026 13:43:02;IRP_MJ_DEVICE_CONTROL (IOCTL_SERIAL_GET_COMMSTATUS);UP;STATUS_SUCCESS;00 00 00 00 00 00 00 00 89 00 00 00 00 00 00 00 00 00 00 00 ;"........â...........";20;;COM3;;
4406;27/08/2026 13:43:02;IRP_MJ_DEVICE_CONTROL (IOCTL_SERIAL_WAIT_ON_MASK);DOWN;;;"";;;COM3;;
4407;27/08/2026 13:43:02;IRP_MJ_DEVICE_CONTROL (IOCTL_SERIAL_WAIT_ON_MASK);UP;STATUS_SUCCESS;01 00 00 00 ;"....";4;;COM3;;
4408;27/08/2026 13:43:02;IRP_MJ_DEVICE_CONTROL (IOCTL_SERIAL_GET_COMMSTATUS);DOWN;;;"";;;COM3;;
4409;27/08/2026 13:43:02;IRP_MJ_DEVICE_CONTROL (IOCTL_SERIAL_GET_COMMSTATUS);UP;STATUS_SUCCESS;00 00 00 00 00 00 00 00 8a 00 00 00 00 00 00 00 00 00 00 00 ;"........ä...........";20;;COM3;;
4410;27/08/2026 13:43:02;IRP_MJ_DEVICE_CONTROL (IOCTL_SERIAL_WAIT_ON_MASK);DOWN;;;"";;;COM3;;
4411;27/08/2026 13:43:02;IRP_MJ_DEVICE_CONTROL (IOCTL_SERIAL_WAIT_ON_MASK);UP;STATUS_SUCCESS;01 00 00 00 ;"....";4;;COM3;;
4412;27/08/2026 13:43:02;IRP_MJ_DEVICE_CONTROL (IOCTL_SERIAL_GET_COMMSTATUS);DOWN;;;"";;;COM3;;
4413;27/08/2026 13:43:02;IRP_MJ_DEVICE_CONTROL (IOCTL_SERIAL_GET_COMMSTATUS);UP;STATUS_SUCCESS;00 00 00 00 00 00 00 00 8b 00 00 00 00 00 00 00 00 00 00 00 ;"........ã...........";20;;COM3;;
4414;27/08/2026 13:43:02;IRP_MJ_DEVICE_CONTROL (IOCTL_SERIAL_WAIT_ON_MASK);DOWN;;;"";;;COM3;;
4415;27/08/2026 13:43:02;IRP_MJ_DEVICE_CONTROL (IOCTL_SERIAL_WAIT_ON_MASK);UP;STATUS_SUCCESS;01 00 00 00 ;"....";4;;COM3;;
4416;27/08/2026 13:43:02;IRP_MJ_DEVICE_CONTROL (IOCTL_SERIAL_GET_COMMSTATUS);DOWN;;;"";;;COM3;;
4417;27/08/2026 13:43:02;IRP_MJ_DEVICE_CONTROL (IOCTL_SERIAL_GET_COMMSTATUS);UP;STATUS_SUCCESS;00 00 00 00 00 00 00 00 8c 00 00 00 00 00 00 00 00 00 00 00 ;"........å...........";20;;COM3;;
4418;27/08/2026 13:43:02;IRP_MJ_DEVICE_CONTROL (IOCTL_SERIAL_WAIT_ON_MASK);DOWN;;;"";;;COM3;;
4419;27/08/2026 13:43:02;IRP_MJ_DEVICE_CONTROL (IOCTL_SERIAL_GET_COMMSTATUS);DOWN;;;"";;;COM3;;
4420;27/08/2026 13:43:02;IRP_MJ_DEVICE_CONTROL (IOCTL_SERIAL_GET_COMMSTATUS);UP;STATUS_SUCCESS;00 00 00 00 00 00 00 00 8c 00 00 00 00 00 00 00 00 00 00 00 ;"........å...........";20;;COM3;;
4421;27/08/2026 13:43:02;IRP_MJ_DEVICE_CONTROL (IOCTL_SERIAL_WAIT_ON_MASK);UP;STATUS_SUCCESS;01 00 00 00 ;"....";4;;COM3;;
4422;27/08/2026 13:43:02;IRP_MJ_DEVICE_CONTROL (IOCTL_SERIAL_GET_COMMSTATUS);DOWN;;;"";;;COM3;;
4423;27/08/2026 13:43:02;IRP_MJ_DEVICE_CONTROL (IOCTL_SERIAL_GET_COMMSTATUS);UP;STATUS_SUCCESS;00 00 00 00 00 00 00 00 8d 00 00 00 00 00 00 00 00 00 00 00 ;"........ç...........";20;;COM3;;
4424;27/08/2026 13:43:02;IRP_MJ_DEVICE_CONTROL (IOCTL_SERIAL_WAIT_ON_MASK);DOWN;;;"";;;COM3;;
4425;27/08/2026 13:43:02;IRP_MJ_DEVICE_CONTROL (IOCTL_SERIAL_WAIT_ON_MASK);UP;STATUS_SUCCESS;01 00 00 00 ;"....";4;;COM3;;
4426;27/08/2026 13:43:02;IRP_MJ_DEVICE_CONTROL (IOCTL_SERIAL_GET_COMMSTATUS);DOWN;;;"";;;COM3;;
4427;27/08/2026 13:43:02;IRP_MJ_DEVICE_CONTROL (IOCTL_SERIAL_GET_COMMSTATUS);UP;STATUS_SUCCESS;00 00 00 00 00 00 00 00 8e 00 00 00 00 00 00 00 00 00 00 00 ;"........é...........";20;;COM3;;
4428;27/08/2026 13:43:02;IRP_MJ_DEVICE_CONTROL (IOCTL_SERIAL_WAIT_ON_MASK);DOWN;;;"";;;COM3;;
4429;27/08/2026 13:43:02;IRP_MJ_DEVICE_CONTROL (IOCTL_SERIAL_WAIT_ON_MASK);UP;STATUS_SUCCESS;01 00 00 00 ;"....";4;;COM3;;
4430;27/08/2026 13:43:02;IRP_MJ_DEVICE_CONTROL (IOCTL_SERIAL_GET_COMMSTATUS);DOWN;;;"";;;COM3;;
4431;27/08/2026 13:43:02;IRP_MJ_DEVICE_CONTROL (IOCTL_SERIAL_GET_COMMSTATUS);UP;STATUS_SUCCESS;00 00 00 00 00 00 00 00 8f 00 00 00 00 00 00 00 00 00 00 00 ;"........è...........";20;;COM3;;
4432;27/08/2026 13:43:02;IRP_MJ_DEVICE_CONTROL (IOCTL_SERIAL_WAIT_ON_MASK);DOWN;;;"";;;COM3;;
4433;27/08/2026 13:43:02;IRP_MJ_DEVICE_CONTROL (IOCTL_SERIAL_WAIT_ON_MASK);UP;STATUS_SUCCESS;01 00 00 00 ;"....";4;;COM3;;
4434;27/08/2026 13:43:02;IRP_MJ_DEVICE_CONTROL (IOCTL_SERIAL_GET_COMMSTATUS);DOWN;;;"";;;COM3;;
4435;27/08/2026 13:43:02;IRP_MJ_DEVICE_CONTROL (IOCTL_SERIAL_GET_COMMSTATUS);UP;STATUS_SUCCESS;00 00 00 00 00 00 00 00 90 00 00 00 00 00 00 00 00 00 00 00 ;"........ê...........";20;;COM3;;
4436;27/08/2026 13:43:02;IRP_MJ_DEVICE_CONTROL (IOCTL_SERIAL_WAIT_ON_MASK);DOWN;;;"";;;COM3;;
4437;27/08/2026 13:43:02;IRP_MJ_DEVICE_CONTROL (IOCTL_SERIAL_WAIT_ON_MASK);UP;STATUS_SUCCESS;01 00 00 00 ;"....";4;;COM3;;
4438;27/08/2026 13:43:02;IRP_MJ_DEVICE_CONTROL (IOCTL_SERIAL_GET_COMMSTATUS);DOWN;;;"";;;COM3;;
4439;27/08/2026 13:43:02;IRP_MJ_DEVICE_CONTROL (IOCTL_SERIAL_GET_COMMSTATUS);UP;STATUS_SUCCESS;00 00 00 00 00 00 00 00 91 00 00 00 00 00 00 00 00 00 00 00 ;"........ë...........";20;;COM3;;
4440;27/08/2026 13:43:02;IRP_MJ_DEVICE_CONTROL (IOCTL_SERIAL_WAIT_ON_MASK);DOWN;;;"";;;COM3;;
4441;27/08/2026 13:43:02;IRP_MJ_DEVICE_CONTROL (IOCTL_SERIAL_WAIT_ON_MASK);UP;STATUS_SUCCESS;01 00 00 00 ;"....";4;;COM3;;
4442;27/08/2026 13:43:02;IRP_MJ_DEVICE_CONTROL (IOCTL_SERIAL_GET_COMMSTATUS);DOWN;;;"";;;COM3;;
4443;27/08/2026 13:43:02;IRP_MJ_DEVICE_CONTROL (IOCTL_SERIAL_GET_COMMSTATUS);UP;STATUS_SUCCESS;00 00 00 00 00 00 00 00 92 00 00 00 00 00 00 00 00 00 00 00 ;"........í...........";20;;COM3;;
4444;27/08/2026 13:43:02;IRP_MJ_DEVICE_CONTROL (IOCTL_SERIAL_WAIT_ON_MASK);DOWN;;;"";;;COM3;;
4445;27/08/2026 13:43:02;IRP_MJ_DEVICE_CONTROL (IOCTL_SERIAL_WAIT_ON_MASK);UP;STATUS_SUCCESS;01 00 00 00 ;"....";4;;COM3;;
4446;27/08/2026 13:43:02;IRP_MJ_DEVICE_CONTROL (IOCTL_SERIAL_GET_COMMSTATUS);DOWN;;;"";;;COM3;;
4447;27/08/2026 13:43:02;IRP_MJ_DEVICE_CONTROL (IOCTL_SERIAL_GET_COMMSTATUS);UP;STATUS_SUCCESS;00 00 00 00 00 00 00 00 93 00 00 00 00 00 00 00 00 00 00 00 ;"........ì...........";20;;COM3;;
4448;27/08/2026 13:43:02;IRP_MJ_DEVICE_CONTROL (IOCTL_SERIAL_WAIT_ON_MASK);DOWN;;;"";;;COM3;;
4449;27/08/2026 13:43:02;IRP_MJ_DEVICE_CONTROL (IOCTL_SERIAL_GET_COMMSTATUS);DOWN;;;"";;;COM3;;
4450;27/08/2026 13:43:02;IRP_MJ_DEVICE_CONTROL (IOCTL_SERIAL_GET_COMMSTATUS);UP;STATUS_SUCCESS;00 00 00 00 00 00 00 00 93 00 00 00 00 00 00 00 00 00 00 00 ;"........ì...........";20;;COM3;;
4451;27/08/2026 13:43:02;IRP_MJ_DEVICE_CONTROL (IOCTL_SERIAL_WAIT_ON_MASK);UP;STATUS_SUCCESS;01 00 00 00 ;"....";4;;COM3;;
4452;27/08/2026 13:43:02;IRP_MJ_DEVICE_CONTROL (IOCTL_SERIAL_GET_COMMSTATUS);DOWN;;;"";;;COM3;;
4453;27/08/2026 13:43:02;IRP_MJ_DEVICE_CONTROL (IOCTL_SERIAL_GET_COMMSTATUS);UP;STATUS_SUCCESS;00 00 00 00 00 00 00 00 94 00 00 00 00 00 00 00 00 00 00 00 ;"........î...........";20;;COM3;;
4454;27/08/2026 13:43:02;IRP_MJ_DEVICE_CONTROL (IOCTL_SERIAL_WAIT_ON_MASK);DOWN;;;"";;;COM3;;
4455;27/08/2026 13:43:02;IRP_MJ_DEVICE_CONTROL (IOCTL_SERIAL_WAIT_ON_MASK);UP;STATUS_SUCCESS;01 00 00 00 ;"....";4;;COM3;;
4456;27/08/2026 13:43:02;IRP_MJ_DEVICE_CONTROL (IOCTL_SERIAL_GET_COMMSTATUS);DOWN;;;"";;;COM3;;
4457;27/08/2026 13:43:02;IRP_MJ_DEVICE_CONTROL (IOCTL_SERIAL_GET_COMMSTATUS);UP;STATUS_SUCCESS;00 00 00 00 00 00 00 00 95 00 00 00 00 00 00 00 00 00 00 00 ;"........ï...........";20;;COM3;;
4458;27/08/2026 13:43:02;IRP_MJ_DEVICE_CONTROL (IOCTL_SERIAL_WAIT_ON_MASK);DOWN;;;"";;;COM3;;
4459;27/08/2026 13:43:02;IRP_MJ_DEVICE_CONTROL (IOCTL_SERIAL_WAIT_ON_MASK);UP;STATUS_SUCCESS;01 00 00 00 ;"....";4;;COM3;;
4460;27/08/2026 13:43:02;IRP_MJ_DEVICE_CONTROL (IOCTL_SERIAL_GET_COMMSTATUS);DOWN;;;"";;;COM3;;
4461;27/08/2026 13:43:02;IRP_MJ_DEVICE_CONTROL (IOCTL_SERIAL_GET_COMMSTATUS);UP;STATUS_SUCCESS;00 00 00 00 00 00 00 00 96 00 00 00 00 00 00 00 00 00 00 00 ;"........ñ...........";20;;COM3;;
4462;27/08/2026 13:43:02;IRP_MJ_DEVICE_CONTROL (IOCTL_SERIAL_WAIT_ON_MASK);DOWN;;;"";;;COM3;;
4463;27/08/2026 13:43:02;IRP_MJ_DEVICE_CONTROL (IOCTL_SERIAL_WAIT_ON_MASK);UP;STATUS_SUCCESS;01 00 00 00 ;"....";4;;COM3;;
4464;27/08/2026 13:43:02;IRP_MJ_DEVICE_CONTROL (IOCTL_SERIAL_GET_COMMSTATUS);DOWN;;;"";;;COM3;;
4465;27/08/2026 13:43:02;IRP_MJ_DEVICE_CONTROL (IOCTL_SERIAL_GET_COMMSTATUS);UP;STATUS_SUCCESS;00 00 00 00 00 00 00 00 97 00 00 00 00 00 00 00 00 00 00 00 ;"........ó...........";20;;COM3;;
4466;27/08/2026 13:43:02;IRP_MJ_DEVICE_CONTROL (IOCTL_SERIAL_WAIT_ON_MASK);DOWN;;;"";;;COM3;;
4467;27/08/2026 13:43:02;IRP_MJ_DEVICE_CONTROL (IOCTL_SERIAL_WAIT_ON_MASK);UP;STATUS_SUCCESS;01 00 00 00 ;"....";4;;COM3;;
4468;27/08/2026 13:43:02;IRP_MJ_DEVICE_CONTROL (IOCTL_SERIAL_GET_COMMSTATUS);DOWN;;;"";;;COM3;;
4469;27/08/2026 13:43:02;IRP_MJ_DEVICE_CONTROL (IOCTL_SERIAL_GET_COMMSTATUS);UP;STATUS_SUCCESS;00 00 00 00 00 00 00 00 98 00 00 00 00 00 00 00 00 00 00 00 ;"........ò...........";20;;COM3;;
4470;27/08/2026 13:43:02;IRP_MJ_DEVICE_CONTROL (IOCTL_SERIAL_WAIT_ON_MASK);DOWN;;;"";;;COM3;;
4471;27/08/2026 13:43:02;IRP_MJ_DEVICE_CONTROL (IOCTL_SERIAL_WAIT_ON_MASK);UP;STATUS_SUCCESS;01 00 00 00 ;"....";4;;COM3;;
4472;27/08/2026 13:43:02;IRP_MJ_DEVICE_CONTROL (IOCTL_SERIAL_GET_COMMSTATUS);DOWN;;;"";;;COM3;;
4473;27/08/2026 13:43:02;IRP_MJ_DEVICE_CONTROL (IOCTL_SERIAL_GET_COMMSTATUS);UP;STATUS_SUCCESS;00 00 00 00 00 00 00 00 99 00 00 00 00 00 00 00 00 00 00 00 ;"........ô...........";20;;COM3;;
4474;27/08/2026 13:43:02;IRP_MJ_DEVICE_CONTROL (IOCTL_SERIAL_WAIT_ON_MASK);DOWN;;;"";;;COM3;;
4475;27/08/2026 13:43:02;IRP_MJ_DEVICE_CONTROL (IOCTL_SERIAL_WAIT_ON_MASK);UP;STATUS_SUCCESS;01 00 00 00 ;"....";4;;COM3;;
4476;27/08/2026 13:43:02;IRP_MJ_DEVICE_CONTROL (IOCTL_SERIAL_GET_COMMSTATUS);DOWN;;;"";;;COM3;;
4477;27/08/2026 13:43:02;IRP_MJ_DEVICE_CONTROL (IOCTL_SERIAL_GET_COMMSTATUS);UP;STATUS_SUCCESS;00 00 00 00 00 00 00 00 9a 00 00 00 00 00 00 00 00 00 00 00 ;"........ö...........";20;;COM3;;
4478;27/08/2026 13:43:02;IRP_MJ_DEVICE_CONTROL (IOCTL_SERIAL_WAIT_ON_MASK);DOWN;;;"";;;COM3;;
4479;27/08/2026 13:43:02;IRP_MJ_DEVICE_CONTROL (IOCTL_SERIAL_GET_COMMSTATUS);DOWN;;;"";;;COM3;;
4480;27/08/2026 13:43:02;IRP_MJ_DEVICE_CONTROL (IOCTL_SERIAL_GET_COMMSTATUS);UP;STATUS_SUCCESS;00 00 00 00 00 00 00 00 9a 00 00 00 00 00 00 00 00 00 00 00 ;"........ö...........";20;;COM3;;
4481;27/08/2026 13:43:02;IRP_MJ_DEVICE_CONTROL (IOCTL_SERIAL_WAIT_ON_MASK);UP;STATUS_SUCCESS;01 00 00 00 ;"....";4;;COM3;;
4482;27/08/2026 13:43:02;IRP_MJ_DEVICE_CONTROL (IOCTL_SERIAL_GET_COMMSTATUS);DOWN;;;"";;;COM3;;
4483;27/08/2026 13:43:02;IRP_MJ_DEVICE_CONTROL (IOCTL_SERIAL_GET_COMMSTATUS);UP;STATUS_SUCCESS;00 00 00 00 00 00 00 00 9b 00 00 00 00 00 00 00 00 00 00 00 ;"........õ...........";20;;COM3;;
4484;27/08/2026 13:43:02;IRP_MJ_DEVICE_CONTROL (IOCTL_SERIAL_WAIT_ON_MASK);DOWN;;;"";;;COM3;;
4485;27/08/2026 13:43:02;IRP_MJ_DEVICE_CONTROL (IOCTL_SERIAL_WAIT_ON_MASK);UP;STATUS_SUCCESS;01 00 00 00 ;"....";4;;COM3;;
4486;27/08/2026 13:43:02;IRP_MJ_DEVICE_CONTROL (IOCTL_SERIAL_GET_COMMSTATUS);DOWN;;;"";;;COM3;;
4487;27/08/2026 13:43:02;IRP_MJ_DEVICE_CONTROL (IOCTL_SERIAL_GET_COMMSTATUS);UP;STATUS_SUCCESS;00 00 00 00 00 00 00 00 9c 00 00 00 00 00 00 00 00 00 00 00 ;"........ú...........";20;;COM3;;
4488;27/08/2026 13:43:02;IRP_MJ_DEVICE_CONTROL (IOCTL_SERIAL_WAIT_ON_MASK);DOWN;;;"";;;COM3;;
4489;27/08/2026 13:43:02;IRP_MJ_DEVICE_CONTROL (IOCTL_SERIAL_WAIT_ON_MASK);UP;STATUS_SUCCESS;01 00 00 00 ;"....";4;;COM3;;
4490;27/08/2026 13:43:02;IRP_MJ_DEVICE_CONTROL (IOCTL_SERIAL_GET_COMMSTATUS);DOWN;;;"";;;COM3;;
4491;27/08/2026 13:43:02;IRP_MJ_DEVICE_CONTROL (IOCTL_SERIAL_GET_COMMSTATUS);UP;STATUS_SUCCESS;00 00 00 00 00 00 00 00 9d 00 00 00 00 00 00 00 00 00 00 00 ;"........ù...........";20;;COM3;;
4492;27/08/2026 13:43:02;IRP_MJ_DEVICE_CONTROL (IOCTL_SERIAL_WAIT_ON_MASK);DOWN;;;"";;;COM3;;
4493;27/08/2026 13:43:02;IRP_MJ_DEVICE_CONTROL (IOCTL_SERIAL_WAIT_ON_MASK);UP;STATUS_SUCCESS;01 00 00 00 ;"....";4;;COM3;;
4494;27/08/2026 13:43:02;IRP_MJ_DEVICE_CONTROL (IOCTL_SERIAL_GET_COMMSTATUS);DOWN;;;"";;;COM3;;
4495;27/08/2026 13:43:02;IRP_MJ_DEVICE_CONTROL (IOCTL_SERIAL_GET_COMMSTATUS);UP;STATUS_SUCCESS;00 00 00 00 00 00 00 00 9e 00 00 00 00 00 00 00 00 00 00 00 ;"........û...........";20;;COM3;;
4496;27/08/2026 13:43:02;IRP_MJ_DEVICE_CONTROL (IOCTL_SERIAL_WAIT_ON_MASK);DOWN;;;"";;;COM3;;
4497;27/08/2026 13:43:02;IRP_MJ_DEVICE_CONTROL (IOCTL_SERIAL_WAIT_ON_MASK);UP;STATUS_SUCCESS;01 00 00 00 ;"....";4;;COM3;;
4498;27/08/2026 13:43:02;IRP_MJ_DEVICE_CONTROL (IOCTL_SERIAL_GET_COMMSTATUS);DOWN;;;"";;;COM3;;
4499;27/08/2026 13:43:02;IRP_MJ_DEVICE_CONTROL (IOCTL_SERIAL_GET_COMMSTATUS);UP;STATUS_SUCCESS;00 00 00 00 00 00 00 00 9f 00 00 00 00 00 00 00 00 00 00 00 ;"........ü...........";20;;COM3;;
4500;27/08/2026 13:43:02;IRP_MJ_DEVICE_CONTROL (IOCTL_SERIAL_WAIT_ON_MASK);DOWN;;;"";;;COM3;;
4501;27/08/2026 13:43:02;IRP_MJ_DEVICE_CONTROL (IOCTL_SERIAL_WAIT_ON_MASK);UP;STATUS_SUCCESS;01 00 00 00 ;"....";4;;COM3;;
4502;27/08/2026 13:43:02;IRP_MJ_DEVICE_CONTROL (IOCTL_SERIAL_GET_COMMSTATUS);DOWN;;;"";;;COM3;;
4503;27/08/2026 13:43:02;IRP_MJ_DEVICE_CONTROL (IOCTL_SERIAL_GET_COMMSTATUS);UP;STATUS_SUCCESS;00 00 00 00 00 00 00 00 a0 00 00 00 00 00 00 00 00 00 00 00 ;"........†...........";20;;COM3;;
4504;27/08/2026 13:43:02;IRP_MJ_DEVICE_CONTROL (IOCTL_SERIAL_WAIT_ON_MASK);DOWN;;;"";;;COM3;;
4505;27/08/2026 13:43:02;IRP_MJ_DEVICE_CONTROL (IOCTL_SERIAL_GET_COMMSTATUS);DOWN;;;"";;;COM3;;
4506;27/08/2026 13:43:02;IRP_MJ_DEVICE_CONTROL (IOCTL_SERIAL_GET_COMMSTATUS);UP;STATUS_SUCCESS;00 00 00 00 00 00 00 00 a0 00 00 00 00 00 00 00 00 00 00 00 ;"........†...........";20;;COM3;;
4507;27/08/2026 13:43:02;IRP_MJ_DEVICE_CONTROL (IOCTL_SERIAL_WAIT_ON_MASK);UP;STATUS_SUCCESS;01 00 00 00 ;"....";4;;COM3;;
4508;27/08/2026 13:43:02;IRP_MJ_DEVICE_CONTROL (IOCTL_SERIAL_GET_COMMSTATUS);DOWN;;;"";;;COM3;;
4509;27/08/2026 13:43:02;IRP_MJ_DEVICE_CONTROL (IOCTL_SERIAL_GET_COMMSTATUS);UP;STATUS_SUCCESS;00 00 00 00 00 00 00 00 a1 00 00 00 00 00 00 00 00 00 00 00 ;"........°...........";20;;COM3;;
4510;27/08/2026 13:43:02;IRP_MJ_DEVICE_CONTROL (IOCTL_SERIAL_WAIT_ON_MASK);DOWN;;;"";;;COM3;;
4511;27/08/2026 13:43:02;IRP_MJ_DEVICE_CONTROL (IOCTL_SERIAL_WAIT_ON_MASK);UP;STATUS_SUCCESS;01 00 00 00 ;"....";4;;COM3;;
4512;27/08/2026 13:43:02;IRP_MJ_DEVICE_CONTROL (IOCTL_SERIAL_GET_COMMSTATUS);DOWN;;;"";;;COM3;;
4513;27/08/2026 13:43:02;IRP_MJ_DEVICE_CONTROL (IOCTL_SERIAL_GET_COMMSTATUS);UP;STATUS_SUCCESS;00 00 00 00 00 00 00 00 a2 00 00 00 00 00 00 00 00 00 00 00 ;"........¢...........";20;;COM3;;
4514;27/08/2026 13:43:02;IRP_MJ_DEVICE_CONTROL (IOCTL_SERIAL_WAIT_ON_MASK);DOWN;;;"";;;COM3;;
4515;27/08/2026 13:43:02;IRP_MJ_DEVICE_CONTROL (IOCTL_SERIAL_WAIT_ON_MASK);UP;STATUS_SUCCESS;01 00 00 00 ;"....";4;;COM3;;
4516;27/08/2026 13:43:02;IRP_MJ_DEVICE_CONTROL (IOCTL_SERIAL_GET_COMMSTATUS);DOWN;;;"";;;COM3;;
4517;27/08/2026 13:43:02;IRP_MJ_DEVICE_CONTROL (IOCTL_SERIAL_GET_COMMSTATUS);UP;STATUS_SUCCESS;00 00 00 00 00 00 00 00 a3 00 00 00 00 00 00 00 00 00 00 00 ;"........£...........";20;;COM3;;
4518;27/08/2026 13:43:02;IRP_MJ_DEVICE_CONTROL (IOCTL_SERIAL_WAIT_ON_MASK);DOWN;;;"";;;COM3;;
4519;27/08/2026 13:43:02;IRP_MJ_DEVICE_CONTROL (IOCTL_SERIAL_GET_COMMSTATUS);DOWN;;;"";;;COM3;;
4520;27/08/2026 13:43:02;IRP_MJ_DEVICE_CONTROL (IOCTL_SERIAL_GET_COMMSTATUS);UP;STATUS_SUCCESS;00 00 00 00 00 00 00 00 a3 00 00 00 00 00 00 00 00 00 00 00 ;"........£...........";20;;COM3;;
4521;27/08/2026 13:43:02;IRP_MJ_DEVICE_CONTROL (IOCTL_SERIAL_GET_COMMSTATUS);DOWN;;;"";;;COM3;;
4522;27/08/2026 13:43:02;IRP_MJ_DEVICE_CONTROL (IOCTL_SERIAL_GET_COMMSTATUS);UP;STATUS_SUCCESS;00 00 00 00 00 00 00 00 a3 00 00 00 00 00 00 00 00 00 00 00 ;"........£...........";20;;COM3;;
4523;27/08/2026 13:43:02;IRP_MJ_READ;DOWN;;;"";;163;COM3;;
4524;27/08/2026 13:43:02;IRP_MJ_READ;UP;STATUS_SUCCESS;04 03 9e 00 02 00 e6 05 dc 00 00 00 7e 08 fc 00 00 12 15 00 04 00 00 00 00 00 00 00 00 00 00 00 00 00 00 00 5e 00 00 00 00 00 00 00 5d 00 00 00 5d 00 00 13 88 00 00 00 00 00 00 00 00 00 00 00 00 00 00 00 3c 00 00 00 4c 00 00 00 01 00 00 00 01 00 00 00 01 00 00 00 00 00 00 00 00 00 00 00 00 00 0e 00 00 00 00 00 00 00 00 00 00 00 9c 00 00 00 0e 00 00 00 00 00 00 00 00 00 00 00 00 00 00 00 00 00 00 00 00 00 00 00 00 ff ff ff ff 27 75 13 29 00 14 00 01 00 0c 00 00 05 dc 28 ae 00 a6 cc e8 ;"..û...Ê.‹...~.¸.....................^.......]...]...à...............<...L.....................................ú............................ˇˇˇˇ'u.).........‹(Æ.¶ÃË";163;;COM3;;
4525;27/08/2026 13:43:03;IRP_MJ_WRITE;DOWN;;04 03 3b 61 00 15 d8 aa ;"..;a..ÿ™";8;8;COM3;;
4526;27/08/2026 13:43:03;IRP_MJ_WRITE;UP;STATUS_SUCCESS;04 03 3b 61 00 15 d8 aa ;"..;a..ÿ™";8;;COM3;;
4527;27/08/2026 13:43:03;IRP_MJ_DEVICE_CONTROL (IOCTL_SERIAL_GET_COMMSTATUS);DOWN;;;"";;;COM3;;
4528;27/08/2026 13:43:03;IRP_MJ_DEVICE_CONTROL (IOCTL_SERIAL_GET_COMMSTATUS);UP;STATUS_SUCCESS;00 00 00 00 00 00 00 00 00 00 00 00 00 00 00 00 00 00 00 00 ;"....................";20;;COM3;;
4529;27/08/2026 13:43:03;IRP_MJ_DEVICE_CONTROL (IOCTL_SERIAL_GET_COMMSTATUS);DOWN;;;"";;;COM3;;
4530;27/08/2026 13:43:03;IRP_MJ_DEVICE_CONTROL (IOCTL_SERIAL_GET_COMMSTATUS);UP;STATUS_SUCCESS;00 00 00 00 00 00 00 00 00 00 00 00 00 00 00 00 00 00 00 00 ;"....................";20;;COM3;;
4531;27/08/2026 13:43:03;IRP_MJ_DEVICE_CONTROL (IOCTL_SERIAL_GET_COMMSTATUS);DOWN;;;"";;;COM3;;
4532;27/08/2026 13:43:03;IRP_MJ_DEVICE_CONTROL (IOCTL_SERIAL_GET_COMMSTATUS);UP;STATUS_SUCCESS;00 00 00 00 00 00 00 00 00 00 00 00 00 00 00 00 00 00 00 00 ;"....................";20;;COM3;;
4533;27/08/2026 13:43:03;IRP_MJ_DEVICE_CONTROL (IOCTL_SERIAL_GET_COMMSTATUS);DOWN;;;"";;;COM3;;
4534;27/08/2026 13:43:03;IRP_MJ_DEVICE_CONTROL (IOCTL_SERIAL_GET_COMMSTATUS);UP;STATUS_SUCCESS;00 00 00 00 00 00 00 00 00 00 00 00 00 00 00 00 00 00 00 00 ;"....................";20;;COM3;;
4535;27/08/2026 13:43:03;IRP_MJ_DEVICE_CONTROL (IOCTL_SERIAL_GET_COMMSTATUS);DOWN;;;"";;;COM3;;
4536;27/08/2026 13:43:03;IRP_MJ_DEVICE_CONTROL (IOCTL_SERIAL_GET_COMMSTATUS);UP;STATUS_SUCCESS;00 00 00 00 00 00 00 00 00 00 00 00 00 00 00 00 00 00 00 00 ;"....................";20;;COM3;;
4537;27/08/2026 13:43:03;IRP_MJ_DEVICE_CONTROL (IOCTL_SERIAL_GET_COMMSTATUS);DOWN;;;"";;;COM3;;
4538;27/08/2026 13:43:03;IRP_MJ_DEVICE_CONTROL (IOCTL_SERIAL_GET_COMMSTATUS);UP;STATUS_SUCCESS;00 00 00 00 00 00 00 00 00 00 00 00 00 00 00 00 00 00 00 00 ;"....................";20;;COM3;;
4539;27/08/2026 13:43:03;IRP_MJ_DEVICE_CONTROL (IOCTL_SERIAL_GET_COMMSTATUS);DOWN;;;"";;;COM3;;
4540;27/08/2026 13:43:03;IRP_MJ_DEVICE_CONTROL (IOCTL_SERIAL_GET_COMMSTATUS);UP;STATUS_SUCCESS;00 00 00 00 00 00 00 00 00 00 00 00 00 00 00 00 00 00 00 00 ;"....................";20;;COM3;;
4541;27/08/2026 13:43:03;IRP_MJ_DEVICE_CONTROL (IOCTL_SERIAL_GET_COMMSTATUS);DOWN;;;"";;;COM3;;
4542;27/08/2026 13:43:03;IRP_MJ_DEVICE_CONTROL (IOCTL_SERIAL_GET_COMMSTATUS);UP;STATUS_SUCCESS;00 00 00 00 00 00 00 00 00 00 00 00 00 00 00 00 00 00 00 00 ;"....................";20;;COM3;;
4543;27/08/2026 13:43:03;IRP_MJ_DEVICE_CONTROL (IOCTL_SERIAL_GET_COMMSTATUS);DOWN;;;"";;;COM3;;
4544;27/08/2026 13:43:03;IRP_MJ_DEVICE_CONTROL (IOCTL_SERIAL_GET_COMMSTATUS);UP;STATUS_SUCCESS;00 00 00 00 00 00 00 00 00 00 00 00 00 00 00 00 00 00 00 00 ;"....................";20;;COM3;;
4545;27/08/2026 13:43:03;IRP_MJ_DEVICE_CONTROL (IOCTL_SERIAL_GET_COMMSTATUS);DOWN;;;"";;;COM3;;
4546;27/08/2026 13:43:03;IRP_MJ_DEVICE_CONTROL (IOCTL_SERIAL_GET_COMMSTATUS);UP;STATUS_SUCCESS;00 00 00 00 00 00 00 00 00 00 00 00 00 00 00 00 00 00 00 00 ;"....................";20;;COM3;;
4547;27/08/2026 13:43:03;IRP_MJ_DEVICE_CONTROL (IOCTL_SERIAL_GET_COMMSTATUS);DOWN;;;"";;;COM3;;
4548;27/08/2026 13:43:03;IRP_MJ_DEVICE_CONTROL (IOCTL_SERIAL_GET_COMMSTATUS);UP;STATUS_SUCCESS;00 00 00 00 00 00 00 00 00 00 00 00 00 00 00 00 00 00 00 00 ;"....................";20;;COM3;;
4549;27/08/2026 13:43:03;IRP_MJ_DEVICE_CONTROL (IOCTL_SERIAL_GET_COMMSTATUS);DOWN;;;"";;;COM3;;
4550;27/08/2026 13:43:03;IRP_MJ_DEVICE_CONTROL (IOCTL_SERIAL_GET_COMMSTATUS);UP;STATUS_SUCCESS;00 00 00 00 00 00 00 00 00 00 00 00 00 00 00 00 00 00 00 00 ;"....................";20;;COM3;;
4551;27/08/2026 13:43:03;IRP_MJ_DEVICE_CONTROL (IOCTL_SERIAL_WAIT_ON_MASK);UP;STATUS_SUCCESS;01 00 00 00 ;"....";4;;COM3;;
4552;27/08/2026 13:43:03;IRP_MJ_DEVICE_CONTROL (IOCTL_SERIAL_GET_COMMSTATUS);DOWN;;;"";;;COM3;;
4553;27/08/2026 13:43:03;IRP_MJ_DEVICE_CONTROL (IOCTL_SERIAL_GET_COMMSTATUS);UP;STATUS_SUCCESS;00 00 00 00 00 00 00 00 01 00 00 00 00 00 00 00 00 00 00 00 ;"....................";20;;COM3;;
4554;27/08/2026 13:43:03;IRP_MJ_DEVICE_CONTROL (IOCTL_SERIAL_WAIT_ON_MASK);DOWN;;;"";;;COM3;;
4555;27/08/2026 13:43:03;IRP_MJ_DEVICE_CONTROL (IOCTL_SERIAL_WAIT_ON_MASK);UP;STATUS_SUCCESS;01 00 00 00 ;"....";4;;COM3;;
4556;27/08/2026 13:43:03;IRP_MJ_DEVICE_CONTROL (IOCTL_SERIAL_GET_COMMSTATUS);DOWN;;;"";;;COM3;;
4557;27/08/2026 13:43:03;IRP_MJ_DEVICE_CONTROL (IOCTL_SERIAL_GET_COMMSTATUS);UP;STATUS_SUCCESS;00 00 00 00 00 00 00 00 02 00 00 00 00 00 00 00 00 00 00 00 ;"....................";20;;COM3;;
4558;27/08/2026 13:43:03;IRP_MJ_DEVICE_CONTROL (IOCTL_SERIAL_WAIT_ON_MASK);DOWN;;;"";;;COM3;;
4559;27/08/2026 13:43:03;IRP_MJ_DEVICE_CONTROL (IOCTL_SERIAL_GET_COMMSTATUS);DOWN;;;"";;;COM3;;
4560;27/08/2026 13:43:03;IRP_MJ_DEVICE_CONTROL (IOCTL_SERIAL_GET_COMMSTATUS);UP;STATUS_SUCCESS;00 00 00 00 00 00 00 00 02 00 00 00 00 00 00 00 00 00 00 00 ;"....................";20;;COM3;;
4561;27/08/2026 13:43:03;IRP_MJ_DEVICE_CONTROL (IOCTL_SERIAL_WAIT_ON_MASK);UP;STATUS_SUCCESS;01 00 00 00 ;"....";4;;COM3;;
4562;27/08/2026 13:43:03;IRP_MJ_DEVICE_CONTROL (IOCTL_SERIAL_GET_COMMSTATUS);DOWN;;;"";;;COM3;;
4563;27/08/2026 13:43:03;IRP_MJ_DEVICE_CONTROL (IOCTL_SERIAL_GET_COMMSTATUS);UP;STATUS_SUCCESS;00 00 00 00 00 00 00 00 03 00 00 00 00 00 00 00 00 00 00 00 ;"....................";20;;COM3;;
4564;27/08/2026 13:43:03;IRP_MJ_DEVICE_CONTROL (IOCTL_SERIAL_WAIT_ON_MASK);DOWN;;;"";;;COM3;;
4565;27/08/2026 13:43:03;IRP_MJ_DEVICE_CONTROL (IOCTL_SERIAL_WAIT_ON_MASK);UP;STATUS_SUCCESS;01 00 00 00 ;"....";4;;COM3;;
4566;27/08/2026 13:43:03;IRP_MJ_DEVICE_CONTROL (IOCTL_SERIAL_GET_COMMSTATUS);DOWN;;;"";;;COM3;;
4567;27/08/2026 13:43:03;IRP_MJ_DEVICE_CONTROL (IOCTL_SERIAL_GET_COMMSTATUS);UP;STATUS_SUCCESS;00 00 00 00 00 00 00 00 04 00 00 00 00 00 00 00 00 00 00 00 ;"....................";20;;COM3;;
4568;27/08/2026 13:43:03;IRP_MJ_DEVICE_CONTROL (IOCTL_SERIAL_WAIT_ON_MASK);DOWN;;;"";;;COM3;;
4569;27/08/2026 13:43:03;IRP_MJ_DEVICE_CONTROL (IOCTL_SERIAL_WAIT_ON_MASK);UP;STATUS_SUCCESS;01 00 00 00 ;"....";4;;COM3;;
4570;27/08/2026 13:43:03;IRP_MJ_DEVICE_CONTROL (IOCTL_SERIAL_GET_COMMSTATUS);DOWN;;;"";;;COM3;;
4571;27/08/2026 13:43:03;IRP_MJ_DEVICE_CONTROL (IOCTL_SERIAL_GET_COMMSTATUS);UP;STATUS_SUCCESS;00 00 00 00 00 00 00 00 05 00 00 00 00 00 00 00 00 00 00 00 ;"....................";20;;COM3;;
4572;27/08/2026 13:43:03;IRP_MJ_DEVICE_CONTROL (IOCTL_SERIAL_WAIT_ON_MASK);DOWN;;;"";;;COM3;;
4573;27/08/2026 13:43:03;IRP_MJ_DEVICE_CONTROL (IOCTL_SERIAL_WAIT_ON_MASK);UP;STATUS_SUCCESS;01 00 00 00 ;"....";4;;COM3;;
4574;27/08/2026 13:43:03;IRP_MJ_DEVICE_CONTROL (IOCTL_SERIAL_GET_COMMSTATUS);DOWN;;;"";;;COM3;;
4575;27/08/2026 13:43:03;IRP_MJ_DEVICE_CONTROL (IOCTL_SERIAL_GET_COMMSTATUS);UP;STATUS_SUCCESS;00 00 00 00 00 00 00 00 06 00 00 00 00 00 00 00 00 00 00 00 ;"....................";20;;COM3;;
4576;27/08/2026 13:43:03;IRP_MJ_DEVICE_CONTROL (IOCTL_SERIAL_WAIT_ON_MASK);DOWN;;;"";;;COM3;;
4577;27/08/2026 13:43:03;IRP_MJ_DEVICE_CONTROL (IOCTL_SERIAL_WAIT_ON_MASK);UP;STATUS_SUCCESS;01 00 00 00 ;"....";4;;COM3;;
4578;27/08/2026 13:43:03;IRP_MJ_DEVICE_CONTROL (IOCTL_SERIAL_GET_COMMSTATUS);DOWN;;;"";;;COM3;;
4579;27/08/2026 13:43:03;IRP_MJ_DEVICE_CONTROL (IOCTL_SERIAL_GET_COMMSTATUS);UP;STATUS_SUCCESS;00 00 00 00 00 00 00 00 07 00 00 00 00 00 00 00 00 00 00 00 ;"....................";20;;COM3;;
4580;27/08/2026 13:43:03;IRP_MJ_DEVICE_CONTROL (IOCTL_SERIAL_WAIT_ON_MASK);DOWN;;;"";;;COM3;;
4581;27/08/2026 13:43:03;IRP_MJ_DEVICE_CONTROL (IOCTL_SERIAL_WAIT_ON_MASK);UP;STATUS_SUCCESS;01 00 00 00 ;"....";4;;COM3;;
4582;27/08/2026 13:43:03;IRP_MJ_DEVICE_CONTROL (IOCTL_SERIAL_GET_COMMSTATUS);DOWN;;;"";;;COM3;;
4583;27/08/2026 13:43:03;IRP_MJ_DEVICE_CONTROL (IOCTL_SERIAL_GET_COMMSTATUS);UP;STATUS_SUCCESS;00 00 00 00 00 00 00 00 08 00 00 00 00 00 00 00 00 00 00 00 ;"....................";20;;COM3;;
4584;27/08/2026 13:43:03;IRP_MJ_DEVICE_CONTROL (IOCTL_SERIAL_WAIT_ON_MASK);DOWN;;;"";;;COM3;;
4585;27/08/2026 13:43:03;IRP_MJ_DEVICE_CONTROL (IOCTL_SERIAL_WAIT_ON_MASK);UP;STATUS_SUCCESS;01 00 00 00 ;"....";4;;COM3;;
4586;27/08/2026 13:43:03;IRP_MJ_DEVICE_CONTROL (IOCTL_SERIAL_GET_COMMSTATUS);DOWN;;;"";;;COM3;;
4587;27/08/2026 13:43:03;IRP_MJ_DEVICE_CONTROL (IOCTL_SERIAL_GET_COMMSTATUS);UP;STATUS_SUCCESS;00 00 00 00 00 00 00 00 09 00 00 00 00 00 00 00 00 00 00 00 ;"....................";20;;COM3;;
4588;27/08/2026 13:43:03;IRP_MJ_DEVICE_CONTROL (IOCTL_SERIAL_WAIT_ON_MASK);DOWN;;;"";;;COM3;;
4589;27/08/2026 13:43:03;IRP_MJ_DEVICE_CONTROL (IOCTL_SERIAL_GET_COMMSTATUS);DOWN;;;"";;;COM3;;
4590;27/08/2026 13:43:03;IRP_MJ_DEVICE_CONTROL (IOCTL_SERIAL_GET_COMMSTATUS);UP;STATUS_SUCCESS;00 00 00 00 00 00 00 00 09 00 00 00 00 00 00 00 00 00 00 00 ;"....................";20;;COM3;;
4591;27/08/2026 13:43:03;IRP_MJ_DEVICE_CONTROL (IOCTL_SERIAL_WAIT_ON_MASK);UP;STATUS_SUCCESS;01 00 00 00 ;"....";4;;COM3;;
4592;27/08/2026 13:43:03;IRP_MJ_DEVICE_CONTROL (IOCTL_SERIAL_GET_COMMSTATUS);DOWN;;;"";;;COM3;;
4593;27/08/2026 13:43:03;IRP_MJ_DEVICE_CONTROL (IOCTL_SERIAL_GET_COMMSTATUS);UP;STATUS_SUCCESS;00 00 00 00 00 00 00 00 0a 00 00 00 00 00 00 00 00 00 00 00 ;"....................";20;;COM3;;
4594;27/08/2026 13:43:03;IRP_MJ_DEVICE_CONTROL (IOCTL_SERIAL_WAIT_ON_MASK);DOWN;;;"";;;COM3;;
4595;27/08/2026 13:43:03;IRP_MJ_DEVICE_CONTROL (IOCTL_SERIAL_WAIT_ON_MASK);UP;STATUS_SUCCESS;01 00 00 00 ;"....";4;;COM3;;
4596;27/08/2026 13:43:03;IRP_MJ_DEVICE_CONTROL (IOCTL_SERIAL_GET_COMMSTATUS);DOWN;;;"";;;COM3;;
4597;27/08/2026 13:43:03;IRP_MJ_DEVICE_CONTROL (IOCTL_SERIAL_GET_COMMSTATUS);UP;STATUS_SUCCESS;00 00 00 00 00 00 00 00 0b 00 00 00 00 00 00 00 00 00 00 00 ;"....................";20;;COM3;;
4598;27/08/2026 13:43:03;IRP_MJ_DEVICE_CONTROL (IOCTL_SERIAL_WAIT_ON_MASK);DOWN;;;"";;;COM3;;
4599;27/08/2026 13:43:03;IRP_MJ_DEVICE_CONTROL (IOCTL_SERIAL_WAIT_ON_MASK);UP;STATUS_SUCCESS;01 00 00 00 ;"....";4;;COM3;;
4600;27/08/2026 13:43:03;IRP_MJ_DEVICE_CONTROL (IOCTL_SERIAL_GET_COMMSTATUS);DOWN;;;"";;;COM3;;
4601;27/08/2026 13:43:03;IRP_MJ_DEVICE_CONTROL (IOCTL_SERIAL_GET_COMMSTATUS);UP;STATUS_SUCCESS;00 00 00 00 00 00 00 00 0c 00 00 00 00 00 00 00 00 00 00 00 ;"....................";20;;COM3;;
4602;27/08/2026 13:43:03;IRP_MJ_DEVICE_CONTROL (IOCTL_SERIAL_WAIT_ON_MASK);DOWN;;;"";;;COM3;;
4603;27/08/2026 13:43:03;IRP_MJ_DEVICE_CONTROL (IOCTL_SERIAL_WAIT_ON_MASK);UP;STATUS_SUCCESS;01 00 00 00 ;"....";4;;COM3;;
4604;27/08/2026 13:43:03;IRP_MJ_DEVICE_CONTROL (IOCTL_SERIAL_GET_COMMSTATUS);DOWN;;;"";;;COM3;;
4605;27/08/2026 13:43:03;IRP_MJ_DEVICE_CONTROL (IOCTL_SERIAL_GET_COMMSTATUS);UP;STATUS_SUCCESS;00 00 00 00 00 00 00 00 0d 00 00 00 00 00 00 00 00 00 00 00 ;"....................";20;;COM3;;
4606;27/08/2026 13:43:03;IRP_MJ_DEVICE_CONTROL (IOCTL_SERIAL_WAIT_ON_MASK);DOWN;;;"";;;COM3;;
4607;27/08/2026 13:43:03;IRP_MJ_DEVICE_CONTROL (IOCTL_SERIAL_WAIT_ON_MASK);UP;STATUS_SUCCESS;01 00 00 00 ;"....";4;;COM3;;
4608;27/08/2026 13:43:03;IRP_MJ_DEVICE_CONTROL (IOCTL_SERIAL_GET_COMMSTATUS);DOWN;;;"";;;COM3;;
4609;27/08/2026 13:43:03;IRP_MJ_DEVICE_CONTROL (IOCTL_SERIAL_GET_COMMSTATUS);UP;STATUS_SUCCESS;00 00 00 00 00 00 00 00 0e 00 00 00 00 00 00 00 00 00 00 00 ;"....................";20;;COM3;;
4610;27/08/2026 13:43:03;IRP_MJ_DEVICE_CONTROL (IOCTL_SERIAL_WAIT_ON_MASK);DOWN;;;"";;;COM3;;
4611;27/08/2026 13:43:03;IRP_MJ_DEVICE_CONTROL (IOCTL_SERIAL_WAIT_ON_MASK);UP;STATUS_SUCCESS;01 00 00 00 ;"....";4;;COM3;;
4612;27/08/2026 13:43:03;IRP_MJ_DEVICE_CONTROL (IOCTL_SERIAL_GET_COMMSTATUS);DOWN;;;"";;;COM3;;
4613;27/08/2026 13:43:03;IRP_MJ_DEVICE_CONTROL (IOCTL_SERIAL_GET_COMMSTATUS);UP;STATUS_SUCCESS;00 00 00 00 00 00 00 00 0f 00 00 00 00 00 00 00 00 00 00 00 ;"....................";20;;COM3;;
4614;27/08/2026 13:43:03;IRP_MJ_DEVICE_CONTROL (IOCTL_SERIAL_WAIT_ON_MASK);DOWN;;;"";;;COM3;;
4615;27/08/2026 13:43:03;IRP_MJ_DEVICE_CONTROL (IOCTL_SERIAL_GET_COMMSTATUS);DOWN;;;"";;;COM3;;
4616;27/08/2026 13:43:03;IRP_MJ_DEVICE_CONTROL (IOCTL_SERIAL_GET_COMMSTATUS);UP;STATUS_SUCCESS;00 00 00 00 00 00 00 00 0f 00 00 00 00 00 00 00 00 00 00 00 ;"....................";20;;COM3;;
4617;27/08/2026 13:43:03;IRP_MJ_DEVICE_CONTROL (IOCTL_SERIAL_WAIT_ON_MASK);UP;STATUS_SUCCESS;01 00 00 00 ;"....";4;;COM3;;
4618;27/08/2026 13:43:03;IRP_MJ_DEVICE_CONTROL (IOCTL_SERIAL_GET_COMMSTATUS);DOWN;;;"";;;COM3;;
4619;27/08/2026 13:43:03;IRP_MJ_DEVICE_CONTROL (IOCTL_SERIAL_GET_COMMSTATUS);UP;STATUS_SUCCESS;00 00 00 00 00 00 00 00 10 00 00 00 00 00 00 00 00 00 00 00 ;"....................";20;;COM3;;
4620;27/08/2026 13:43:03;IRP_MJ_DEVICE_CONTROL (IOCTL_SERIAL_WAIT_ON_MASK);DOWN;;;"";;;COM3;;
4621;27/08/2026 13:43:03;IRP_MJ_DEVICE_CONTROL (IOCTL_SERIAL_WAIT_ON_MASK);UP;STATUS_SUCCESS;01 00 00 00 ;"....";4;;COM3;;
4622;27/08/2026 13:43:03;IRP_MJ_DEVICE_CONTROL (IOCTL_SERIAL_GET_COMMSTATUS);DOWN;;;"";;;COM3;;
4623;27/08/2026 13:43:03;IRP_MJ_DEVICE_CONTROL (IOCTL_SERIAL_GET_COMMSTATUS);UP;STATUS_SUCCESS;00 00 00 00 00 00 00 00 11 00 00 00 00 00 00 00 00 00 00 00 ;"....................";20;;COM3;;
4624;27/08/2026 13:43:03;IRP_MJ_DEVICE_CONTROL (IOCTL_SERIAL_WAIT_ON_MASK);DOWN;;;"";;;COM3;;
4625;27/08/2026 13:43:03;IRP_MJ_DEVICE_CONTROL (IOCTL_SERIAL_WAIT_ON_MASK);UP;STATUS_SUCCESS;01 00 00 00 ;"....";4;;COM3;;
4626;27/08/2026 13:43:03;IRP_MJ_DEVICE_CONTROL (IOCTL_SERIAL_GET_COMMSTATUS);DOWN;;;"";;;COM3;;
4627;27/08/2026 13:43:03;IRP_MJ_DEVICE_CONTROL (IOCTL_SERIAL_GET_COMMSTATUS);UP;STATUS_SUCCESS;00 00 00 00 00 00 00 00 12 00 00 00 00 00 00 00 00 00 00 00 ;"....................";20;;COM3;;
4628;27/08/2026 13:43:03;IRP_MJ_DEVICE_CONTROL (IOCTL_SERIAL_WAIT_ON_MASK);DOWN;;;"";;;COM3;;
4629;27/08/2026 13:43:03;IRP_MJ_DEVICE_CONTROL (IOCTL_SERIAL_WAIT_ON_MASK);UP;STATUS_SUCCESS;01 00 00 00 ;"....";4;;COM3;;
4630;27/08/2026 13:43:03;IRP_MJ_DEVICE_CONTROL (IOCTL_SERIAL_GET_COMMSTATUS);DOWN;;;"";;;COM3;;
4631;27/08/2026 13:43:03;IRP_MJ_DEVICE_CONTROL (IOCTL_SERIAL_GET_COMMSTATUS);UP;STATUS_SUCCESS;00 00 00 00 00 00 00 00 13 00 00 00 00 00 00 00 00 00 00 00 ;"....................";20;;COM3;;
4632;27/08/2026 13:43:03;IRP_MJ_DEVICE_CONTROL (IOCTL_SERIAL_WAIT_ON_MASK);DOWN;;;"";;;COM3;;
4633;27/08/2026 13:43:03;IRP_MJ_DEVICE_CONTROL (IOCTL_SERIAL_WAIT_ON_MASK);UP;STATUS_SUCCESS;01 00 00 00 ;"....";4;;COM3;;
4634;27/08/2026 13:43:03;IRP_MJ_DEVICE_CONTROL (IOCTL_SERIAL_GET_COMMSTATUS);DOWN;;;"";;;COM3;;
4635;27/08/2026 13:43:03;IRP_MJ_DEVICE_CONTROL (IOCTL_SERIAL_GET_COMMSTATUS);UP;STATUS_SUCCESS;00 00 00 00 00 00 00 00 14 00 00 00 00 00 00 00 00 00 00 00 ;"....................";20;;COM3;;
4636;27/08/2026 13:43:03;IRP_MJ_DEVICE_CONTROL (IOCTL_SERIAL_WAIT_ON_MASK);DOWN;;;"";;;COM3;;
4637;27/08/2026 13:43:03;IRP_MJ_DEVICE_CONTROL (IOCTL_SERIAL_WAIT_ON_MASK);UP;STATUS_SUCCESS;01 00 00 00 ;"....";4;;COM3;;
4638;27/08/2026 13:43:03;IRP_MJ_DEVICE_CONTROL (IOCTL_SERIAL_GET_COMMSTATUS);DOWN;;;"";;;COM3;;
4639;27/08/2026 13:43:03;IRP_MJ_DEVICE_CONTROL (IOCTL_SERIAL_GET_COMMSTATUS);UP;STATUS_SUCCESS;00 00 00 00 00 00 00 00 15 00 00 00 00 00 00 00 00 00 00 00 ;"....................";20;;COM3;;
4640;27/08/2026 13:43:03;IRP_MJ_DEVICE_CONTROL (IOCTL_SERIAL_WAIT_ON_MASK);DOWN;;;"";;;COM3;;
4641;27/08/2026 13:43:03;IRP_MJ_DEVICE_CONTROL (IOCTL_SERIAL_WAIT_ON_MASK);UP;STATUS_SUCCESS;01 00 00 00 ;"....";4;;COM3;;
4642;27/08/2026 13:43:03;IRP_MJ_DEVICE_CONTROL (IOCTL_SERIAL_GET_COMMSTATUS);DOWN;;;"";;;COM3;;
4643;27/08/2026 13:43:03;IRP_MJ_DEVICE_CONTROL (IOCTL_SERIAL_GET_COMMSTATUS);UP;STATUS_SUCCESS;00 00 00 00 00 00 00 00 16 00 00 00 00 00 00 00 00 00 00 00 ;"....................";20;;COM3;;
4644;27/08/2026 13:43:03;IRP_MJ_DEVICE_CONTROL (IOCTL_SERIAL_GET_COMMSTATUS);DOWN;;;"";;;COM3;;
4645;27/08/2026 13:43:03;IRP_MJ_DEVICE_CONTROL (IOCTL_SERIAL_GET_COMMSTATUS);UP;STATUS_SUCCESS;00 00 00 00 00 00 00 00 16 00 00 00 00 00 00 00 00 00 00 00 ;"....................";20;;COM3;;
4646;27/08/2026 13:43:03;IRP_MJ_DEVICE_CONTROL (IOCTL_SERIAL_WAIT_ON_MASK);DOWN;;;"";;;COM3;;
4647;27/08/2026 13:43:03;IRP_MJ_DEVICE_CONTROL (IOCTL_SERIAL_WAIT_ON_MASK);UP;STATUS_SUCCESS;01 00 00 00 ;"....";4;;COM3;;
4648;27/08/2026 13:43:03;IRP_MJ_DEVICE_CONTROL (IOCTL_SERIAL_GET_COMMSTATUS);DOWN;;;"";;;COM3;;
4649;27/08/2026 13:43:03;IRP_MJ_DEVICE_CONTROL (IOCTL_SERIAL_GET_COMMSTATUS);UP;STATUS_SUCCESS;00 00 00 00 00 00 00 00 17 00 00 00 00 00 00 00 00 00 00 00 ;"....................";20;;COM3;;
4650;27/08/2026 13:43:03;IRP_MJ_DEVICE_CONTROL (IOCTL_SERIAL_WAIT_ON_MASK);DOWN;;;"";;;COM3;;
4651;27/08/2026 13:43:03;IRP_MJ_DEVICE_CONTROL (IOCTL_SERIAL_WAIT_ON_MASK);UP;STATUS_SUCCESS;01 00 00 00 ;"....";4;;COM3;;
4652;27/08/2026 13:43:03;IRP_MJ_DEVICE_CONTROL (IOCTL_SERIAL_GET_COMMSTATUS);DOWN;;;"";;;COM3;;
4653;27/08/2026 13:43:03;IRP_MJ_DEVICE_CONTROL (IOCTL_SERIAL_GET_COMMSTATUS);UP;STATUS_SUCCESS;00 00 00 00 00 00 00 00 18 00 00 00 00 00 00 00 00 00 00 00 ;"....................";20;;COM3;;
4654;27/08/2026 13:43:03;IRP_MJ_DEVICE_CONTROL (IOCTL_SERIAL_WAIT_ON_MASK);DOWN;;;"";;;COM3;;
4655;27/08/2026 13:43:03;IRP_MJ_DEVICE_CONTROL (IOCTL_SERIAL_WAIT_ON_MASK);UP;STATUS_SUCCESS;01 00 00 00 ;"....";4;;COM3;;
4656;27/08/2026 13:43:03;IRP_MJ_DEVICE_CONTROL (IOCTL_SERIAL_GET_COMMSTATUS);DOWN;;;"";;;COM3;;
4657;27/08/2026 13:43:03;IRP_MJ_DEVICE_CONTROL (IOCTL_SERIAL_GET_COMMSTATUS);UP;STATUS_SUCCESS;00 00 00 00 00 00 00 00 19 00 00 00 00 00 00 00 00 00 00 00 ;"....................";20;;COM3;;
4658;27/08/2026 13:43:03;IRP_MJ_DEVICE_CONTROL (IOCTL_SERIAL_WAIT_ON_MASK);DOWN;;;"";;;COM3;;
4659;27/08/2026 13:43:03;IRP_MJ_DEVICE_CONTROL (IOCTL_SERIAL_WAIT_ON_MASK);UP;STATUS_SUCCESS;01 00 00 00 ;"....";4;;COM3;;
4660;27/08/2026 13:43:03;IRP_MJ_DEVICE_CONTROL (IOCTL_SERIAL_GET_COMMSTATUS);DOWN;;;"";;;COM3;;
4661;27/08/2026 13:43:03;IRP_MJ_DEVICE_CONTROL (IOCTL_SERIAL_GET_COMMSTATUS);UP;STATUS_SUCCESS;00 00 00 00 00 00 00 00 1a 00 00 00 00 00 00 00 00 00 00 00 ;"....................";20;;COM3;;
4662;27/08/2026 13:43:03;IRP_MJ_DEVICE_CONTROL (IOCTL_SERIAL_WAIT_ON_MASK);DOWN;;;"";;;COM3;;
4663;27/08/2026 13:43:03;IRP_MJ_DEVICE_CONTROL (IOCTL_SERIAL_WAIT_ON_MASK);UP;STATUS_SUCCESS;01 00 00 00 ;"....";4;;COM3;;
4664;27/08/2026 13:43:03;IRP_MJ_DEVICE_CONTROL (IOCTL_SERIAL_GET_COMMSTATUS);DOWN;;;"";;;COM3;;
4665;27/08/2026 13:43:03;IRP_MJ_DEVICE_CONTROL (IOCTL_SERIAL_GET_COMMSTATUS);UP;STATUS_SUCCESS;00 00 00 00 00 00 00 00 1b 00 00 00 00 00 00 00 00 00 00 00 ;"....................";20;;COM3;;
4666;27/08/2026 13:43:03;IRP_MJ_DEVICE_CONTROL (IOCTL_SERIAL_WAIT_ON_MASK);DOWN;;;"";;;COM3;;
4667;27/08/2026 13:43:03;IRP_MJ_DEVICE_CONTROL (IOCTL_SERIAL_WAIT_ON_MASK);UP;STATUS_SUCCESS;01 00 00 00 ;"....";4;;COM3;;
4668;27/08/2026 13:43:03;IRP_MJ_DEVICE_CONTROL (IOCTL_SERIAL_GET_COMMSTATUS);DOWN;;;"";;;COM3;;
4669;27/08/2026 13:43:03;IRP_MJ_DEVICE_CONTROL (IOCTL_SERIAL_GET_COMMSTATUS);UP;STATUS_SUCCESS;00 00 00 00 00 00 00 00 1c 00 00 00 00 00 00 00 00 00 00 00 ;"....................";20;;COM3;;
4670;27/08/2026 13:43:03;IRP_MJ_DEVICE_CONTROL (IOCTL_SERIAL_WAIT_ON_MASK);DOWN;;;"";;;COM3;;
4671;27/08/2026 13:43:03;IRP_MJ_DEVICE_CONTROL (IOCTL_SERIAL_GET_COMMSTATUS);DOWN;;;"";;;COM3;;
4672;27/08/2026 13:43:03;IRP_MJ_DEVICE_CONTROL (IOCTL_SERIAL_GET_COMMSTATUS);UP;STATUS_SUCCESS;00 00 00 00 00 00 00 00 1c 00 00 00 00 00 00 00 00 00 00 00 ;"....................";20;;COM3;;
4673;27/08/2026 13:43:03;IRP_MJ_DEVICE_CONTROL (IOCTL_SERIAL_WAIT_ON_MASK);UP;STATUS_SUCCESS;01 00 00 00 ;"....";4;;COM3;;
4674;27/08/2026 13:43:03;IRP_MJ_DEVICE_CONTROL (IOCTL_SERIAL_GET_COMMSTATUS);DOWN;;;"";;;COM3;;
4675;27/08/2026 13:43:03;IRP_MJ_DEVICE_CONTROL (IOCTL_SERIAL_GET_COMMSTATUS);UP;STATUS_SUCCESS;00 00 00 00 00 00 00 00 1d 00 00 00 00 00 00 00 00 00 00 00 ;"....................";20;;COM3;;
4676;27/08/2026 13:43:03;IRP_MJ_DEVICE_CONTROL (IOCTL_SERIAL_WAIT_ON_MASK);DOWN;;;"";;;COM3;;
4677;27/08/2026 13:43:03;IRP_MJ_DEVICE_CONTROL (IOCTL_SERIAL_WAIT_ON_MASK);UP;STATUS_SUCCESS;01 00 00 00 ;"....";4;;COM3;;
4678;27/08/2026 13:43:03;IRP_MJ_DEVICE_CONTROL (IOCTL_SERIAL_GET_COMMSTATUS);DOWN;;;"";;;COM3;;
4679;27/08/2026 13:43:03;IRP_MJ_DEVICE_CONTROL (IOCTL_SERIAL_GET_COMMSTATUS);UP;STATUS_SUCCESS;00 00 00 00 00 00 00 00 1e 00 00 00 00 00 00 00 00 00 00 00 ;"....................";20;;COM3;;
4680;27/08/2026 13:43:03;IRP_MJ_DEVICE_CONTROL (IOCTL_SERIAL_WAIT_ON_MASK);DOWN;;;"";;;COM3;;
4681;27/08/2026 13:43:03;IRP_MJ_DEVICE_CONTROL (IOCTL_SERIAL_WAIT_ON_MASK);UP;STATUS_SUCCESS;01 00 00 00 ;"....";4;;COM3;;
4682;27/08/2026 13:43:03;IRP_MJ_DEVICE_CONTROL (IOCTL_SERIAL_GET_COMMSTATUS);DOWN;;;"";;;COM3;;
4683;27/08/2026 13:43:03;IRP_MJ_DEVICE_CONTROL (IOCTL_SERIAL_GET_COMMSTATUS);UP;STATUS_SUCCESS;00 00 00 00 00 00 00 00 1f 00 00 00 00 00 00 00 00 00 00 00 ;"....................";20;;COM3;;
4684;27/08/2026 13:43:03;IRP_MJ_DEVICE_CONTROL (IOCTL_SERIAL_WAIT_ON_MASK);DOWN;;;"";;;COM3;;
4685;27/08/2026 13:43:03;IRP_MJ_DEVICE_CONTROL (IOCTL_SERIAL_WAIT_ON_MASK);UP;STATUS_SUCCESS;01 00 00 00 ;"....";4;;COM3;;
4686;27/08/2026 13:43:03;IRP_MJ_DEVICE_CONTROL (IOCTL_SERIAL_GET_COMMSTATUS);DOWN;;;"";;;COM3;;
4687;27/08/2026 13:43:03;IRP_MJ_DEVICE_CONTROL (IOCTL_SERIAL_GET_COMMSTATUS);UP;STATUS_SUCCESS;00 00 00 00 00 00 00 00 20 00 00 00 00 00 00 00 00 00 00 00 ;"........ ...........";20;;COM3;;
4688;27/08/2026 13:43:03;IRP_MJ_DEVICE_CONTROL (IOCTL_SERIAL_WAIT_ON_MASK);DOWN;;;"";;;COM3;;
4689;27/08/2026 13:43:03;IRP_MJ_DEVICE_CONTROL (IOCTL_SERIAL_WAIT_ON_MASK);UP;STATUS_SUCCESS;01 00 00 00 ;"....";4;;COM3;;
4690;27/08/2026 13:43:03;IRP_MJ_DEVICE_CONTROL (IOCTL_SERIAL_GET_COMMSTATUS);DOWN;;;"";;;COM3;;
4691;27/08/2026 13:43:03;IRP_MJ_DEVICE_CONTROL (IOCTL_SERIAL_GET_COMMSTATUS);UP;STATUS_SUCCESS;00 00 00 00 00 00 00 00 21 00 00 00 00 00 00 00 00 00 00 00 ;"........!...........";20;;COM3;;
4692;27/08/2026 13:43:03;IRP_MJ_DEVICE_CONTROL (IOCTL_SERIAL_WAIT_ON_MASK);DOWN;;;"";;;COM3;;
4693;27/08/2026 13:43:03;IRP_MJ_DEVICE_CONTROL (IOCTL_SERIAL_WAIT_ON_MASK);UP;STATUS_SUCCESS;01 00 00 00 ;"....";4;;COM3;;
4694;27/08/2026 13:43:03;IRP_MJ_DEVICE_CONTROL (IOCTL_SERIAL_GET_COMMSTATUS);DOWN;;;"";;;COM3;;
4695;27/08/2026 13:43:03;IRP_MJ_DEVICE_CONTROL (IOCTL_SERIAL_GET_COMMSTATUS);UP;STATUS_SUCCESS;00 00 00 00 00 00 00 00 22 00 00 00 00 00 00 00 00 00 00 00 ;"........""...........";20;;COM3;;
4696;27/08/2026 13:43:03;IRP_MJ_DEVICE_CONTROL (IOCTL_SERIAL_WAIT_ON_MASK);DOWN;;;"";;;COM3;;
4697;27/08/2026 13:43:03;IRP_MJ_DEVICE_CONTROL (IOCTL_SERIAL_GET_COMMSTATUS);DOWN;;;"";;;COM3;;
4698;27/08/2026 13:43:03;IRP_MJ_DEVICE_CONTROL (IOCTL_SERIAL_GET_COMMSTATUS);UP;STATUS_SUCCESS;00 00 00 00 00 00 00 00 22 00 00 00 00 00 00 00 00 00 00 00 ;"........""...........";20;;COM3;;
4699;27/08/2026 13:43:03;IRP_MJ_DEVICE_CONTROL (IOCTL_SERIAL_WAIT_ON_MASK);UP;STATUS_SUCCESS;01 00 00 00 ;"....";4;;COM3;;
4700;27/08/2026 13:43:03;IRP_MJ_DEVICE_CONTROL (IOCTL_SERIAL_GET_COMMSTATUS);DOWN;;;"";;;COM3;;
4701;27/08/2026 13:43:03;IRP_MJ_DEVICE_CONTROL (IOCTL_SERIAL_GET_COMMSTATUS);UP;STATUS_SUCCESS;00 00 00 00 00 00 00 00 23 00 00 00 00 00 00 00 00 00 00 00 ;"........#...........";20;;COM3;;
4702;27/08/2026 13:43:03;IRP_MJ_DEVICE_CONTROL (IOCTL_SERIAL_WAIT_ON_MASK);DOWN;;;"";;;COM3;;
4703;27/08/2026 13:43:03;IRP_MJ_DEVICE_CONTROL (IOCTL_SERIAL_WAIT_ON_MASK);UP;STATUS_SUCCESS;01 00 00 00 ;"....";4;;COM3;;
4704;27/08/2026 13:43:03;IRP_MJ_DEVICE_CONTROL (IOCTL_SERIAL_GET_COMMSTATUS);DOWN;;;"";;;COM3;;
4705;27/08/2026 13:43:03;IRP_MJ_DEVICE_CONTROL (IOCTL_SERIAL_GET_COMMSTATUS);UP;STATUS_SUCCESS;00 00 00 00 00 00 00 00 24 00 00 00 00 00 00 00 00 00 00 00 ;"........$...........";20;;COM3;;
4706;27/08/2026 13:43:03;IRP_MJ_DEVICE_CONTROL (IOCTL_SERIAL_WAIT_ON_MASK);DOWN;;;"";;;COM3;;
4707;27/08/2026 13:43:03;IRP_MJ_DEVICE_CONTROL (IOCTL_SERIAL_WAIT_ON_MASK);UP;STATUS_SUCCESS;01 00 00 00 ;"....";4;;COM3;;
4708;27/08/2026 13:43:03;IRP_MJ_DEVICE_CONTROL (IOCTL_SERIAL_GET_COMMSTATUS);DOWN;;;"";;;COM3;;
4709;27/08/2026 13:43:03;IRP_MJ_DEVICE_CONTROL (IOCTL_SERIAL_GET_COMMSTATUS);UP;STATUS_SUCCESS;00 00 00 00 00 00 00 00 25 00 00 00 00 00 00 00 00 00 00 00 ;"........%...........";20;;COM3;;
4710;27/08/2026 13:43:03;IRP_MJ_DEVICE_CONTROL (IOCTL_SERIAL_WAIT_ON_MASK);DOWN;;;"";;;COM3;;
4711;27/08/2026 13:43:03;IRP_MJ_DEVICE_CONTROL (IOCTL_SERIAL_WAIT_ON_MASK);UP;STATUS_SUCCESS;01 00 00 00 ;"....";4;;COM3;;
4712;27/08/2026 13:43:03;IRP_MJ_DEVICE_CONTROL (IOCTL_SERIAL_GET_COMMSTATUS);DOWN;;;"";;;COM3;;
4713;27/08/2026 13:43:03;IRP_MJ_DEVICE_CONTROL (IOCTL_SERIAL_GET_COMMSTATUS);UP;STATUS_SUCCESS;00 00 00 00 00 00 00 00 26 00 00 00 00 00 00 00 00 00 00 00 ;"........&...........";20;;COM3;;
4714;27/08/2026 13:43:03;IRP_MJ_DEVICE_CONTROL (IOCTL_SERIAL_WAIT_ON_MASK);DOWN;;;"";;;COM3;;
4715;27/08/2026 13:43:03;IRP_MJ_DEVICE_CONTROL (IOCTL_SERIAL_WAIT_ON_MASK);UP;STATUS_SUCCESS;01 00 00 00 ;"....";4;;COM3;;
4716;27/08/2026 13:43:03;IRP_MJ_DEVICE_CONTROL (IOCTL_SERIAL_GET_COMMSTATUS);DOWN;;;"";;;COM3;;
4717;27/08/2026 13:43:03;IRP_MJ_DEVICE_CONTROL (IOCTL_SERIAL_GET_COMMSTATUS);UP;STATUS_SUCCESS;00 00 00 00 00 00 00 00 27 00 00 00 00 00 00 00 00 00 00 00 ;"........'...........";20;;COM3;;
4718;27/08/2026 13:43:03;IRP_MJ_DEVICE_CONTROL (IOCTL_SERIAL_WAIT_ON_MASK);DOWN;;;"";;;COM3;;
4719;27/08/2026 13:43:03;IRP_MJ_DEVICE_CONTROL (IOCTL_SERIAL_WAIT_ON_MASK);UP;STATUS_SUCCESS;01 00 00 00 ;"....";4;;COM3;;
4720;27/08/2026 13:43:03;IRP_MJ_DEVICE_CONTROL (IOCTL_SERIAL_GET_COMMSTATUS);DOWN;;;"";;;COM3;;
4721;27/08/2026 13:43:03;IRP_MJ_DEVICE_CONTROL (IOCTL_SERIAL_GET_COMMSTATUS);UP;STATUS_SUCCESS;00 00 00 00 00 00 00 00 28 00 00 00 00 00 00 00 00 00 00 00 ;"........(...........";20;;COM3;;
4722;27/08/2026 13:43:03;IRP_MJ_DEVICE_CONTROL (IOCTL_SERIAL_WAIT_ON_MASK);DOWN;;;"";;;COM3;;
4723;27/08/2026 13:43:03;IRP_MJ_DEVICE_CONTROL (IOCTL_SERIAL_WAIT_ON_MASK);UP;STATUS_SUCCESS;01 00 00 00 ;"....";4;;COM3;;
4724;27/08/2026 13:43:03;IRP_MJ_DEVICE_CONTROL (IOCTL_SERIAL_GET_COMMSTATUS);DOWN;;;"";;;COM3;;
4725;27/08/2026 13:43:03;IRP_MJ_DEVICE_CONTROL (IOCTL_SERIAL_GET_COMMSTATUS);UP;STATUS_SUCCESS;00 00 00 00 00 00 00 00 29 00 00 00 00 00 00 00 00 00 00 00 ;"........)...........";20;;COM3;;
4726;27/08/2026 13:43:03;IRP_MJ_DEVICE_CONTROL (IOCTL_SERIAL_WAIT_ON_MASK);DOWN;;;"";;;COM3;;
4727;27/08/2026 13:43:03;IRP_MJ_DEVICE_CONTROL (IOCTL_SERIAL_GET_COMMSTATUS);DOWN;;;"";;;COM3;;
4728;27/08/2026 13:43:03;IRP_MJ_DEVICE_CONTROL (IOCTL_SERIAL_GET_COMMSTATUS);UP;STATUS_SUCCESS;00 00 00 00 00 00 00 00 29 00 00 00 00 00 00 00 00 00 00 00 ;"........)...........";20;;COM3;;
4729;27/08/2026 13:43:03;IRP_MJ_DEVICE_CONTROL (IOCTL_SERIAL_WAIT_ON_MASK);UP;STATUS_SUCCESS;01 00 00 00 ;"....";4;;COM3;;
4730;27/08/2026 13:43:03;IRP_MJ_DEVICE_CONTROL (IOCTL_SERIAL_GET_COMMSTATUS);DOWN;;;"";;;COM3;;
4731;27/08/2026 13:43:03;IRP_MJ_DEVICE_CONTROL (IOCTL_SERIAL_GET_COMMSTATUS);UP;STATUS_SUCCESS;00 00 00 00 00 00 00 00 2a 00 00 00 00 00 00 00 00 00 00 00 ;"........*...........";20;;COM3;;
4732;27/08/2026 13:43:03;IRP_MJ_DEVICE_CONTROL (IOCTL_SERIAL_WAIT_ON_MASK);DOWN;;;"";;;COM3;;
4733;27/08/2026 13:43:03;IRP_MJ_DEVICE_CONTROL (IOCTL_SERIAL_WAIT_ON_MASK);UP;STATUS_SUCCESS;01 00 00 00 ;"....";4;;COM3;;
4734;27/08/2026 13:43:03;IRP_MJ_DEVICE_CONTROL (IOCTL_SERIAL_GET_COMMSTATUS);DOWN;;;"";;;COM3;;
4735;27/08/2026 13:43:03;IRP_MJ_DEVICE_CONTROL (IOCTL_SERIAL_GET_COMMSTATUS);UP;STATUS_SUCCESS;00 00 00 00 00 00 00 00 2b 00 00 00 00 00 00 00 00 00 00 00 ;"........+...........";20;;COM3;;
4736;27/08/2026 13:43:03;IRP_MJ_DEVICE_CONTROL (IOCTL_SERIAL_WAIT_ON_MASK);DOWN;;;"";;;COM3;;
4737;27/08/2026 13:43:03;IRP_MJ_DEVICE_CONTROL (IOCTL_SERIAL_WAIT_ON_MASK);UP;STATUS_SUCCESS;01 00 00 00 ;"....";4;;COM3;;
4738;27/08/2026 13:43:03;IRP_MJ_DEVICE_CONTROL (IOCTL_SERIAL_GET_COMMSTATUS);DOWN;;;"";;;COM3;;
4739;27/08/2026 13:43:03;IRP_MJ_DEVICE_CONTROL (IOCTL_SERIAL_GET_COMMSTATUS);UP;STATUS_SUCCESS;00 00 00 00 00 00 00 00 2c 00 00 00 00 00 00 00 00 00 00 00 ;"........,...........";20;;COM3;;
4740;27/08/2026 13:43:03;IRP_MJ_DEVICE_CONTROL (IOCTL_SERIAL_WAIT_ON_MASK);DOWN;;;"";;;COM3;;
4741;27/08/2026 13:43:03;IRP_MJ_DEVICE_CONTROL (IOCTL_SERIAL_WAIT_ON_MASK);UP;STATUS_SUCCESS;01 00 00 00 ;"....";4;;COM3;;
4742;27/08/2026 13:43:03;IRP_MJ_DEVICE_CONTROL (IOCTL_SERIAL_GET_COMMSTATUS);DOWN;;;"";;;COM3;;
4743;27/08/2026 13:43:03;IRP_MJ_DEVICE_CONTROL (IOCTL_SERIAL_GET_COMMSTATUS);UP;STATUS_SUCCESS;00 00 00 00 00 00 00 00 2d 00 00 00 00 00 00 00 00 00 00 00 ;"........-...........";20;;COM3;;
4744;27/08/2026 13:43:03;IRP_MJ_DEVICE_CONTROL (IOCTL_SERIAL_WAIT_ON_MASK);DOWN;;;"";;;COM3;;
4745;27/08/2026 13:43:03;IRP_MJ_DEVICE_CONTROL (IOCTL_SERIAL_WAIT_ON_MASK);UP;STATUS_SUCCESS;01 00 00 00 ;"....";4;;COM3;;
4746;27/08/2026 13:43:03;IRP_MJ_DEVICE_CONTROL (IOCTL_SERIAL_GET_COMMSTATUS);DOWN;;;"";;;COM3;;
4747;27/08/2026 13:43:03;IRP_MJ_DEVICE_CONTROL (IOCTL_SERIAL_GET_COMMSTATUS);UP;STATUS_SUCCESS;00 00 00 00 00 00 00 00 2e 00 00 00 00 00 00 00 00 00 00 00 ;"....................";20;;COM3;;
4748;27/08/2026 13:43:03;IRP_MJ_DEVICE_CONTROL (IOCTL_SERIAL_WAIT_ON_MASK);DOWN;;;"";;;COM3;;
4749;27/08/2026 13:43:03;IRP_MJ_DEVICE_CONTROL (IOCTL_SERIAL_WAIT_ON_MASK);UP;STATUS_SUCCESS;01 00 00 00 ;"....";4;;COM3;;
4750;27/08/2026 13:43:03;IRP_MJ_DEVICE_CONTROL (IOCTL_SERIAL_GET_COMMSTATUS);DOWN;;;"";;;COM3;;
4751;27/08/2026 13:43:03;IRP_MJ_DEVICE_CONTROL (IOCTL_SERIAL_GET_COMMSTATUS);UP;STATUS_SUCCESS;00 00 00 00 00 00 00 00 2f 00 00 00 00 00 00 00 00 00 00 00 ;"......../...........";20;;COM3;;
4752;27/08/2026 13:43:03;IRP_MJ_DEVICE_CONTROL (IOCTL_SERIAL_WAIT_ON_MASK);DOWN;;;"";;;COM3;;
4753;27/08/2026 13:43:03;IRP_MJ_DEVICE_CONTROL (IOCTL_SERIAL_GET_COMMSTATUS);DOWN;;;"";;;COM3;;
4754;27/08/2026 13:43:03;IRP_MJ_DEVICE_CONTROL (IOCTL_SERIAL_GET_COMMSTATUS);UP;STATUS_SUCCESS;00 00 00 00 00 00 00 00 2f 00 00 00 00 00 00 00 00 00 00 00 ;"......../...........";20;;COM3;;
4755;27/08/2026 13:43:03;IRP_MJ_DEVICE_CONTROL (IOCTL_SERIAL_GET_COMMSTATUS);DOWN;;;"";;;COM3;;
4756;27/08/2026 13:43:03;IRP_MJ_DEVICE_CONTROL (IOCTL_SERIAL_GET_COMMSTATUS);UP;STATUS_SUCCESS;00 00 00 00 00 00 00 00 2f 00 00 00 00 00 00 00 00 00 00 00 ;"......../...........";20;;COM3;;
4757;27/08/2026 13:43:03;IRP_MJ_READ;DOWN;;;"";;47;COM3;;
4758;27/08/2026 13:43:03;IRP_MJ_READ;UP;STATUS_SUCCESS;04 03 2a 00 01 00 00 00 00 00 00 00 00 00 7d 00 00 00 00 00 2c 00 00 00 00 00 00 00 20 00 00 00 0c 02 58 00 00 00 02 00 00 00 00 00 00 02 6b ;"..*...........}.....,....... .....X...........k";47;;COM3;;
4759;27/08/2026 13:43:04;IRP_MJ_WRITE;DOWN;;04 03 62 71 00 4f 4b c8 ;"..bq.OK»";8;8;COM3;;
4760;27/08/2026 13:43:04;IRP_MJ_WRITE;UP;STATUS_SUCCESS;04 03 62 71 00 4f 4b c8 ;"..bq.OK»";8;;COM3;;
4761;27/08/2026 13:43:04;IRP_MJ_DEVICE_CONTROL (IOCTL_SERIAL_GET_COMMSTATUS);DOWN;;;"";;;COM3;;
4762;27/08/2026 13:43:04;IRP_MJ_DEVICE_CONTROL (IOCTL_SERIAL_GET_COMMSTATUS);UP;STATUS_SUCCESS;00 00 00 00 00 00 00 00 00 00 00 00 00 00 00 00 00 00 00 00 ;"....................";20;;COM3;;
4763;27/08/2026 13:43:04;IRP_MJ_DEVICE_CONTROL (IOCTL_SERIAL_GET_COMMSTATUS);DOWN;;;"";;;COM3;;
4764;27/08/2026 13:43:04;IRP_MJ_DEVICE_CONTROL (IOCTL_SERIAL_GET_COMMSTATUS);UP;STATUS_SUCCESS;00 00 00 00 00 00 00 00 00 00 00 00 00 00 00 00 00 00 00 00 ;"....................";20;;COM3;;
4765;27/08/2026 13:43:04;IRP_MJ_DEVICE_CONTROL (IOCTL_SERIAL_GET_COMMSTATUS);DOWN;;;"";;;COM3;;
4766;27/08/2026 13:43:04;IRP_MJ_DEVICE_CONTROL (IOCTL_SERIAL_GET_COMMSTATUS);UP;STATUS_SUCCESS;00 00 00 00 00 00 00 00 00 00 00 00 00 00 00 00 00 00 00 00 ;"....................";20;;COM3;;
4767;27/08/2026 13:43:04;IRP_MJ_DEVICE_CONTROL (IOCTL_SERIAL_GET_COMMSTATUS);DOWN;;;"";;;COM3;;
4768;27/08/2026 13:43:04;IRP_MJ_DEVICE_CONTROL (IOCTL_SERIAL_GET_COMMSTATUS);UP;STATUS_SUCCESS;00 00 00 00 00 00 00 00 00 00 00 00 00 00 00 00 00 00 00 00 ;"....................";20;;COM3;;
4769;27/08/2026 13:43:04;IRP_MJ_DEVICE_CONTROL (IOCTL_SERIAL_GET_COMMSTATUS);DOWN;;;"";;;COM3;;
4770;27/08/2026 13:43:04;IRP_MJ_DEVICE_CONTROL (IOCTL_SERIAL_GET_COMMSTATUS);UP;STATUS_SUCCESS;00 00 00 00 00 00 00 00 00 00 00 00 00 00 00 00 00 00 00 00 ;"....................";20;;COM3;;
4771;27/08/2026 13:43:04;IRP_MJ_DEVICE_CONTROL (IOCTL_SERIAL_GET_COMMSTATUS);DOWN;;;"";;;COM3;;
4772;27/08/2026 13:43:04;IRP_MJ_DEVICE_CONTROL (IOCTL_SERIAL_GET_COMMSTATUS);UP;STATUS_SUCCESS;00 00 00 00 00 00 00 00 00 00 00 00 00 00 00 00 00 00 00 00 ;"....................";20;;COM3;;
4773;27/08/2026 13:43:04;IRP_MJ_DEVICE_CONTROL (IOCTL_SERIAL_GET_COMMSTATUS);DOWN;;;"";;;COM3;;
4774;27/08/2026 13:43:04;IRP_MJ_DEVICE_CONTROL (IOCTL_SERIAL_GET_COMMSTATUS);UP;STATUS_SUCCESS;00 00 00 00 00 00 00 00 00 00 00 00 00 00 00 00 00 00 00 00 ;"....................";20;;COM3;;
4775;27/08/2026 13:43:04;IRP_MJ_DEVICE_CONTROL (IOCTL_SERIAL_GET_COMMSTATUS);DOWN;;;"";;;COM3;;
4776;27/08/2026 13:43:04;IRP_MJ_DEVICE_CONTROL (IOCTL_SERIAL_GET_COMMSTATUS);UP;STATUS_SUCCESS;00 00 00 00 00 00 00 00 00 00 00 00 00 00 00 00 00 00 00 00 ;"....................";20;;COM3;;
4777;27/08/2026 13:43:04;IRP_MJ_DEVICE_CONTROL (IOCTL_SERIAL_GET_COMMSTATUS);DOWN;;;"";;;COM3;;
4778;27/08/2026 13:43:04;IRP_MJ_DEVICE_CONTROL (IOCTL_SERIAL_GET_COMMSTATUS);UP;STATUS_SUCCESS;00 00 00 00 00 00 00 00 00 00 00 00 00 00 00 00 00 00 00 00 ;"....................";20;;COM3;;
4779;27/08/2026 13:43:04;IRP_MJ_DEVICE_CONTROL (IOCTL_SERIAL_GET_COMMSTATUS);DOWN;;;"";;;COM3;;
4780;27/08/2026 13:43:04;IRP_MJ_DEVICE_CONTROL (IOCTL_SERIAL_GET_COMMSTATUS);UP;STATUS_SUCCESS;00 00 00 00 00 00 00 00 00 00 00 00 00 00 00 00 00 00 00 00 ;"....................";20;;COM3;;
4781;27/08/2026 13:43:04;IRP_MJ_DEVICE_CONTROL (IOCTL_SERIAL_GET_COMMSTATUS);DOWN;;;"";;;COM3;;
4782;27/08/2026 13:43:04;IRP_MJ_DEVICE_CONTROL (IOCTL_SERIAL_GET_COMMSTATUS);UP;STATUS_SUCCESS;00 00 00 00 00 00 00 00 00 00 00 00 00 00 00 00 00 00 00 00 ;"....................";20;;COM3;;
4783;27/08/2026 13:43:04;IRP_MJ_DEVICE_CONTROL (IOCTL_SERIAL_GET_COMMSTATUS);DOWN;;;"";;;COM3;;
4784;27/08/2026 13:43:04;IRP_MJ_DEVICE_CONTROL (IOCTL_SERIAL_GET_COMMSTATUS);UP;STATUS_SUCCESS;00 00 00 00 00 00 00 00 00 00 00 00 00 00 00 00 00 00 00 00 ;"....................";20;;COM3;;
4785;27/08/2026 13:43:04;IRP_MJ_DEVICE_CONTROL (IOCTL_SERIAL_WAIT_ON_MASK);UP;STATUS_SUCCESS;01 00 00 00 ;"....";4;;COM3;;
4786;27/08/2026 13:43:04;IRP_MJ_DEVICE_CONTROL (IOCTL_SERIAL_GET_COMMSTATUS);DOWN;;;"";;;COM3;;
4787;27/08/2026 13:43:04;IRP_MJ_DEVICE_CONTROL (IOCTL_SERIAL_GET_COMMSTATUS);UP;STATUS_SUCCESS;00 00 00 00 00 00 00 00 01 00 00 00 00 00 00 00 00 00 00 00 ;"....................";20;;COM3;;
4788;27/08/2026 13:43:04;IRP_MJ_DEVICE_CONTROL (IOCTL_SERIAL_WAIT_ON_MASK);DOWN;;;"";;;COM3;;
4789;27/08/2026 13:43:04;IRP_MJ_DEVICE_CONTROL (IOCTL_SERIAL_GET_COMMSTATUS);DOWN;;;"";;;COM3;;
4790;27/08/2026 13:43:04;IRP_MJ_DEVICE_CONTROL (IOCTL_SERIAL_GET_COMMSTATUS);UP;STATUS_SUCCESS;00 00 00 00 00 00 00 00 01 00 00 00 00 00 00 00 00 00 00 00 ;"....................";20;;COM3;;
4791;27/08/2026 13:43:04;IRP_MJ_DEVICE_CONTROL (IOCTL_SERIAL_WAIT_ON_MASK);UP;STATUS_SUCCESS;01 00 00 00 ;"....";4;;COM3;;
4792;27/08/2026 13:43:04;IRP_MJ_DEVICE_CONTROL (IOCTL_SERIAL_GET_COMMSTATUS);DOWN;;;"";;;COM3;;
4793;27/08/2026 13:43:04;IRP_MJ_DEVICE_CONTROL (IOCTL_SERIAL_GET_COMMSTATUS);UP;STATUS_SUCCESS;00 00 00 00 00 00 00 00 02 00 00 00 00 00 00 00 00 00 00 00 ;"....................";20;;COM3;;
4794;27/08/2026 13:43:04;IRP_MJ_DEVICE_CONTROL (IOCTL_SERIAL_WAIT_ON_MASK);DOWN;;;"";;;COM3;;
4795;27/08/2026 13:43:04;IRP_MJ_DEVICE_CONTROL (IOCTL_SERIAL_WAIT_ON_MASK);UP;STATUS_SUCCESS;01 00 00 00 ;"....";4;;COM3;;
4796;27/08/2026 13:43:04;IRP_MJ_DEVICE_CONTROL (IOCTL_SERIAL_GET_COMMSTATUS);DOWN;;;"";;;COM3;;
4797;27/08/2026 13:43:04;IRP_MJ_DEVICE_CONTROL (IOCTL_SERIAL_GET_COMMSTATUS);UP;STATUS_SUCCESS;00 00 00 00 00 00 00 00 03 00 00 00 00 00 00 00 00 00 00 00 ;"....................";20;;COM3;;
4798;27/08/2026 13:43:04;IRP_MJ_DEVICE_CONTROL (IOCTL_SERIAL_WAIT_ON_MASK);DOWN;;;"";;;COM3;;
4799;27/08/2026 13:43:04;IRP_MJ_DEVICE_CONTROL (IOCTL_SERIAL_WAIT_ON_MASK);UP;STATUS_SUCCESS;01 00 00 00 ;"....";4;;COM3;;
4800;27/08/2026 13:43:04;IRP_MJ_DEVICE_CONTROL (IOCTL_SERIAL_GET_COMMSTATUS);DOWN;;;"";;;COM3;;
4801;27/08/2026 13:43:04;IRP_MJ_DEVICE_CONTROL (IOCTL_SERIAL_GET_COMMSTATUS);UP;STATUS_SUCCESS;00 00 00 00 00 00 00 00 04 00 00 00 00 00 00 00 00 00 00 00 ;"....................";20;;COM3;;
4802;27/08/2026 13:43:04;IRP_MJ_DEVICE_CONTROL (IOCTL_SERIAL_WAIT_ON_MASK);DOWN;;;"";;;COM3;;
4803;27/08/2026 13:43:04;IRP_MJ_DEVICE_CONTROL (IOCTL_SERIAL_WAIT_ON_MASK);UP;STATUS_SUCCESS;01 00 00 00 ;"....";4;;COM3;;
4804;27/08/2026 13:43:04;IRP_MJ_DEVICE_CONTROL (IOCTL_SERIAL_GET_COMMSTATUS);DOWN;;;"";;;COM3;;
4805;27/08/2026 13:43:04;IRP_MJ_DEVICE_CONTROL (IOCTL_SERIAL_GET_COMMSTATUS);UP;STATUS_SUCCESS;00 00 00 00 00 00 00 00 05 00 00 00 00 00 00 00 00 00 00 00 ;"....................";20;;COM3;;
4806;27/08/2026 13:43:04;IRP_MJ_DEVICE_CONTROL (IOCTL_SERIAL_WAIT_ON_MASK);DOWN;;;"";;;COM3;;
4807;27/08/2026 13:43:04;IRP_MJ_DEVICE_CONTROL (IOCTL_SERIAL_WAIT_ON_MASK);UP;STATUS_SUCCESS;01 00 00 00 ;"....";4;;COM3;;
4808;27/08/2026 13:43:04;IRP_MJ_DEVICE_CONTROL (IOCTL_SERIAL_GET_COMMSTATUS);DOWN;;;"";;;COM3;;
4809;27/08/2026 13:43:04;IRP_MJ_DEVICE_CONTROL (IOCTL_SERIAL_GET_COMMSTATUS);UP;STATUS_SUCCESS;00 00 00 00 00 00 00 00 06 00 00 00 00 00 00 00 00 00 00 00 ;"....................";20;;COM3;;
4810;27/08/2026 13:43:04;IRP_MJ_DEVICE_CONTROL (IOCTL_SERIAL_WAIT_ON_MASK);DOWN;;;"";;;COM3;;
4811;27/08/2026 13:43:04;IRP_MJ_DEVICE_CONTROL (IOCTL_SERIAL_WAIT_ON_MASK);UP;STATUS_SUCCESS;01 00 00 00 ;"....";4;;COM3;;
4812;27/08/2026 13:43:04;IRP_MJ_DEVICE_CONTROL (IOCTL_SERIAL_GET_COMMSTATUS);DOWN;;;"";;;COM3;;
4813;27/08/2026 13:43:04;IRP_MJ_DEVICE_CONTROL (IOCTL_SERIAL_GET_COMMSTATUS);UP;STATUS_SUCCESS;00 00 00 00 00 00 00 00 07 00 00 00 00 00 00 00 00 00 00 00 ;"....................";20;;COM3;;
4814;27/08/2026 13:43:04;IRP_MJ_DEVICE_CONTROL (IOCTL_SERIAL_WAIT_ON_MASK);DOWN;;;"";;;COM3;;
4815;27/08/2026 13:43:04;IRP_MJ_DEVICE_CONTROL (IOCTL_SERIAL_WAIT_ON_MASK);UP;STATUS_SUCCESS;01 00 00 00 ;"....";4;;COM3;;
4816;27/08/2026 13:43:04;IRP_MJ_DEVICE_CONTROL (IOCTL_SERIAL_GET_COMMSTATUS);DOWN;;;"";;;COM3;;
4817;27/08/2026 13:43:04;IRP_MJ_DEVICE_CONTROL (IOCTL_SERIAL_GET_COMMSTATUS);UP;STATUS_SUCCESS;00 00 00 00 00 00 00 00 08 00 00 00 00 00 00 00 00 00 00 00 ;"....................";20;;COM3;;
4818;27/08/2026 13:43:04;IRP_MJ_DEVICE_CONTROL (IOCTL_SERIAL_WAIT_ON_MASK);DOWN;;;"";;;COM3;;
4819;27/08/2026 13:43:04;IRP_MJ_DEVICE_CONTROL (IOCTL_SERIAL_GET_COMMSTATUS);DOWN;;;"";;;COM3;;
4820;27/08/2026 13:43:04;IRP_MJ_DEVICE_CONTROL (IOCTL_SERIAL_GET_COMMSTATUS);UP;STATUS_SUCCESS;00 00 00 00 00 00 00 00 08 00 00 00 00 00 00 00 00 00 00 00 ;"....................";20;;COM3;;
4821;27/08/2026 13:43:04;IRP_MJ_DEVICE_CONTROL (IOCTL_SERIAL_WAIT_ON_MASK);UP;STATUS_SUCCESS;01 00 00 00 ;"....";4;;COM3;;
4822;27/08/2026 13:43:04;IRP_MJ_DEVICE_CONTROL (IOCTL_SERIAL_GET_COMMSTATUS);DOWN;;;"";;;COM3;;
4823;27/08/2026 13:43:04;IRP_MJ_DEVICE_CONTROL (IOCTL_SERIAL_GET_COMMSTATUS);UP;STATUS_SUCCESS;00 00 00 00 00 00 00 00 09 00 00 00 00 00 00 00 00 00 00 00 ;"....................";20;;COM3;;
4824;27/08/2026 13:43:04;IRP_MJ_DEVICE_CONTROL (IOCTL_SERIAL_WAIT_ON_MASK);DOWN;;;"";;;COM3;;
4825;27/08/2026 13:43:04;IRP_MJ_DEVICE_CONTROL (IOCTL_SERIAL_WAIT_ON_MASK);UP;STATUS_SUCCESS;01 00 00 00 ;"....";4;;COM3;;
4826;27/08/2026 13:43:04;IRP_MJ_DEVICE_CONTROL (IOCTL_SERIAL_GET_COMMSTATUS);DOWN;;;"";;;COM3;;
4827;27/08/2026 13:43:04;IRP_MJ_DEVICE_CONTROL (IOCTL_SERIAL_GET_COMMSTATUS);UP;STATUS_SUCCESS;00 00 00 00 00 00 00 00 0a 00 00 00 00 00 00 00 00 00 00 00 ;"....................";20;;COM3;;
4828;27/08/2026 13:43:04;IRP_MJ_DEVICE_CONTROL (IOCTL_SERIAL_WAIT_ON_MASK);DOWN;;;"";;;COM3;;
4829;27/08/2026 13:43:04;IRP_MJ_DEVICE_CONTROL (IOCTL_SERIAL_WAIT_ON_MASK);UP;STATUS_SUCCESS;01 00 00 00 ;"....";4;;COM3;;
4830;27/08/2026 13:43:04;IRP_MJ_DEVICE_CONTROL (IOCTL_SERIAL_GET_COMMSTATUS);DOWN;;;"";;;COM3;;
4831;27/08/2026 13:43:04;IRP_MJ_DEVICE_CONTROL (IOCTL_SERIAL_GET_COMMSTATUS);UP;STATUS_SUCCESS;00 00 00 00 00 00 00 00 0b 00 00 00 00 00 00 00 00 00 00 00 ;"....................";20;;COM3;;
4832;27/08/2026 13:43:04;IRP_MJ_DEVICE_CONTROL (IOCTL_SERIAL_WAIT_ON_MASK);DOWN;;;"";;;COM3;;
4833;27/08/2026 13:43:04;IRP_MJ_DEVICE_CONTROL (IOCTL_SERIAL_WAIT_ON_MASK);UP;STATUS_SUCCESS;01 00 00 00 ;"....";4;;COM3;;
4834;27/08/2026 13:43:04;IRP_MJ_DEVICE_CONTROL (IOCTL_SERIAL_GET_COMMSTATUS);DOWN;;;"";;;COM3;;
4835;27/08/2026 13:43:04;IRP_MJ_DEVICE_CONTROL (IOCTL_SERIAL_GET_COMMSTATUS);UP;STATUS_SUCCESS;00 00 00 00 00 00 00 00 0c 00 00 00 00 00 00 00 00 00 00 00 ;"....................";20;;COM3;;
4836;27/08/2026 13:43:04;IRP_MJ_DEVICE_CONTROL (IOCTL_SERIAL_WAIT_ON_MASK);DOWN;;;"";;;COM3;;
4837;27/08/2026 13:43:04;IRP_MJ_DEVICE_CONTROL (IOCTL_SERIAL_WAIT_ON_MASK);UP;STATUS_SUCCESS;01 00 00 00 ;"....";4;;COM3;;
4838;27/08/2026 13:43:04;IRP_MJ_DEVICE_CONTROL (IOCTL_SERIAL_GET_COMMSTATUS);DOWN;;;"";;;COM3;;
4839;27/08/2026 13:43:04;IRP_MJ_DEVICE_CONTROL (IOCTL_SERIAL_GET_COMMSTATUS);UP;STATUS_SUCCESS;00 00 00 00 00 00 00 00 0d 00 00 00 00 00 00 00 00 00 00 00 ;"....................";20;;COM3;;
4840;27/08/2026 13:43:04;IRP_MJ_DEVICE_CONTROL (IOCTL_SERIAL_WAIT_ON_MASK);DOWN;;;"";;;COM3;;
4841;27/08/2026 13:43:04;IRP_MJ_DEVICE_CONTROL (IOCTL_SERIAL_WAIT_ON_MASK);UP;STATUS_SUCCESS;01 00 00 00 ;"....";4;;COM3;;
4842;27/08/2026 13:43:04;IRP_MJ_DEVICE_CONTROL (IOCTL_SERIAL_GET_COMMSTATUS);DOWN;;;"";;;COM3;;
4843;27/08/2026 13:43:04;IRP_MJ_DEVICE_CONTROL (IOCTL_SERIAL_GET_COMMSTATUS);UP;STATUS_SUCCESS;00 00 00 00 00 00 00 00 0e 00 00 00 00 00 00 00 00 00 00 00 ;"....................";20;;COM3;;
4844;27/08/2026 13:43:04;IRP_MJ_DEVICE_CONTROL (IOCTL_SERIAL_WAIT_ON_MASK);DOWN;;;"";;;COM3;;
4845;27/08/2026 13:43:04;IRP_MJ_DEVICE_CONTROL (IOCTL_SERIAL_GET_COMMSTATUS);DOWN;;;"";;;COM3;;
4846;27/08/2026 13:43:04;IRP_MJ_DEVICE_CONTROL (IOCTL_SERIAL_GET_COMMSTATUS);UP;STATUS_SUCCESS;00 00 00 00 00 00 00 00 0e 00 00 00 00 00 00 00 00 00 00 00 ;"....................";20;;COM3;;
4847;27/08/2026 13:43:04;IRP_MJ_DEVICE_CONTROL (IOCTL_SERIAL_WAIT_ON_MASK);UP;STATUS_SUCCESS;01 00 00 00 ;"....";4;;COM3;;
4848;27/08/2026 13:43:04;IRP_MJ_DEVICE_CONTROL (IOCTL_SERIAL_GET_COMMSTATUS);DOWN;;;"";;;COM3;;
4849;27/08/2026 13:43:04;IRP_MJ_DEVICE_CONTROL (IOCTL_SERIAL_GET_COMMSTATUS);UP;STATUS_SUCCESS;00 00 00 00 00 00 00 00 0f 00 00 00 00 00 00 00 00 00 00 00 ;"....................";20;;COM3;;
4850;27/08/2026 13:43:04;IRP_MJ_DEVICE_CONTROL (IOCTL_SERIAL_WAIT_ON_MASK);DOWN;;;"";;;COM3;;
4851;27/08/2026 13:43:04;IRP_MJ_DEVICE_CONTROL (IOCTL_SERIAL_WAIT_ON_MASK);UP;STATUS_SUCCESS;01 00 00 00 ;"....";4;;COM3;;
4852;27/08/2026 13:43:04;IRP_MJ_DEVICE_CONTROL (IOCTL_SERIAL_GET_COMMSTATUS);DOWN;;;"";;;COM3;;
4853;27/08/2026 13:43:04;IRP_MJ_DEVICE_CONTROL (IOCTL_SERIAL_GET_COMMSTATUS);UP;STATUS_SUCCESS;00 00 00 00 00 00 00 00 10 00 00 00 00 00 00 00 00 00 00 00 ;"....................";20;;COM3;;
4854;27/08/2026 13:43:04;IRP_MJ_DEVICE_CONTROL (IOCTL_SERIAL_WAIT_ON_MASK);DOWN;;;"";;;COM3;;
4855;27/08/2026 13:43:04;IRP_MJ_DEVICE_CONTROL (IOCTL_SERIAL_WAIT_ON_MASK);UP;STATUS_SUCCESS;01 00 00 00 ;"....";4;;COM3;;
4856;27/08/2026 13:43:04;IRP_MJ_DEVICE_CONTROL (IOCTL_SERIAL_GET_COMMSTATUS);DOWN;;;"";;;COM3;;
4857;27/08/2026 13:43:04;IRP_MJ_DEVICE_CONTROL (IOCTL_SERIAL_GET_COMMSTATUS);UP;STATUS_SUCCESS;00 00 00 00 00 00 00 00 11 00 00 00 00 00 00 00 00 00 00 00 ;"....................";20;;COM3;;
4858;27/08/2026 13:43:04;IRP_MJ_DEVICE_CONTROL (IOCTL_SERIAL_WAIT_ON_MASK);DOWN;;;"";;;COM3;;
4859;27/08/2026 13:43:04;IRP_MJ_DEVICE_CONTROL (IOCTL_SERIAL_WAIT_ON_MASK);UP;STATUS_SUCCESS;01 00 00 00 ;"....";4;;COM3;;
4860;27/08/2026 13:43:04;IRP_MJ_DEVICE_CONTROL (IOCTL_SERIAL_GET_COMMSTATUS);DOWN;;;"";;;COM3;;
4861;27/08/2026 13:43:04;IRP_MJ_DEVICE_CONTROL (IOCTL_SERIAL_GET_COMMSTATUS);UP;STATUS_SUCCESS;00 00 00 00 00 00 00 00 12 00 00 00 00 00 00 00 00 00 00 00 ;"....................";20;;COM3;;
4862;27/08/2026 13:43:04;IRP_MJ_DEVICE_CONTROL (IOCTL_SERIAL_WAIT_ON_MASK);DOWN;;;"";;;COM3;;
4863;27/08/2026 13:43:04;IRP_MJ_DEVICE_CONTROL (IOCTL_SERIAL_WAIT_ON_MASK);UP;STATUS_SUCCESS;01 00 00 00 ;"....";4;;COM3;;
4864;27/08/2026 13:43:04;IRP_MJ_DEVICE_CONTROL (IOCTL_SERIAL_GET_COMMSTATUS);DOWN;;;"";;;COM3;;
4865;27/08/2026 13:43:04;IRP_MJ_DEVICE_CONTROL (IOCTL_SERIAL_GET_COMMSTATUS);UP;STATUS_SUCCESS;00 00 00 00 00 00 00 00 13 00 00 00 00 00 00 00 00 00 00 00 ;"....................";20;;COM3;;
4866;27/08/2026 13:43:04;IRP_MJ_DEVICE_CONTROL (IOCTL_SERIAL_WAIT_ON_MASK);DOWN;;;"";;;COM3;;
4867;27/08/2026 13:43:04;IRP_MJ_DEVICE_CONTROL (IOCTL_SERIAL_WAIT_ON_MASK);UP;STATUS_SUCCESS;01 00 00 00 ;"....";4;;COM3;;
4868;27/08/2026 13:43:04;IRP_MJ_DEVICE_CONTROL (IOCTL_SERIAL_GET_COMMSTATUS);DOWN;;;"";;;COM3;;
4869;27/08/2026 13:43:04;IRP_MJ_DEVICE_CONTROL (IOCTL_SERIAL_GET_COMMSTATUS);UP;STATUS_SUCCESS;00 00 00 00 00 00 00 00 14 00 00 00 00 00 00 00 00 00 00 00 ;"....................";20;;COM3;;
4870;27/08/2026 13:43:04;IRP_MJ_DEVICE_CONTROL (IOCTL_SERIAL_WAIT_ON_MASK);DOWN;;;"";;;COM3;;
4871;27/08/2026 13:43:04;IRP_MJ_DEVICE_CONTROL (IOCTL_SERIAL_WAIT_ON_MASK);UP;STATUS_SUCCESS;01 00 00 00 ;"....";4;;COM3;;
4872;27/08/2026 13:43:04;IRP_MJ_DEVICE_CONTROL (IOCTL_SERIAL_GET_COMMSTATUS);DOWN;;;"";;;COM3;;
4873;27/08/2026 13:43:04;IRP_MJ_DEVICE_CONTROL (IOCTL_SERIAL_GET_COMMSTATUS);UP;STATUS_SUCCESS;00 00 00 00 00 00 00 00 15 00 00 00 00 00 00 00 00 00 00 00 ;"....................";20;;COM3;;
4874;27/08/2026 13:43:04;IRP_MJ_DEVICE_CONTROL (IOCTL_SERIAL_WAIT_ON_MASK);DOWN;;;"";;;COM3;;
4875;27/08/2026 13:43:04;IRP_MJ_DEVICE_CONTROL (IOCTL_SERIAL_GET_COMMSTATUS);DOWN;;;"";;;COM3;;
4876;27/08/2026 13:43:04;IRP_MJ_DEVICE_CONTROL (IOCTL_SERIAL_GET_COMMSTATUS);UP;STATUS_SUCCESS;00 00 00 00 00 00 00 00 15 00 00 00 00 00 00 00 00 00 00 00 ;"....................";20;;COM3;;
4877;27/08/2026 13:43:04;IRP_MJ_DEVICE_CONTROL (IOCTL_SERIAL_WAIT_ON_MASK);UP;STATUS_SUCCESS;01 00 00 00 ;"....";4;;COM3;;
4878;27/08/2026 13:43:04;IRP_MJ_DEVICE_CONTROL (IOCTL_SERIAL_GET_COMMSTATUS);DOWN;;;"";;;COM3;;
4879;27/08/2026 13:43:04;IRP_MJ_DEVICE_CONTROL (IOCTL_SERIAL_GET_COMMSTATUS);UP;STATUS_SUCCESS;00 00 00 00 00 00 00 00 16 00 00 00 00 00 00 00 00 00 00 00 ;"....................";20;;COM3;;
4880;27/08/2026 13:43:04;IRP_MJ_DEVICE_CONTROL (IOCTL_SERIAL_WAIT_ON_MASK);DOWN;;;"";;;COM3;;
4881;27/08/2026 13:43:04;IRP_MJ_DEVICE_CONTROL (IOCTL_SERIAL_WAIT_ON_MASK);UP;STATUS_SUCCESS;01 00 00 00 ;"....";4;;COM3;;
4882;27/08/2026 13:43:04;IRP_MJ_DEVICE_CONTROL (IOCTL_SERIAL_GET_COMMSTATUS);DOWN;;;"";;;COM3;;
4883;27/08/2026 13:43:04;IRP_MJ_DEVICE_CONTROL (IOCTL_SERIAL_GET_COMMSTATUS);UP;STATUS_SUCCESS;00 00 00 00 00 00 00 00 17 00 00 00 00 00 00 00 00 00 00 00 ;"....................";20;;COM3;;
4884;27/08/2026 13:43:04;IRP_MJ_DEVICE_CONTROL (IOCTL_SERIAL_WAIT_ON_MASK);DOWN;;;"";;;COM3;;
4885;27/08/2026 13:43:04;IRP_MJ_DEVICE_CONTROL (IOCTL_SERIAL_WAIT_ON_MASK);UP;STATUS_SUCCESS;01 00 00 00 ;"....";4;;COM3;;
4886;27/08/2026 13:43:04;IRP_MJ_DEVICE_CONTROL (IOCTL_SERIAL_GET_COMMSTATUS);DOWN;;;"";;;COM3;;
4887;27/08/2026 13:43:04;IRP_MJ_DEVICE_CONTROL (IOCTL_SERIAL_GET_COMMSTATUS);UP;STATUS_SUCCESS;00 00 00 00 00 00 00 00 18 00 00 00 00 00 00 00 00 00 00 00 ;"....................";20;;COM3;;
4888;27/08/2026 13:43:04;IRP_MJ_DEVICE_CONTROL (IOCTL_SERIAL_WAIT_ON_MASK);DOWN;;;"";;;COM3;;
4889;27/08/2026 13:43:04;IRP_MJ_DEVICE_CONTROL (IOCTL_SERIAL_WAIT_ON_MASK);UP;STATUS_SUCCESS;01 00 00 00 ;"....";4;;COM3;;
4890;27/08/2026 13:43:04;IRP_MJ_DEVICE_CONTROL (IOCTL_SERIAL_GET_COMMSTATUS);DOWN;;;"";;;COM3;;
4891;27/08/2026 13:43:04;IRP_MJ_DEVICE_CONTROL (IOCTL_SERIAL_GET_COMMSTATUS);UP;STATUS_SUCCESS;00 00 00 00 00 00 00 00 19 00 00 00 00 00 00 00 00 00 00 00 ;"....................";20;;COM3;;
4892;27/08/2026 13:43:04;IRP_MJ_DEVICE_CONTROL (IOCTL_SERIAL_WAIT_ON_MASK);DOWN;;;"";;;COM3;;
4893;27/08/2026 13:43:04;IRP_MJ_DEVICE_CONTROL (IOCTL_SERIAL_WAIT_ON_MASK);UP;STATUS_SUCCESS;01 00 00 00 ;"....";4;;COM3;;
4894;27/08/2026 13:43:04;IRP_MJ_DEVICE_CONTROL (IOCTL_SERIAL_GET_COMMSTATUS);DOWN;;;"";;;COM3;;
4895;27/08/2026 13:43:04;IRP_MJ_DEVICE_CONTROL (IOCTL_SERIAL_GET_COMMSTATUS);UP;STATUS_SUCCESS;00 00 00 00 00 00 00 00 1a 00 00 00 00 00 00 00 00 00 00 00 ;"....................";20;;COM3;;
4896;27/08/2026 13:43:04;IRP_MJ_DEVICE_CONTROL (IOCTL_SERIAL_WAIT_ON_MASK);DOWN;;;"";;;COM3;;
4897;27/08/2026 13:43:04;IRP_MJ_DEVICE_CONTROL (IOCTL_SERIAL_WAIT_ON_MASK);UP;STATUS_SUCCESS;01 00 00 00 ;"....";4;;COM3;;
4898;27/08/2026 13:43:04;IRP_MJ_DEVICE_CONTROL (IOCTL_SERIAL_GET_COMMSTATUS);DOWN;;;"";;;COM3;;
4899;27/08/2026 13:43:04;IRP_MJ_DEVICE_CONTROL (IOCTL_SERIAL_GET_COMMSTATUS);UP;STATUS_SUCCESS;00 00 00 00 00 00 00 00 1b 00 00 00 00 00 00 00 00 00 00 00 ;"....................";20;;COM3;;
4900;27/08/2026 13:43:04;IRP_MJ_DEVICE_CONTROL (IOCTL_SERIAL_WAIT_ON_MASK);DOWN;;;"";;;COM3;;
4901;27/08/2026 13:43:04;IRP_MJ_DEVICE_CONTROL (IOCTL_SERIAL_GET_COMMSTATUS);DOWN;;;"";;;COM3;;
4902;27/08/2026 13:43:04;IRP_MJ_DEVICE_CONTROL (IOCTL_SERIAL_GET_COMMSTATUS);UP;STATUS_SUCCESS;00 00 00 00 00 00 00 00 1b 00 00 00 00 00 00 00 00 00 00 00 ;"....................";20;;COM3;;
4903;27/08/2026 13:43:04;IRP_MJ_DEVICE_CONTROL (IOCTL_SERIAL_WAIT_ON_MASK);UP;STATUS_SUCCESS;01 00 00 00 ;"....";4;;COM3;;
4904;27/08/2026 13:43:04;IRP_MJ_DEVICE_CONTROL (IOCTL_SERIAL_GET_COMMSTATUS);DOWN;;;"";;;COM3;;
4905;27/08/2026 13:43:04;IRP_MJ_DEVICE_CONTROL (IOCTL_SERIAL_GET_COMMSTATUS);UP;STATUS_SUCCESS;00 00 00 00 00 00 00 00 1c 00 00 00 00 00 00 00 00 00 00 00 ;"....................";20;;COM3;;
4906;27/08/2026 13:43:04;IRP_MJ_DEVICE_CONTROL (IOCTL_SERIAL_WAIT_ON_MASK);DOWN;;;"";;;COM3;;
4907;27/08/2026 13:43:04;IRP_MJ_DEVICE_CONTROL (IOCTL_SERIAL_WAIT_ON_MASK);UP;STATUS_SUCCESS;01 00 00 00 ;"....";4;;COM3;;
4908;27/08/2026 13:43:04;IRP_MJ_DEVICE_CONTROL (IOCTL_SERIAL_GET_COMMSTATUS);DOWN;;;"";;;COM3;;
4909;27/08/2026 13:43:04;IRP_MJ_DEVICE_CONTROL (IOCTL_SERIAL_GET_COMMSTATUS);UP;STATUS_SUCCESS;00 00 00 00 00 00 00 00 1d 00 00 00 00 00 00 00 00 00 00 00 ;"....................";20;;COM3;;
4910;27/08/2026 13:43:04;IRP_MJ_DEVICE_CONTROL (IOCTL_SERIAL_WAIT_ON_MASK);DOWN;;;"";;;COM3;;
4911;27/08/2026 13:43:04;IRP_MJ_DEVICE_CONTROL (IOCTL_SERIAL_WAIT_ON_MASK);UP;STATUS_SUCCESS;01 00 00 00 ;"....";4;;COM3;;
4912;27/08/2026 13:43:04;IRP_MJ_DEVICE_CONTROL (IOCTL_SERIAL_GET_COMMSTATUS);DOWN;;;"";;;COM3;;
4913;27/08/2026 13:43:04;IRP_MJ_DEVICE_CONTROL (IOCTL_SERIAL_GET_COMMSTATUS);UP;STATUS_SUCCESS;00 00 00 00 00 00 00 00 1e 00 00 00 00 00 00 00 00 00 00 00 ;"....................";20;;COM3;;
4914;27/08/2026 13:43:04;IRP_MJ_DEVICE_CONTROL (IOCTL_SERIAL_WAIT_ON_MASK);DOWN;;;"";;;COM3;;
4915;27/08/2026 13:43:04;IRP_MJ_DEVICE_CONTROL (IOCTL_SERIAL_WAIT_ON_MASK);UP;STATUS_SUCCESS;01 00 00 00 ;"....";4;;COM3;;
4916;27/08/2026 13:43:04;IRP_MJ_DEVICE_CONTROL (IOCTL_SERIAL_GET_COMMSTATUS);DOWN;;;"";;;COM3;;
4917;27/08/2026 13:43:04;IRP_MJ_DEVICE_CONTROL (IOCTL_SERIAL_GET_COMMSTATUS);UP;STATUS_SUCCESS;00 00 00 00 00 00 00 00 1f 00 00 00 00 00 00 00 00 00 00 00 ;"....................";20;;COM3;;
4918;27/08/2026 13:43:04;IRP_MJ_DEVICE_CONTROL (IOCTL_SERIAL_WAIT_ON_MASK);DOWN;;;"";;;COM3;;
4919;27/08/2026 13:43:04;IRP_MJ_DEVICE_CONTROL (IOCTL_SERIAL_WAIT_ON_MASK);UP;STATUS_SUCCESS;01 00 00 00 ;"....";4;;COM3;;
4920;27/08/2026 13:43:04;IRP_MJ_DEVICE_CONTROL (IOCTL_SERIAL_GET_COMMSTATUS);DOWN;;;"";;;COM3;;
4921;27/08/2026 13:43:04;IRP_MJ_DEVICE_CONTROL (IOCTL_SERIAL_GET_COMMSTATUS);UP;STATUS_SUCCESS;00 00 00 00 00 00 00 00 20 00 00 00 00 00 00 00 00 00 00 00 ;"........ ...........";20;;COM3;;
4922;27/08/2026 13:43:04;IRP_MJ_DEVICE_CONTROL (IOCTL_SERIAL_WAIT_ON_MASK);DOWN;;;"";;;COM3;;
4923;27/08/2026 13:43:04;IRP_MJ_DEVICE_CONTROL (IOCTL_SERIAL_WAIT_ON_MASK);UP;STATUS_SUCCESS;01 00 00 00 ;"....";4;;COM3;;
4924;27/08/2026 13:43:04;IRP_MJ_DEVICE_CONTROL (IOCTL_SERIAL_GET_COMMSTATUS);DOWN;;;"";;;COM3;;
4925;27/08/2026 13:43:04;IRP_MJ_DEVICE_CONTROL (IOCTL_SERIAL_GET_COMMSTATUS);UP;STATUS_SUCCESS;00 00 00 00 00 00 00 00 21 00 00 00 00 00 00 00 00 00 00 00 ;"........!...........";20;;COM3;;
4926;27/08/2026 13:43:04;IRP_MJ_DEVICE_CONTROL (IOCTL_SERIAL_WAIT_ON_MASK);DOWN;;;"";;;COM3;;
4927;27/08/2026 13:43:04;IRP_MJ_DEVICE_CONTROL (IOCTL_SERIAL_GET_COMMSTATUS);DOWN;;;"";;;COM3;;
4928;27/08/2026 13:43:04;IRP_MJ_DEVICE_CONTROL (IOCTL_SERIAL_GET_COMMSTATUS);UP;STATUS_SUCCESS;00 00 00 00 00 00 00 00 21 00 00 00 00 00 00 00 00 00 00 00 ;"........!...........";20;;COM3;;
4929;27/08/2026 13:43:04;IRP_MJ_DEVICE_CONTROL (IOCTL_SERIAL_WAIT_ON_MASK);UP;STATUS_SUCCESS;01 00 00 00 ;"....";4;;COM3;;
4930;27/08/2026 13:43:04;IRP_MJ_DEVICE_CONTROL (IOCTL_SERIAL_GET_COMMSTATUS);DOWN;;;"";;;COM3;;
4931;27/08/2026 13:43:04;IRP_MJ_DEVICE_CONTROL (IOCTL_SERIAL_GET_COMMSTATUS);UP;STATUS_SUCCESS;00 00 00 00 00 00 00 00 22 00 00 00 00 00 00 00 00 00 00 00 ;"........""...........";20;;COM3;;
4932;27/08/2026 13:43:04;IRP_MJ_DEVICE_CONTROL (IOCTL_SERIAL_WAIT_ON_MASK);DOWN;;;"";;;COM3;;
4933;27/08/2026 13:43:04;IRP_MJ_DEVICE_CONTROL (IOCTL_SERIAL_WAIT_ON_MASK);UP;STATUS_SUCCESS;01 00 00 00 ;"....";4;;COM3;;
4934;27/08/2026 13:43:04;IRP_MJ_DEVICE_CONTROL (IOCTL_SERIAL_GET_COMMSTATUS);DOWN;;;"";;;COM3;;
4935;27/08/2026 13:43:04;IRP_MJ_DEVICE_CONTROL (IOCTL_SERIAL_GET_COMMSTATUS);UP;STATUS_SUCCESS;00 00 00 00 00 00 00 00 23 00 00 00 00 00 00 00 00 00 00 00 ;"........#...........";20;;COM3;;
4936;27/08/2026 13:43:04;IRP_MJ_DEVICE_CONTROL (IOCTL_SERIAL_WAIT_ON_MASK);DOWN;;;"";;;COM3;;
4937;27/08/2026 13:43:04;IRP_MJ_DEVICE_CONTROL (IOCTL_SERIAL_WAIT_ON_MASK);UP;STATUS_SUCCESS;01 00 00 00 ;"....";4;;COM3;;
4938;27/08/2026 13:43:04;IRP_MJ_DEVICE_CONTROL (IOCTL_SERIAL_GET_COMMSTATUS);DOWN;;;"";;;COM3;;
4939;27/08/2026 13:43:04;IRP_MJ_DEVICE_CONTROL (IOCTL_SERIAL_GET_COMMSTATUS);UP;STATUS_SUCCESS;00 00 00 00 00 00 00 00 24 00 00 00 00 00 00 00 00 00 00 00 ;"........$...........";20;;COM3;;
4940;27/08/2026 13:43:04;IRP_MJ_DEVICE_CONTROL (IOCTL_SERIAL_WAIT_ON_MASK);DOWN;;;"";;;COM3;;
4941;27/08/2026 13:43:04;IRP_MJ_DEVICE_CONTROL (IOCTL_SERIAL_WAIT_ON_MASK);UP;STATUS_SUCCESS;01 00 00 00 ;"....";4;;COM3;;
4942;27/08/2026 13:43:04;IRP_MJ_DEVICE_CONTROL (IOCTL_SERIAL_GET_COMMSTATUS);DOWN;;;"";;;COM3;;
4943;27/08/2026 13:43:04;IRP_MJ_DEVICE_CONTROL (IOCTL_SERIAL_GET_COMMSTATUS);UP;STATUS_SUCCESS;00 00 00 00 00 00 00 00 25 00 00 00 00 00 00 00 00 00 00 00 ;"........%...........";20;;COM3;;
4944;27/08/2026 13:43:04;IRP_MJ_DEVICE_CONTROL (IOCTL_SERIAL_WAIT_ON_MASK);DOWN;;;"";;;COM3;;
4945;27/08/2026 13:43:04;IRP_MJ_DEVICE_CONTROL (IOCTL_SERIAL_WAIT_ON_MASK);UP;STATUS_SUCCESS;01 00 00 00 ;"....";4;;COM3;;
4946;27/08/2026 13:43:04;IRP_MJ_DEVICE_CONTROL (IOCTL_SERIAL_GET_COMMSTATUS);DOWN;;;"";;;COM3;;
4947;27/08/2026 13:43:04;IRP_MJ_DEVICE_CONTROL (IOCTL_SERIAL_GET_COMMSTATUS);UP;STATUS_SUCCESS;00 00 00 00 00 00 00 00 26 00 00 00 00 00 00 00 00 00 00 00 ;"........&...........";20;;COM3;;
4948;27/08/2026 13:43:04;IRP_MJ_DEVICE_CONTROL (IOCTL_SERIAL_WAIT_ON_MASK);DOWN;;;"";;;COM3;;
4949;27/08/2026 13:43:04;IRP_MJ_DEVICE_CONTROL (IOCTL_SERIAL_WAIT_ON_MASK);UP;STATUS_SUCCESS;01 00 00 00 ;"....";4;;COM3;;
4950;27/08/2026 13:43:04;IRP_MJ_DEVICE_CONTROL (IOCTL_SERIAL_GET_COMMSTATUS);DOWN;;;"";;;COM3;;
4951;27/08/2026 13:43:04;IRP_MJ_DEVICE_CONTROL (IOCTL_SERIAL_GET_COMMSTATUS);UP;STATUS_SUCCESS;00 00 00 00 00 00 00 00 27 00 00 00 00 00 00 00 00 00 00 00 ;"........'...........";20;;COM3;;
4952;27/08/2026 13:43:04;IRP_MJ_DEVICE_CONTROL (IOCTL_SERIAL_WAIT_ON_MASK);DOWN;;;"";;;COM3;;
4953;27/08/2026 13:43:04;IRP_MJ_DEVICE_CONTROL (IOCTL_SERIAL_WAIT_ON_MASK);UP;STATUS_SUCCESS;01 00 00 00 ;"....";4;;COM3;;
4954;27/08/2026 13:43:04;IRP_MJ_DEVICE_CONTROL (IOCTL_SERIAL_GET_COMMSTATUS);DOWN;;;"";;;COM3;;
4955;27/08/2026 13:43:04;IRP_MJ_DEVICE_CONTROL (IOCTL_SERIAL_GET_COMMSTATUS);UP;STATUS_SUCCESS;00 00 00 00 00 00 00 00 28 00 00 00 00 00 00 00 00 00 00 00 ;"........(...........";20;;COM3;;
4956;27/08/2026 13:43:04;IRP_MJ_DEVICE_CONTROL (IOCTL_SERIAL_WAIT_ON_MASK);DOWN;;;"";;;COM3;;
4957;27/08/2026 13:43:04;IRP_MJ_DEVICE_CONTROL (IOCTL_SERIAL_GET_COMMSTATUS);DOWN;;;"";;;COM3;;
4958;27/08/2026 13:43:04;IRP_MJ_DEVICE_CONTROL (IOCTL_SERIAL_GET_COMMSTATUS);UP;STATUS_SUCCESS;00 00 00 00 00 00 00 00 28 00 00 00 00 00 00 00 00 00 00 00 ;"........(...........";20;;COM3;;
4959;27/08/2026 13:43:04;IRP_MJ_DEVICE_CONTROL (IOCTL_SERIAL_WAIT_ON_MASK);UP;STATUS_SUCCESS;01 00 00 00 ;"....";4;;COM3;;
4960;27/08/2026 13:43:04;IRP_MJ_DEVICE_CONTROL (IOCTL_SERIAL_GET_COMMSTATUS);DOWN;;;"";;;COM3;;
4961;27/08/2026 13:43:04;IRP_MJ_DEVICE_CONTROL (IOCTL_SERIAL_GET_COMMSTATUS);UP;STATUS_SUCCESS;00 00 00 00 00 00 00 00 29 00 00 00 00 00 00 00 00 00 00 00 ;"........)...........";20;;COM3;;
4962;27/08/2026 13:43:04;IRP_MJ_DEVICE_CONTROL (IOCTL_SERIAL_WAIT_ON_MASK);DOWN;;;"";;;COM3;;
4963;27/08/2026 13:43:04;IRP_MJ_DEVICE_CONTROL (IOCTL_SERIAL_WAIT_ON_MASK);UP;STATUS_SUCCESS;01 00 00 00 ;"....";4;;COM3;;
4964;27/08/2026 13:43:04;IRP_MJ_DEVICE_CONTROL (IOCTL_SERIAL_GET_COMMSTATUS);DOWN;;;"";;;COM3;;
4965;27/08/2026 13:43:04;IRP_MJ_DEVICE_CONTROL (IOCTL_SERIAL_GET_COMMSTATUS);UP;STATUS_SUCCESS;00 00 00 00 00 00 00 00 2a 00 00 00 00 00 00 00 00 00 00 00 ;"........*...........";20;;COM3;;
4966;27/08/2026 13:43:04;IRP_MJ_DEVICE_CONTROL (IOCTL_SERIAL_WAIT_ON_MASK);DOWN;;;"";;;COM3;;
4967;27/08/2026 13:43:04;IRP_MJ_DEVICE_CONTROL (IOCTL_SERIAL_WAIT_ON_MASK);UP;STATUS_SUCCESS;01 00 00 00 ;"....";4;;COM3;;
4968;27/08/2026 13:43:04;IRP_MJ_DEVICE_CONTROL (IOCTL_SERIAL_GET_COMMSTATUS);DOWN;;;"";;;COM3;;
4969;27/08/2026 13:43:04;IRP_MJ_DEVICE_CONTROL (IOCTL_SERIAL_GET_COMMSTATUS);UP;STATUS_SUCCESS;00 00 00 00 00 00 00 00 2b 00 00 00 00 00 00 00 00 00 00 00 ;"........+...........";20;;COM3;;
4970;27/08/2026 13:43:04;IRP_MJ_DEVICE_CONTROL (IOCTL_SERIAL_WAIT_ON_MASK);DOWN;;;"";;;COM3;;
4971;27/08/2026 13:43:04;IRP_MJ_DEVICE_CONTROL (IOCTL_SERIAL_WAIT_ON_MASK);UP;STATUS_SUCCESS;01 00 00 00 ;"....";4;;COM3;;
4972;27/08/2026 13:43:04;IRP_MJ_DEVICE_CONTROL (IOCTL_SERIAL_GET_COMMSTATUS);DOWN;;;"";;;COM3;;
4973;27/08/2026 13:43:04;IRP_MJ_DEVICE_CONTROL (IOCTL_SERIAL_GET_COMMSTATUS);UP;STATUS_SUCCESS;00 00 00 00 00 00 00 00 2c 00 00 00 00 00 00 00 00 00 00 00 ;"........,...........";20;;COM3;;
4974;27/08/2026 13:43:04;IRP_MJ_DEVICE_CONTROL (IOCTL_SERIAL_WAIT_ON_MASK);DOWN;;;"";;;COM3;;
4975;27/08/2026 13:43:04;IRP_MJ_DEVICE_CONTROL (IOCTL_SERIAL_WAIT_ON_MASK);UP;STATUS_SUCCESS;01 00 00 00 ;"....";4;;COM3;;
4976;27/08/2026 13:43:04;IRP_MJ_DEVICE_CONTROL (IOCTL_SERIAL_GET_COMMSTATUS);DOWN;;;"";;;COM3;;
4977;27/08/2026 13:43:04;IRP_MJ_DEVICE_CONTROL (IOCTL_SERIAL_GET_COMMSTATUS);UP;STATUS_SUCCESS;00 00 00 00 00 00 00 00 2d 00 00 00 00 00 00 00 00 00 00 00 ;"........-...........";20;;COM3;;
4978;27/08/2026 13:43:04;IRP_MJ_DEVICE_CONTROL (IOCTL_SERIAL_WAIT_ON_MASK);DOWN;;;"";;;COM3;;
4979;27/08/2026 13:43:04;IRP_MJ_DEVICE_CONTROL (IOCTL_SERIAL_WAIT_ON_MASK);UP;STATUS_SUCCESS;01 00 00 00 ;"....";4;;COM3;;
4980;27/08/2026 13:43:04;IRP_MJ_DEVICE_CONTROL (IOCTL_SERIAL_GET_COMMSTATUS);DOWN;;;"";;;COM3;;
4981;27/08/2026 13:43:04;IRP_MJ_DEVICE_CONTROL (IOCTL_SERIAL_GET_COMMSTATUS);UP;STATUS_SUCCESS;00 00 00 00 00 00 00 00 2e 00 00 00 00 00 00 00 00 00 00 00 ;"....................";20;;COM3;;
4982;27/08/2026 13:43:04;IRP_MJ_DEVICE_CONTROL (IOCTL_SERIAL_WAIT_ON_MASK);DOWN;;;"";;;COM3;;
4983;27/08/2026 13:43:04;IRP_MJ_DEVICE_CONTROL (IOCTL_SERIAL_GET_COMMSTATUS);DOWN;;;"";;;COM3;;
4984;27/08/2026 13:43:04;IRP_MJ_DEVICE_CONTROL (IOCTL_SERIAL_GET_COMMSTATUS);UP;STATUS_SUCCESS;00 00 00 00 00 00 00 00 2e 00 00 00 00 00 00 00 00 00 00 00 ;"....................";20;;COM3;;
4985;27/08/2026 13:43:04;IRP_MJ_DEVICE_CONTROL (IOCTL_SERIAL_WAIT_ON_MASK);UP;STATUS_SUCCESS;01 00 00 00 ;"....";4;;COM3;;
4986;27/08/2026 13:43:04;IRP_MJ_DEVICE_CONTROL (IOCTL_SERIAL_GET_COMMSTATUS);DOWN;;;"";;;COM3;;
4987;27/08/2026 13:43:04;IRP_MJ_DEVICE_CONTROL (IOCTL_SERIAL_GET_COMMSTATUS);UP;STATUS_SUCCESS;00 00 00 00 00 00 00 00 2f 00 00 00 00 00 00 00 00 00 00 00 ;"......../...........";20;;COM3;;
4988;27/08/2026 13:43:04;IRP_MJ_DEVICE_CONTROL (IOCTL_SERIAL_WAIT_ON_MASK);DOWN;;;"";;;COM3;;
4989;27/08/2026 13:43:04;IRP_MJ_DEVICE_CONTROL (IOCTL_SERIAL_WAIT_ON_MASK);UP;STATUS_SUCCESS;01 00 00 00 ;"....";4;;COM3;;
4990;27/08/2026 13:43:04;IRP_MJ_DEVICE_CONTROL (IOCTL_SERIAL_GET_COMMSTATUS);DOWN;;;"";;;COM3;;
4991;27/08/2026 13:43:04;IRP_MJ_DEVICE_CONTROL (IOCTL_SERIAL_GET_COMMSTATUS);UP;STATUS_SUCCESS;00 00 00 00 00 00 00 00 30 00 00 00 00 00 00 00 00 00 00 00 ;"........0...........";20;;COM3;;
4992;27/08/2026 13:43:04;IRP_MJ_DEVICE_CONTROL (IOCTL_SERIAL_WAIT_ON_MASK);DOWN;;;"";;;COM3;;
4993;27/08/2026 13:43:04;IRP_MJ_DEVICE_CONTROL (IOCTL_SERIAL_WAIT_ON_MASK);UP;STATUS_SUCCESS;01 00 00 00 ;"....";4;;COM3;;
4994;27/08/2026 13:43:04;IRP_MJ_DEVICE_CONTROL (IOCTL_SERIAL_GET_COMMSTATUS);DOWN;;;"";;;COM3;;
4995;27/08/2026 13:43:04;IRP_MJ_DEVICE_CONTROL (IOCTL_SERIAL_GET_COMMSTATUS);UP;STATUS_SUCCESS;00 00 00 00 00 00 00 00 31 00 00 00 00 00 00 00 00 00 00 00 ;"........1...........";20;;COM3;;
4996;27/08/2026 13:43:04;IRP_MJ_DEVICE_CONTROL (IOCTL_SERIAL_WAIT_ON_MASK);DOWN;;;"";;;COM3;;
4997;27/08/2026 13:43:04;IRP_MJ_DEVICE_CONTROL (IOCTL_SERIAL_WAIT_ON_MASK);UP;STATUS_SUCCESS;01 00 00 00 ;"....";4;;COM3;;
4998;27/08/2026 13:43:04;IRP_MJ_DEVICE_CONTROL (IOCTL_SERIAL_GET_COMMSTATUS);DOWN;;;"";;;COM3;;
4999;27/08/2026 13:43:04;IRP_MJ_DEVICE_CONTROL (IOCTL_SERIAL_GET_COMMSTATUS);UP;STATUS_SUCCESS;00 00 00 00 00 00 00 00 32 00 00 00 00 00 00 00 00 00 00 00 ;"........2...........";20;;COM3;;
5000;27/08/2026 13:43:04;IRP_MJ_DEVICE_CONTROL (IOCTL_SERIAL_WAIT_ON_MASK);DOWN;;;"";;;COM3;;
5001;27/08/2026 13:43:04;IRP_MJ_DEVICE_CONTROL (IOCTL_SERIAL_WAIT_ON_MASK);UP;STATUS_SUCCESS;01 00 00 00 ;"....";4;;COM3;;
5002;27/08/2026 13:43:04;IRP_MJ_DEVICE_CONTROL (IOCTL_SERIAL_GET_COMMSTATUS);DOWN;;;"";;;COM3;;
5003;27/08/2026 13:43:04;IRP_MJ_DEVICE_CONTROL (IOCTL_SERIAL_GET_COMMSTATUS);UP;STATUS_SUCCESS;00 00 00 00 00 00 00 00 33 00 00 00 00 00 00 00 00 00 00 00 ;"........3...........";20;;COM3;;
5004;27/08/2026 13:43:04;IRP_MJ_DEVICE_CONTROL (IOCTL_SERIAL_WAIT_ON_MASK);DOWN;;;"";;;COM3;;
5005;27/08/2026 13:43:04;IRP_MJ_DEVICE_CONTROL (IOCTL_SERIAL_WAIT_ON_MASK);UP;STATUS_SUCCESS;01 00 00 00 ;"....";4;;COM3;;
5006;27/08/2026 13:43:04;IRP_MJ_DEVICE_CONTROL (IOCTL_SERIAL_GET_COMMSTATUS);DOWN;;;"";;;COM3;;
5007;27/08/2026 13:43:04;IRP_MJ_DEVICE_CONTROL (IOCTL_SERIAL_GET_COMMSTATUS);UP;STATUS_SUCCESS;00 00 00 00 00 00 00 00 34 00 00 00 00 00 00 00 00 00 00 00 ;"........4...........";20;;COM3;;
5008;27/08/2026 13:43:04;IRP_MJ_DEVICE_CONTROL (IOCTL_SERIAL_WAIT_ON_MASK);DOWN;;;"";;;COM3;;
5009;27/08/2026 13:43:04;IRP_MJ_DEVICE_CONTROL (IOCTL_SERIAL_WAIT_ON_MASK);UP;STATUS_SUCCESS;01 00 00 00 ;"....";4;;COM3;;
5010;27/08/2026 13:43:04;IRP_MJ_DEVICE_CONTROL (IOCTL_SERIAL_GET_COMMSTATUS);DOWN;;;"";;;COM3;;
5011;27/08/2026 13:43:04;IRP_MJ_DEVICE_CONTROL (IOCTL_SERIAL_GET_COMMSTATUS);UP;STATUS_SUCCESS;00 00 00 00 00 00 00 00 35 00 00 00 00 00 00 00 00 00 00 00 ;"........5...........";20;;COM3;;
5012;27/08/2026 13:43:04;IRP_MJ_DEVICE_CONTROL (IOCTL_SERIAL_WAIT_ON_MASK);DOWN;;;"";;;COM3;;
5013;27/08/2026 13:43:04;IRP_MJ_DEVICE_CONTROL (IOCTL_SERIAL_GET_COMMSTATUS);DOWN;;;"";;;COM3;;
5014;27/08/2026 13:43:04;IRP_MJ_DEVICE_CONTROL (IOCTL_SERIAL_GET_COMMSTATUS);UP;STATUS_SUCCESS;00 00 00 00 00 00 00 00 35 00 00 00 00 00 00 00 00 00 00 00 ;"........5...........";20;;COM3;;
5015;27/08/2026 13:43:04;IRP_MJ_DEVICE_CONTROL (IOCTL_SERIAL_WAIT_ON_MASK);UP;STATUS_SUCCESS;01 00 00 00 ;"....";4;;COM3;;
5016;27/08/2026 13:43:04;IRP_MJ_DEVICE_CONTROL (IOCTL_SERIAL_GET_COMMSTATUS);DOWN;;;"";;;COM3;;
5017;27/08/2026 13:43:04;IRP_MJ_DEVICE_CONTROL (IOCTL_SERIAL_GET_COMMSTATUS);UP;STATUS_SUCCESS;00 00 00 00 00 00 00 00 36 00 00 00 00 00 00 00 00 00 00 00 ;"........6...........";20;;COM3;;
5018;27/08/2026 13:43:04;IRP_MJ_DEVICE_CONTROL (IOCTL_SERIAL_WAIT_ON_MASK);DOWN;;;"";;;COM3;;
5019;27/08/2026 13:43:04;IRP_MJ_DEVICE_CONTROL (IOCTL_SERIAL_WAIT_ON_MASK);UP;STATUS_SUCCESS;01 00 00 00 ;"....";4;;COM3;;
5020;27/08/2026 13:43:04;IRP_MJ_DEVICE_CONTROL (IOCTL_SERIAL_GET_COMMSTATUS);DOWN;;;"";;;COM3;;
5021;27/08/2026 13:43:04;IRP_MJ_DEVICE_CONTROL (IOCTL_SERIAL_GET_COMMSTATUS);UP;STATUS_SUCCESS;00 00 00 00 00 00 00 00 37 00 00 00 00 00 00 00 00 00 00 00 ;"........7...........";20;;COM3;;
5022;27/08/2026 13:43:04;IRP_MJ_DEVICE_CONTROL (IOCTL_SERIAL_WAIT_ON_MASK);DOWN;;;"";;;COM3;;
5023;27/08/2026 13:43:04;IRP_MJ_DEVICE_CONTROL (IOCTL_SERIAL_WAIT_ON_MASK);UP;STATUS_SUCCESS;01 00 00 00 ;"....";4;;COM3;;
5024;27/08/2026 13:43:04;IRP_MJ_DEVICE_CONTROL (IOCTL_SERIAL_GET_COMMSTATUS);DOWN;;;"";;;COM3;;
5025;27/08/2026 13:43:04;IRP_MJ_DEVICE_CONTROL (IOCTL_SERIAL_GET_COMMSTATUS);UP;STATUS_SUCCESS;00 00 00 00 00 00 00 00 38 00 00 00 00 00 00 00 00 00 00 00 ;"........8...........";20;;COM3;;
5026;27/08/2026 13:43:04;IRP_MJ_DEVICE_CONTROL (IOCTL_SERIAL_WAIT_ON_MASK);DOWN;;;"";;;COM3;;
5027;27/08/2026 13:43:04;IRP_MJ_DEVICE_CONTROL (IOCTL_SERIAL_WAIT_ON_MASK);UP;STATUS_SUCCESS;01 00 00 00 ;"....";4;;COM3;;
5028;27/08/2026 13:43:04;IRP_MJ_DEVICE_CONTROL (IOCTL_SERIAL_GET_COMMSTATUS);DOWN;;;"";;;COM3;;
5029;27/08/2026 13:43:04;IRP_MJ_DEVICE_CONTROL (IOCTL_SERIAL_GET_COMMSTATUS);UP;STATUS_SUCCESS;00 00 00 00 00 00 00 00 39 00 00 00 00 00 00 00 00 00 00 00 ;"........9...........";20;;COM3;;
5030;27/08/2026 13:43:04;IRP_MJ_DEVICE_CONTROL (IOCTL_SERIAL_WAIT_ON_MASK);DOWN;;;"";;;COM3;;
5031;27/08/2026 13:43:04;IRP_MJ_DEVICE_CONTROL (IOCTL_SERIAL_WAIT_ON_MASK);UP;STATUS_SUCCESS;01 00 00 00 ;"....";4;;COM3;;
5032;27/08/2026 13:43:04;IRP_MJ_DEVICE_CONTROL (IOCTL_SERIAL_GET_COMMSTATUS);DOWN;;;"";;;COM3;;
5033;27/08/2026 13:43:04;IRP_MJ_DEVICE_CONTROL (IOCTL_SERIAL_GET_COMMSTATUS);UP;STATUS_SUCCESS;00 00 00 00 00 00 00 00 3a 00 00 00 00 00 00 00 00 00 00 00 ;"........:...........";20;;COM3;;
5034;27/08/2026 13:43:04;IRP_MJ_DEVICE_CONTROL (IOCTL_SERIAL_WAIT_ON_MASK);DOWN;;;"";;;COM3;;
5035;27/08/2026 13:43:04;IRP_MJ_DEVICE_CONTROL (IOCTL_SERIAL_WAIT_ON_MASK);UP;STATUS_SUCCESS;01 00 00 00 ;"....";4;;COM3;;
5036;27/08/2026 13:43:04;IRP_MJ_DEVICE_CONTROL (IOCTL_SERIAL_GET_COMMSTATUS);DOWN;;;"";;;COM3;;
5037;27/08/2026 13:43:04;IRP_MJ_DEVICE_CONTROL (IOCTL_SERIAL_GET_COMMSTATUS);UP;STATUS_SUCCESS;00 00 00 00 00 00 00 00 3b 00 00 00 00 00 00 00 00 00 00 00 ;"........;...........";20;;COM3;;
5038;27/08/2026 13:43:04;IRP_MJ_DEVICE_CONTROL (IOCTL_SERIAL_WAIT_ON_MASK);DOWN;;;"";;;COM3;;
5039;27/08/2026 13:43:04;IRP_MJ_DEVICE_CONTROL (IOCTL_SERIAL_GET_COMMSTATUS);DOWN;;;"";;;COM3;;
5040;27/08/2026 13:43:04;IRP_MJ_DEVICE_CONTROL (IOCTL_SERIAL_GET_COMMSTATUS);UP;STATUS_SUCCESS;00 00 00 00 00 00 00 00 3b 00 00 00 00 00 00 00 00 00 00 00 ;"........;...........";20;;COM3;;
5041;27/08/2026 13:43:04;IRP_MJ_DEVICE_CONTROL (IOCTL_SERIAL_WAIT_ON_MASK);UP;STATUS_SUCCESS;01 00 00 00 ;"....";4;;COM3;;
5042;27/08/2026 13:43:04;IRP_MJ_DEVICE_CONTROL (IOCTL_SERIAL_GET_COMMSTATUS);DOWN;;;"";;;COM3;;
5043;27/08/2026 13:43:04;IRP_MJ_DEVICE_CONTROL (IOCTL_SERIAL_GET_COMMSTATUS);UP;STATUS_SUCCESS;00 00 00 00 00 00 00 00 3c 00 00 00 00 00 00 00 00 00 00 00 ;"........<...........";20;;COM3;;
5044;27/08/2026 13:43:04;IRP_MJ_DEVICE_CONTROL (IOCTL_SERIAL_WAIT_ON_MASK);DOWN;;;"";;;COM3;;
5045;27/08/2026 13:43:04;IRP_MJ_DEVICE_CONTROL (IOCTL_SERIAL_WAIT_ON_MASK);UP;STATUS_SUCCESS;01 00 00 00 ;"....";4;;COM3;;
5046;27/08/2026 13:43:04;IRP_MJ_DEVICE_CONTROL (IOCTL_SERIAL_GET_COMMSTATUS);DOWN;;;"";;;COM3;;
5047;27/08/2026 13:43:04;IRP_MJ_DEVICE_CONTROL (IOCTL_SERIAL_GET_COMMSTATUS);UP;STATUS_SUCCESS;00 00 00 00 00 00 00 00 3d 00 00 00 00 00 00 00 00 00 00 00 ;"........=...........";20;;COM3;;
5048;27/08/2026 13:43:04;IRP_MJ_DEVICE_CONTROL (IOCTL_SERIAL_WAIT_ON_MASK);DOWN;;;"";;;COM3;;
5049;27/08/2026 13:43:04;IRP_MJ_DEVICE_CONTROL (IOCTL_SERIAL_WAIT_ON_MASK);UP;STATUS_SUCCESS;01 00 00 00 ;"....";4;;COM3;;
5050;27/08/2026 13:43:04;IRP_MJ_DEVICE_CONTROL (IOCTL_SERIAL_GET_COMMSTATUS);DOWN;;;"";;;COM3;;
5051;27/08/2026 13:43:04;IRP_MJ_DEVICE_CONTROL (IOCTL_SERIAL_GET_COMMSTATUS);UP;STATUS_SUCCESS;00 00 00 00 00 00 00 00 3e 00 00 00 00 00 00 00 00 00 00 00 ;"........>...........";20;;COM3;;
5052;27/08/2026 13:43:04;IRP_MJ_DEVICE_CONTROL (IOCTL_SERIAL_WAIT_ON_MASK);DOWN;;;"";;;COM3;;
5053;27/08/2026 13:43:04;IRP_MJ_DEVICE_CONTROL (IOCTL_SERIAL_WAIT_ON_MASK);UP;STATUS_SUCCESS;01 00 00 00 ;"....";4;;COM3;;
5054;27/08/2026 13:43:04;IRP_MJ_DEVICE_CONTROL (IOCTL_SERIAL_GET_COMMSTATUS);DOWN;;;"";;;COM3;;
5055;27/08/2026 13:43:04;IRP_MJ_DEVICE_CONTROL (IOCTL_SERIAL_GET_COMMSTATUS);UP;STATUS_SUCCESS;00 00 00 00 00 00 00 00 3f 00 00 00 00 00 00 00 00 00 00 00 ;"........?...........";20;;COM3;;
5056;27/08/2026 13:43:04;IRP_MJ_DEVICE_CONTROL (IOCTL_SERIAL_WAIT_ON_MASK);DOWN;;;"";;;COM3;;
5057;27/08/2026 13:43:04;IRP_MJ_DEVICE_CONTROL (IOCTL_SERIAL_WAIT_ON_MASK);UP;STATUS_SUCCESS;01 00 00 00 ;"....";4;;COM3;;
5058;27/08/2026 13:43:04;IRP_MJ_DEVICE_CONTROL (IOCTL_SERIAL_GET_COMMSTATUS);DOWN;;;"";;;COM3;;
5059;27/08/2026 13:43:04;IRP_MJ_DEVICE_CONTROL (IOCTL_SERIAL_GET_COMMSTATUS);UP;STATUS_SUCCESS;00 00 00 00 00 00 00 00 40 00 00 00 00 00 00 00 00 00 00 00 ;"........@...........";20;;COM3;;
5060;27/08/2026 13:43:04;IRP_MJ_DEVICE_CONTROL (IOCTL_SERIAL_WAIT_ON_MASK);DOWN;;;"";;;COM3;;
5061;27/08/2026 13:43:04;IRP_MJ_DEVICE_CONTROL (IOCTL_SERIAL_WAIT_ON_MASK);UP;STATUS_SUCCESS;01 00 00 00 ;"....";4;;COM3;;
5062;27/08/2026 13:43:04;IRP_MJ_DEVICE_CONTROL (IOCTL_SERIAL_GET_COMMSTATUS);DOWN;;;"";;;COM3;;
5063;27/08/2026 13:43:04;IRP_MJ_DEVICE_CONTROL (IOCTL_SERIAL_GET_COMMSTATUS);UP;STATUS_SUCCESS;00 00 00 00 00 00 00 00 41 00 00 00 00 00 00 00 00 00 00 00 ;"........A...........";20;;COM3;;
5064;27/08/2026 13:43:04;IRP_MJ_DEVICE_CONTROL (IOCTL_SERIAL_WAIT_ON_MASK);DOWN;;;"";;;COM3;;
5065;27/08/2026 13:43:04;IRP_MJ_DEVICE_CONTROL (IOCTL_SERIAL_GET_COMMSTATUS);DOWN;;;"";;;COM3;;
5066;27/08/2026 13:43:04;IRP_MJ_DEVICE_CONTROL (IOCTL_SERIAL_GET_COMMSTATUS);UP;STATUS_SUCCESS;00 00 00 00 00 00 00 00 41 00 00 00 00 00 00 00 00 00 00 00 ;"........A...........";20;;COM3;;
5067;27/08/2026 13:43:04;IRP_MJ_DEVICE_CONTROL (IOCTL_SERIAL_WAIT_ON_MASK);UP;STATUS_SUCCESS;01 00 00 00 ;"....";4;;COM3;;
5068;27/08/2026 13:43:04;IRP_MJ_DEVICE_CONTROL (IOCTL_SERIAL_GET_COMMSTATUS);DOWN;;;"";;;COM3;;
5069;27/08/2026 13:43:04;IRP_MJ_DEVICE_CONTROL (IOCTL_SERIAL_GET_COMMSTATUS);UP;STATUS_SUCCESS;00 00 00 00 00 00 00 00 42 00 00 00 00 00 00 00 00 00 00 00 ;"........B...........";20;;COM3;;
5070;27/08/2026 13:43:04;IRP_MJ_DEVICE_CONTROL (IOCTL_SERIAL_WAIT_ON_MASK);DOWN;;;"";;;COM3;;
5071;27/08/2026 13:43:04;IRP_MJ_DEVICE_CONTROL (IOCTL_SERIAL_WAIT_ON_MASK);UP;STATUS_SUCCESS;01 00 00 00 ;"....";4;;COM3;;
5072;27/08/2026 13:43:04;IRP_MJ_DEVICE_CONTROL (IOCTL_SERIAL_GET_COMMSTATUS);DOWN;;;"";;;COM3;;
5073;27/08/2026 13:43:04;IRP_MJ_DEVICE_CONTROL (IOCTL_SERIAL_GET_COMMSTATUS);UP;STATUS_SUCCESS;00 00 00 00 00 00 00 00 43 00 00 00 00 00 00 00 00 00 00 00 ;"........C...........";20;;COM3;;
5074;27/08/2026 13:43:04;IRP_MJ_DEVICE_CONTROL (IOCTL_SERIAL_WAIT_ON_MASK);DOWN;;;"";;;COM3;;
5075;27/08/2026 13:43:04;IRP_MJ_DEVICE_CONTROL (IOCTL_SERIAL_WAIT_ON_MASK);UP;STATUS_SUCCESS;01 00 00 00 ;"....";4;;COM3;;
5076;27/08/2026 13:43:04;IRP_MJ_DEVICE_CONTROL (IOCTL_SERIAL_GET_COMMSTATUS);DOWN;;;"";;;COM3;;
5077;27/08/2026 13:43:04;IRP_MJ_DEVICE_CONTROL (IOCTL_SERIAL_GET_COMMSTATUS);UP;STATUS_SUCCESS;00 00 00 00 00 00 00 00 44 00 00 00 00 00 00 00 00 00 00 00 ;"........D...........";20;;COM3;;
5078;27/08/2026 13:43:04;IRP_MJ_DEVICE_CONTROL (IOCTL_SERIAL_WAIT_ON_MASK);DOWN;;;"";;;COM3;;
5079;27/08/2026 13:43:04;IRP_MJ_DEVICE_CONTROL (IOCTL_SERIAL_WAIT_ON_MASK);UP;STATUS_SUCCESS;01 00 00 00 ;"....";4;;COM3;;
5080;27/08/2026 13:43:04;IRP_MJ_DEVICE_CONTROL (IOCTL_SERIAL_GET_COMMSTATUS);DOWN;;;"";;;COM3;;
5081;27/08/2026 13:43:04;IRP_MJ_DEVICE_CONTROL (IOCTL_SERIAL_GET_COMMSTATUS);UP;STATUS_SUCCESS;00 00 00 00 00 00 00 00 45 00 00 00 00 00 00 00 00 00 00 00 ;"........E...........";20;;COM3;;
5082;27/08/2026 13:43:04;IRP_MJ_DEVICE_CONTROL (IOCTL_SERIAL_WAIT_ON_MASK);DOWN;;;"";;;COM3;;
5083;27/08/2026 13:43:04;IRP_MJ_DEVICE_CONTROL (IOCTL_SERIAL_WAIT_ON_MASK);UP;STATUS_SUCCESS;01 00 00 00 ;"....";4;;COM3;;
5084;27/08/2026 13:43:04;IRP_MJ_DEVICE_CONTROL (IOCTL_SERIAL_GET_COMMSTATUS);DOWN;;;"";;;COM3;;
5085;27/08/2026 13:43:04;IRP_MJ_DEVICE_CONTROL (IOCTL_SERIAL_GET_COMMSTATUS);UP;STATUS_SUCCESS;00 00 00 00 00 00 00 00 46 00 00 00 00 00 00 00 00 00 00 00 ;"........F...........";20;;COM3;;
5086;27/08/2026 13:43:04;IRP_MJ_DEVICE_CONTROL (IOCTL_SERIAL_WAIT_ON_MASK);DOWN;;;"";;;COM3;;
5087;27/08/2026 13:43:04;IRP_MJ_DEVICE_CONTROL (IOCTL_SERIAL_WAIT_ON_MASK);UP;STATUS_SUCCESS;01 00 00 00 ;"....";4;;COM3;;
5088;27/08/2026 13:43:04;IRP_MJ_DEVICE_CONTROL (IOCTL_SERIAL_GET_COMMSTATUS);DOWN;;;"";;;COM3;;
5089;27/08/2026 13:43:04;IRP_MJ_DEVICE_CONTROL (IOCTL_SERIAL_GET_COMMSTATUS);UP;STATUS_SUCCESS;00 00 00 00 00 00 00 00 47 00 00 00 00 00 00 00 00 00 00 00 ;"........G...........";20;;COM3;;
5090;27/08/2026 13:43:04;IRP_MJ_DEVICE_CONTROL (IOCTL_SERIAL_WAIT_ON_MASK);DOWN;;;"";;;COM3;;
5091;27/08/2026 13:43:04;IRP_MJ_DEVICE_CONTROL (IOCTL_SERIAL_WAIT_ON_MASK);UP;STATUS_SUCCESS;01 00 00 00 ;"....";4;;COM3;;
5092;27/08/2026 13:43:04;IRP_MJ_DEVICE_CONTROL (IOCTL_SERIAL_GET_COMMSTATUS);DOWN;;;"";;;COM3;;
5093;27/08/2026 13:43:04;IRP_MJ_DEVICE_CONTROL (IOCTL_SERIAL_GET_COMMSTATUS);UP;STATUS_SUCCESS;00 00 00 00 00 00 00 00 48 00 00 00 00 00 00 00 00 00 00 00 ;"........H...........";20;;COM3;;
5094;27/08/2026 13:43:04;IRP_MJ_DEVICE_CONTROL (IOCTL_SERIAL_WAIT_ON_MASK);DOWN;;;"";;;COM3;;
5095;27/08/2026 13:43:04;IRP_MJ_DEVICE_CONTROL (IOCTL_SERIAL_GET_COMMSTATUS);DOWN;;;"";;;COM3;;
5096;27/08/2026 13:43:04;IRP_MJ_DEVICE_CONTROL (IOCTL_SERIAL_GET_COMMSTATUS);UP;STATUS_SUCCESS;00 00 00 00 00 00 00 00 48 00 00 00 00 00 00 00 00 00 00 00 ;"........H...........";20;;COM3;;
5097;27/08/2026 13:43:04;IRP_MJ_DEVICE_CONTROL (IOCTL_SERIAL_WAIT_ON_MASK);UP;STATUS_SUCCESS;01 00 00 00 ;"....";4;;COM3;;
5098;27/08/2026 13:43:04;IRP_MJ_DEVICE_CONTROL (IOCTL_SERIAL_GET_COMMSTATUS);DOWN;;;"";;;COM3;;
5099;27/08/2026 13:43:04;IRP_MJ_DEVICE_CONTROL (IOCTL_SERIAL_GET_COMMSTATUS);UP;STATUS_SUCCESS;00 00 00 00 00 00 00 00 49 00 00 00 00 00 00 00 00 00 00 00 ;"........I...........";20;;COM3;;
5100;27/08/2026 13:43:04;IRP_MJ_DEVICE_CONTROL (IOCTL_SERIAL_WAIT_ON_MASK);DOWN;;;"";;;COM3;;
5101;27/08/2026 13:43:04;IRP_MJ_DEVICE_CONTROL (IOCTL_SERIAL_WAIT_ON_MASK);UP;STATUS_SUCCESS;01 00 00 00 ;"....";4;;COM3;;
5102;27/08/2026 13:43:04;IRP_MJ_DEVICE_CONTROL (IOCTL_SERIAL_GET_COMMSTATUS);DOWN;;;"";;;COM3;;
5103;27/08/2026 13:43:04;IRP_MJ_DEVICE_CONTROL (IOCTL_SERIAL_GET_COMMSTATUS);UP;STATUS_SUCCESS;00 00 00 00 00 00 00 00 4a 00 00 00 00 00 00 00 00 00 00 00 ;"........J...........";20;;COM3;;
5104;27/08/2026 13:43:04;IRP_MJ_DEVICE_CONTROL (IOCTL_SERIAL_WAIT_ON_MASK);DOWN;;;"";;;COM3;;
5105;27/08/2026 13:43:04;IRP_MJ_DEVICE_CONTROL (IOCTL_SERIAL_WAIT_ON_MASK);UP;STATUS_SUCCESS;01 00 00 00 ;"....";4;;COM3;;
5106;27/08/2026 13:43:04;IRP_MJ_DEVICE_CONTROL (IOCTL_SERIAL_GET_COMMSTATUS);DOWN;;;"";;;COM3;;
5107;27/08/2026 13:43:04;IRP_MJ_DEVICE_CONTROL (IOCTL_SERIAL_GET_COMMSTATUS);UP;STATUS_SUCCESS;00 00 00 00 00 00 00 00 4b 00 00 00 00 00 00 00 00 00 00 00 ;"........K...........";20;;COM3;;
5108;27/08/2026 13:43:04;IRP_MJ_DEVICE_CONTROL (IOCTL_SERIAL_WAIT_ON_MASK);DOWN;;;"";;;COM3;;
5109;27/08/2026 13:43:04;IRP_MJ_DEVICE_CONTROL (IOCTL_SERIAL_WAIT_ON_MASK);UP;STATUS_SUCCESS;01 00 00 00 ;"....";4;;COM3;;
5110;27/08/2026 13:43:04;IRP_MJ_DEVICE_CONTROL (IOCTL_SERIAL_GET_COMMSTATUS);DOWN;;;"";;;COM3;;
5111;27/08/2026 13:43:04;IRP_MJ_DEVICE_CONTROL (IOCTL_SERIAL_GET_COMMSTATUS);UP;STATUS_SUCCESS;00 00 00 00 00 00 00 00 4c 00 00 00 00 00 00 00 00 00 00 00 ;"........L...........";20;;COM3;;
5112;27/08/2026 13:43:04;IRP_MJ_DEVICE_CONTROL (IOCTL_SERIAL_WAIT_ON_MASK);DOWN;;;"";;;COM3;;
5113;27/08/2026 13:43:04;IRP_MJ_DEVICE_CONTROL (IOCTL_SERIAL_WAIT_ON_MASK);UP;STATUS_SUCCESS;01 00 00 00 ;"....";4;;COM3;;
5114;27/08/2026 13:43:04;IRP_MJ_DEVICE_CONTROL (IOCTL_SERIAL_GET_COMMSTATUS);DOWN;;;"";;;COM3;;
5115;27/08/2026 13:43:04;IRP_MJ_DEVICE_CONTROL (IOCTL_SERIAL_GET_COMMSTATUS);UP;STATUS_SUCCESS;00 00 00 00 00 00 00 00 4d 00 00 00 00 00 00 00 00 00 00 00 ;"........M...........";20;;COM3;;
5116;27/08/2026 13:43:04;IRP_MJ_DEVICE_CONTROL (IOCTL_SERIAL_WAIT_ON_MASK);DOWN;;;"";;;COM3;;
5117;27/08/2026 13:43:04;IRP_MJ_DEVICE_CONTROL (IOCTL_SERIAL_WAIT_ON_MASK);UP;STATUS_SUCCESS;01 00 00 00 ;"....";4;;COM3;;
5118;27/08/2026 13:43:04;IRP_MJ_DEVICE_CONTROL (IOCTL_SERIAL_GET_COMMSTATUS);DOWN;;;"";;;COM3;;
5119;27/08/2026 13:43:04;IRP_MJ_DEVICE_CONTROL (IOCTL_SERIAL_GET_COMMSTATUS);UP;STATUS_SUCCESS;00 00 00 00 00 00 00 00 4e 00 00 00 00 00 00 00 00 00 00 00 ;"........N...........";20;;COM3;;
5120;27/08/2026 13:43:04;IRP_MJ_DEVICE_CONTROL (IOCTL_SERIAL_WAIT_ON_MASK);DOWN;;;"";;;COM3;;
5121;27/08/2026 13:43:04;IRP_MJ_DEVICE_CONTROL (IOCTL_SERIAL_WAIT_ON_MASK);UP;STATUS_SUCCESS;01 00 00 00 ;"....";4;;COM3;;
5122;27/08/2026 13:43:04;IRP_MJ_DEVICE_CONTROL (IOCTL_SERIAL_GET_COMMSTATUS);DOWN;;;"";;;COM3;;
5123;27/08/2026 13:43:04;IRP_MJ_DEVICE_CONTROL (IOCTL_SERIAL_GET_COMMSTATUS);UP;STATUS_SUCCESS;00 00 00 00 00 00 00 00 4f 00 00 00 00 00 00 00 00 00 00 00 ;"........O...........";20;;COM3;;
5124;27/08/2026 13:43:04;IRP_MJ_DEVICE_CONTROL (IOCTL_SERIAL_WAIT_ON_MASK);DOWN;;;"";;;COM3;;
5125;27/08/2026 13:43:04;IRP_MJ_DEVICE_CONTROL (IOCTL_SERIAL_GET_COMMSTATUS);DOWN;;;"";;;COM3;;
5126;27/08/2026 13:43:04;IRP_MJ_DEVICE_CONTROL (IOCTL_SERIAL_GET_COMMSTATUS);UP;STATUS_SUCCESS;00 00 00 00 00 00 00 00 4f 00 00 00 00 00 00 00 00 00 00 00 ;"........O...........";20;;COM3;;
5127;27/08/2026 13:43:04;IRP_MJ_DEVICE_CONTROL (IOCTL_SERIAL_WAIT_ON_MASK);UP;STATUS_SUCCESS;01 00 00 00 ;"....";4;;COM3;;
5128;27/08/2026 13:43:04;IRP_MJ_DEVICE_CONTROL (IOCTL_SERIAL_GET_COMMSTATUS);DOWN;;;"";;;COM3;;
5129;27/08/2026 13:43:04;IRP_MJ_DEVICE_CONTROL (IOCTL_SERIAL_GET_COMMSTATUS);UP;STATUS_SUCCESS;00 00 00 00 00 00 00 00 50 00 00 00 00 00 00 00 00 00 00 00 ;"........P...........";20;;COM3;;
5130;27/08/2026 13:43:04;IRP_MJ_DEVICE_CONTROL (IOCTL_SERIAL_WAIT_ON_MASK);DOWN;;;"";;;COM3;;
5131;27/08/2026 13:43:04;IRP_MJ_DEVICE_CONTROL (IOCTL_SERIAL_WAIT_ON_MASK);UP;STATUS_SUCCESS;01 00 00 00 ;"....";4;;COM3;;
5132;27/08/2026 13:43:04;IRP_MJ_DEVICE_CONTROL (IOCTL_SERIAL_GET_COMMSTATUS);DOWN;;;"";;;COM3;;
5133;27/08/2026 13:43:04;IRP_MJ_DEVICE_CONTROL (IOCTL_SERIAL_GET_COMMSTATUS);UP;STATUS_SUCCESS;00 00 00 00 00 00 00 00 51 00 00 00 00 00 00 00 00 00 00 00 ;"........Q...........";20;;COM3;;
5134;27/08/2026 13:43:04;IRP_MJ_DEVICE_CONTROL (IOCTL_SERIAL_WAIT_ON_MASK);DOWN;;;"";;;COM3;;
5135;27/08/2026 13:43:04;IRP_MJ_DEVICE_CONTROL (IOCTL_SERIAL_WAIT_ON_MASK);UP;STATUS_SUCCESS;01 00 00 00 ;"....";4;;COM3;;
5136;27/08/2026 13:43:04;IRP_MJ_DEVICE_CONTROL (IOCTL_SERIAL_GET_COMMSTATUS);DOWN;;;"";;;COM3;;
5137;27/08/2026 13:43:04;IRP_MJ_DEVICE_CONTROL (IOCTL_SERIAL_GET_COMMSTATUS);UP;STATUS_SUCCESS;00 00 00 00 00 00 00 00 52 00 00 00 00 00 00 00 00 00 00 00 ;"........R...........";20;;COM3;;
5138;27/08/2026 13:43:04;IRP_MJ_DEVICE_CONTROL (IOCTL_SERIAL_WAIT_ON_MASK);DOWN;;;"";;;COM3;;
5139;27/08/2026 13:43:04;IRP_MJ_DEVICE_CONTROL (IOCTL_SERIAL_WAIT_ON_MASK);UP;STATUS_SUCCESS;01 00 00 00 ;"....";4;;COM3;;
5140;27/08/2026 13:43:04;IRP_MJ_DEVICE_CONTROL (IOCTL_SERIAL_GET_COMMSTATUS);DOWN;;;"";;;COM3;;
5141;27/08/2026 13:43:04;IRP_MJ_DEVICE_CONTROL (IOCTL_SERIAL_GET_COMMSTATUS);UP;STATUS_SUCCESS;00 00 00 00 00 00 00 00 53 00 00 00 00 00 00 00 00 00 00 00 ;"........S...........";20;;COM3;;
5142;27/08/2026 13:43:04;IRP_MJ_DEVICE_CONTROL (IOCTL_SERIAL_WAIT_ON_MASK);DOWN;;;"";;;COM3;;
5143;27/08/2026 13:43:04;IRP_MJ_DEVICE_CONTROL (IOCTL_SERIAL_WAIT_ON_MASK);UP;STATUS_SUCCESS;01 00 00 00 ;"....";4;;COM3;;
5144;27/08/2026 13:43:04;IRP_MJ_DEVICE_CONTROL (IOCTL_SERIAL_GET_COMMSTATUS);DOWN;;;"";;;COM3;;
5145;27/08/2026 13:43:04;IRP_MJ_DEVICE_CONTROL (IOCTL_SERIAL_GET_COMMSTATUS);UP;STATUS_SUCCESS;00 00 00 00 00 00 00 00 54 00 00 00 00 00 00 00 00 00 00 00 ;"........T...........";20;;COM3;;
5146;27/08/2026 13:43:04;IRP_MJ_DEVICE_CONTROL (IOCTL_SERIAL_WAIT_ON_MASK);DOWN;;;"";;;COM3;;
5147;27/08/2026 13:43:04;IRP_MJ_DEVICE_CONTROL (IOCTL_SERIAL_WAIT_ON_MASK);UP;STATUS_SUCCESS;01 00 00 00 ;"....";4;;COM3;;
5148;27/08/2026 13:43:04;IRP_MJ_DEVICE_CONTROL (IOCTL_SERIAL_GET_COMMSTATUS);DOWN;;;"";;;COM3;;
5149;27/08/2026 13:43:04;IRP_MJ_DEVICE_CONTROL (IOCTL_SERIAL_GET_COMMSTATUS);UP;STATUS_SUCCESS;00 00 00 00 00 00 00 00 55 00 00 00 00 00 00 00 00 00 00 00 ;"........U...........";20;;COM3;;
5150;27/08/2026 13:43:04;IRP_MJ_DEVICE_CONTROL (IOCTL_SERIAL_WAIT_ON_MASK);DOWN;;;"";;;COM3;;
5151;27/08/2026 13:43:04;IRP_MJ_DEVICE_CONTROL (IOCTL_SERIAL_GET_COMMSTATUS);DOWN;;;"";;;COM3;;
5152;27/08/2026 13:43:04;IRP_MJ_DEVICE_CONTROL (IOCTL_SERIAL_GET_COMMSTATUS);UP;STATUS_SUCCESS;00 00 00 00 00 00 00 00 55 00 00 00 00 00 00 00 00 00 00 00 ;"........U...........";20;;COM3;;
5153;27/08/2026 13:43:04;IRP_MJ_DEVICE_CONTROL (IOCTL_SERIAL_WAIT_ON_MASK);UP;STATUS_SUCCESS;01 00 00 00 ;"....";4;;COM3;;
5154;27/08/2026 13:43:04;IRP_MJ_DEVICE_CONTROL (IOCTL_SERIAL_GET_COMMSTATUS);DOWN;;;"";;;COM3;;
5155;27/08/2026 13:43:04;IRP_MJ_DEVICE_CONTROL (IOCTL_SERIAL_GET_COMMSTATUS);UP;STATUS_SUCCESS;00 00 00 00 00 00 00 00 56 00 00 00 00 00 00 00 00 00 00 00 ;"........V...........";20;;COM3;;
5156;27/08/2026 13:43:04;IRP_MJ_DEVICE_CONTROL (IOCTL_SERIAL_WAIT_ON_MASK);DOWN;;;"";;;COM3;;
5157;27/08/2026 13:43:04;IRP_MJ_DEVICE_CONTROL (IOCTL_SERIAL_WAIT_ON_MASK);UP;STATUS_SUCCESS;01 00 00 00 ;"....";4;;COM3;;
5158;27/08/2026 13:43:04;IRP_MJ_DEVICE_CONTROL (IOCTL_SERIAL_GET_COMMSTATUS);DOWN;;;"";;;COM3;;
5159;27/08/2026 13:43:04;IRP_MJ_DEVICE_CONTROL (IOCTL_SERIAL_GET_COMMSTATUS);UP;STATUS_SUCCESS;00 00 00 00 00 00 00 00 57 00 00 00 00 00 00 00 00 00 00 00 ;"........W...........";20;;COM3;;
5160;27/08/2026 13:43:04;IRP_MJ_DEVICE_CONTROL (IOCTL_SERIAL_WAIT_ON_MASK);DOWN;;;"";;;COM3;;
5161;27/08/2026 13:43:04;IRP_MJ_DEVICE_CONTROL (IOCTL_SERIAL_WAIT_ON_MASK);UP;STATUS_SUCCESS;01 00 00 00 ;"....";4;;COM3;;
5162;27/08/2026 13:43:04;IRP_MJ_DEVICE_CONTROL (IOCTL_SERIAL_GET_COMMSTATUS);DOWN;;;"";;;COM3;;
5163;27/08/2026 13:43:04;IRP_MJ_DEVICE_CONTROL (IOCTL_SERIAL_GET_COMMSTATUS);UP;STATUS_SUCCESS;00 00 00 00 00 00 00 00 58 00 00 00 00 00 00 00 00 00 00 00 ;"........X...........";20;;COM3;;
5164;27/08/2026 13:43:04;IRP_MJ_DEVICE_CONTROL (IOCTL_SERIAL_WAIT_ON_MASK);DOWN;;;"";;;COM3;;
5165;27/08/2026 13:43:04;IRP_MJ_DEVICE_CONTROL (IOCTL_SERIAL_WAIT_ON_MASK);UP;STATUS_SUCCESS;01 00 00 00 ;"....";4;;COM3;;
5166;27/08/2026 13:43:04;IRP_MJ_DEVICE_CONTROL (IOCTL_SERIAL_GET_COMMSTATUS);DOWN;;;"";;;COM3;;
5167;27/08/2026 13:43:04;IRP_MJ_DEVICE_CONTROL (IOCTL_SERIAL_GET_COMMSTATUS);UP;STATUS_SUCCESS;00 00 00 00 00 00 00 00 59 00 00 00 00 00 00 00 00 00 00 00 ;"........Y...........";20;;COM3;;
5168;27/08/2026 13:43:04;IRP_MJ_DEVICE_CONTROL (IOCTL_SERIAL_WAIT_ON_MASK);DOWN;;;"";;;COM3;;
5169;27/08/2026 13:43:04;IRP_MJ_DEVICE_CONTROL (IOCTL_SERIAL_WAIT_ON_MASK);UP;STATUS_SUCCESS;01 00 00 00 ;"....";4;;COM3;;
5170;27/08/2026 13:43:04;IRP_MJ_DEVICE_CONTROL (IOCTL_SERIAL_GET_COMMSTATUS);DOWN;;;"";;;COM3;;
5171;27/08/2026 13:43:04;IRP_MJ_DEVICE_CONTROL (IOCTL_SERIAL_GET_COMMSTATUS);UP;STATUS_SUCCESS;00 00 00 00 00 00 00 00 5a 00 00 00 00 00 00 00 00 00 00 00 ;"........Z...........";20;;COM3;;
5172;27/08/2026 13:43:04;IRP_MJ_DEVICE_CONTROL (IOCTL_SERIAL_WAIT_ON_MASK);DOWN;;;"";;;COM3;;
5173;27/08/2026 13:43:04;IRP_MJ_DEVICE_CONTROL (IOCTL_SERIAL_WAIT_ON_MASK);UP;STATUS_SUCCESS;01 00 00 00 ;"....";4;;COM3;;
5174;27/08/2026 13:43:04;IRP_MJ_DEVICE_CONTROL (IOCTL_SERIAL_GET_COMMSTATUS);DOWN;;;"";;;COM3;;
5175;27/08/2026 13:43:04;IRP_MJ_DEVICE_CONTROL (IOCTL_SERIAL_GET_COMMSTATUS);UP;STATUS_SUCCESS;00 00 00 00 00 00 00 00 5b 00 00 00 00 00 00 00 00 00 00 00 ;"........[...........";20;;COM3;;
5176;27/08/2026 13:43:04;IRP_MJ_DEVICE_CONTROL (IOCTL_SERIAL_WAIT_ON_MASK);DOWN;;;"";;;COM3;;
5177;27/08/2026 13:43:04;IRP_MJ_DEVICE_CONTROL (IOCTL_SERIAL_WAIT_ON_MASK);UP;STATUS_SUCCESS;01 00 00 00 ;"....";4;;COM3;;
5178;27/08/2026 13:43:04;IRP_MJ_DEVICE_CONTROL (IOCTL_SERIAL_GET_COMMSTATUS);DOWN;;;"";;;COM3;;
5179;27/08/2026 13:43:04;IRP_MJ_DEVICE_CONTROL (IOCTL_SERIAL_GET_COMMSTATUS);UP;STATUS_SUCCESS;00 00 00 00 00 00 00 00 5c 00 00 00 00 00 00 00 00 00 00 00 ;"........\...........";20;;COM3;;
5180;27/08/2026 13:43:04;IRP_MJ_DEVICE_CONTROL (IOCTL_SERIAL_WAIT_ON_MASK);DOWN;;;"";;;COM3;;
5181;27/08/2026 13:43:04;IRP_MJ_DEVICE_CONTROL (IOCTL_SERIAL_GET_COMMSTATUS);DOWN;;;"";;;COM3;;
5182;27/08/2026 13:43:04;IRP_MJ_DEVICE_CONTROL (IOCTL_SERIAL_GET_COMMSTATUS);UP;STATUS_SUCCESS;00 00 00 00 00 00 00 00 5c 00 00 00 00 00 00 00 00 00 00 00 ;"........\...........";20;;COM3;;
5183;27/08/2026 13:43:04;IRP_MJ_DEVICE_CONTROL (IOCTL_SERIAL_WAIT_ON_MASK);UP;STATUS_SUCCESS;01 00 00 00 ;"....";4;;COM3;;
5184;27/08/2026 13:43:04;IRP_MJ_DEVICE_CONTROL (IOCTL_SERIAL_GET_COMMSTATUS);DOWN;;;"";;;COM3;;
5185;27/08/2026 13:43:04;IRP_MJ_DEVICE_CONTROL (IOCTL_SERIAL_GET_COMMSTATUS);UP;STATUS_SUCCESS;00 00 00 00 00 00 00 00 5d 00 00 00 00 00 00 00 00 00 00 00 ;"........]...........";20;;COM3;;
5186;27/08/2026 13:43:04;IRP_MJ_DEVICE_CONTROL (IOCTL_SERIAL_WAIT_ON_MASK);DOWN;;;"";;;COM3;;
5187;27/08/2026 13:43:04;IRP_MJ_DEVICE_CONTROL (IOCTL_SERIAL_WAIT_ON_MASK);UP;STATUS_SUCCESS;01 00 00 00 ;"....";4;;COM3;;
5188;27/08/2026 13:43:04;IRP_MJ_DEVICE_CONTROL (IOCTL_SERIAL_GET_COMMSTATUS);DOWN;;;"";;;COM3;;
5189;27/08/2026 13:43:04;IRP_MJ_DEVICE_CONTROL (IOCTL_SERIAL_GET_COMMSTATUS);UP;STATUS_SUCCESS;00 00 00 00 00 00 00 00 5e 00 00 00 00 00 00 00 00 00 00 00 ;"........^...........";20;;COM3;;
5190;27/08/2026 13:43:04;IRP_MJ_DEVICE_CONTROL (IOCTL_SERIAL_WAIT_ON_MASK);DOWN;;;"";;;COM3;;
5191;27/08/2026 13:43:04;IRP_MJ_DEVICE_CONTROL (IOCTL_SERIAL_WAIT_ON_MASK);UP;STATUS_SUCCESS;01 00 00 00 ;"....";4;;COM3;;
5192;27/08/2026 13:43:04;IRP_MJ_DEVICE_CONTROL (IOCTL_SERIAL_GET_COMMSTATUS);DOWN;;;"";;;COM3;;
5193;27/08/2026 13:43:04;IRP_MJ_DEVICE_CONTROL (IOCTL_SERIAL_GET_COMMSTATUS);UP;STATUS_SUCCESS;00 00 00 00 00 00 00 00 5f 00 00 00 00 00 00 00 00 00 00 00 ;"........_...........";20;;COM3;;
5194;27/08/2026 13:43:04;IRP_MJ_DEVICE_CONTROL (IOCTL_SERIAL_WAIT_ON_MASK);DOWN;;;"";;;COM3;;
5195;27/08/2026 13:43:04;IRP_MJ_DEVICE_CONTROL (IOCTL_SERIAL_WAIT_ON_MASK);UP;STATUS_SUCCESS;01 00 00 00 ;"....";4;;COM3;;
5196;27/08/2026 13:43:04;IRP_MJ_DEVICE_CONTROL (IOCTL_SERIAL_GET_COMMSTATUS);DOWN;;;"";;;COM3;;
5197;27/08/2026 13:43:04;IRP_MJ_DEVICE_CONTROL (IOCTL_SERIAL_GET_COMMSTATUS);UP;STATUS_SUCCESS;00 00 00 00 00 00 00 00 60 00 00 00 00 00 00 00 00 00 00 00 ;"........`...........";20;;COM3;;
5198;27/08/2026 13:43:04;IRP_MJ_DEVICE_CONTROL (IOCTL_SERIAL_WAIT_ON_MASK);DOWN;;;"";;;COM3;;
5199;27/08/2026 13:43:04;IRP_MJ_DEVICE_CONTROL (IOCTL_SERIAL_WAIT_ON_MASK);UP;STATUS_SUCCESS;01 00 00 00 ;"....";4;;COM3;;
5200;27/08/2026 13:43:04;IRP_MJ_DEVICE_CONTROL (IOCTL_SERIAL_GET_COMMSTATUS);DOWN;;;"";;;COM3;;
5201;27/08/2026 13:43:04;IRP_MJ_DEVICE_CONTROL (IOCTL_SERIAL_GET_COMMSTATUS);UP;STATUS_SUCCESS;00 00 00 00 00 00 00 00 61 00 00 00 00 00 00 00 00 00 00 00 ;"........a...........";20;;COM3;;
5202;27/08/2026 13:43:04;IRP_MJ_DEVICE_CONTROL (IOCTL_SERIAL_WAIT_ON_MASK);DOWN;;;"";;;COM3;;
5203;27/08/2026 13:43:04;IRP_MJ_DEVICE_CONTROL (IOCTL_SERIAL_WAIT_ON_MASK);UP;STATUS_SUCCESS;01 00 00 00 ;"....";4;;COM3;;
5204;27/08/2026 13:43:04;IRP_MJ_DEVICE_CONTROL (IOCTL_SERIAL_GET_COMMSTATUS);DOWN;;;"";;;COM3;;
5205;27/08/2026 13:43:04;IRP_MJ_DEVICE_CONTROL (IOCTL_SERIAL_GET_COMMSTATUS);UP;STATUS_SUCCESS;00 00 00 00 00 00 00 00 62 00 00 00 00 00 00 00 00 00 00 00 ;"........b...........";20;;COM3;;
5206;27/08/2026 13:43:04;IRP_MJ_DEVICE_CONTROL (IOCTL_SERIAL_WAIT_ON_MASK);DOWN;;;"";;;COM3;;
5207;27/08/2026 13:43:04;IRP_MJ_DEVICE_CONTROL (IOCTL_SERIAL_GET_COMMSTATUS);DOWN;;;"";;;COM3;;
5208;27/08/2026 13:43:04;IRP_MJ_DEVICE_CONTROL (IOCTL_SERIAL_GET_COMMSTATUS);UP;STATUS_SUCCESS;00 00 00 00 00 00 00 00 62 00 00 00 00 00 00 00 00 00 00 00 ;"........b...........";20;;COM3;;
5209;27/08/2026 13:43:04;IRP_MJ_DEVICE_CONTROL (IOCTL_SERIAL_WAIT_ON_MASK);UP;STATUS_SUCCESS;01 00 00 00 ;"....";4;;COM3;;
5210;27/08/2026 13:43:04;IRP_MJ_DEVICE_CONTROL (IOCTL_SERIAL_GET_COMMSTATUS);DOWN;;;"";;;COM3;;
5211;27/08/2026 13:43:04;IRP_MJ_DEVICE_CONTROL (IOCTL_SERIAL_GET_COMMSTATUS);UP;STATUS_SUCCESS;00 00 00 00 00 00 00 00 63 00 00 00 00 00 00 00 00 00 00 00 ;"........c...........";20;;COM3;;
5212;27/08/2026 13:43:04;IRP_MJ_DEVICE_CONTROL (IOCTL_SERIAL_WAIT_ON_MASK);DOWN;;;"";;;COM3;;
5213;27/08/2026 13:43:04;IRP_MJ_DEVICE_CONTROL (IOCTL_SERIAL_WAIT_ON_MASK);UP;STATUS_SUCCESS;01 00 00 00 ;"....";4;;COM3;;
5214;27/08/2026 13:43:04;IRP_MJ_DEVICE_CONTROL (IOCTL_SERIAL_GET_COMMSTATUS);DOWN;;;"";;;COM3;;
5215;27/08/2026 13:43:04;IRP_MJ_DEVICE_CONTROL (IOCTL_SERIAL_GET_COMMSTATUS);UP;STATUS_SUCCESS;00 00 00 00 00 00 00 00 64 00 00 00 00 00 00 00 00 00 00 00 ;"........d...........";20;;COM3;;
5216;27/08/2026 13:43:04;IRP_MJ_DEVICE_CONTROL (IOCTL_SERIAL_WAIT_ON_MASK);DOWN;;;"";;;COM3;;
5217;27/08/2026 13:43:04;IRP_MJ_DEVICE_CONTROL (IOCTL_SERIAL_WAIT_ON_MASK);UP;STATUS_SUCCESS;01 00 00 00 ;"....";4;;COM3;;
5218;27/08/2026 13:43:04;IRP_MJ_DEVICE_CONTROL (IOCTL_SERIAL_GET_COMMSTATUS);DOWN;;;"";;;COM3;;
5219;27/08/2026 13:43:04;IRP_MJ_DEVICE_CONTROL (IOCTL_SERIAL_GET_COMMSTATUS);UP;STATUS_SUCCESS;00 00 00 00 00 00 00 00 65 00 00 00 00 00 00 00 00 00 00 00 ;"........e...........";20;;COM3;;
5220;27/08/2026 13:43:04;IRP_MJ_DEVICE_CONTROL (IOCTL_SERIAL_WAIT_ON_MASK);DOWN;;;"";;;COM3;;
5221;27/08/2026 13:43:04;IRP_MJ_DEVICE_CONTROL (IOCTL_SERIAL_WAIT_ON_MASK);UP;STATUS_SUCCESS;01 00 00 00 ;"....";4;;COM3;;
5222;27/08/2026 13:43:04;IRP_MJ_DEVICE_CONTROL (IOCTL_SERIAL_GET_COMMSTATUS);DOWN;;;"";;;COM3;;
5223;27/08/2026 13:43:04;IRP_MJ_DEVICE_CONTROL (IOCTL_SERIAL_GET_COMMSTATUS);UP;STATUS_SUCCESS;00 00 00 00 00 00 00 00 66 00 00 00 00 00 00 00 00 00 00 00 ;"........f...........";20;;COM3;;
5224;27/08/2026 13:43:04;IRP_MJ_DEVICE_CONTROL (IOCTL_SERIAL_WAIT_ON_MASK);DOWN;;;"";;;COM3;;
5225;27/08/2026 13:43:04;IRP_MJ_DEVICE_CONTROL (IOCTL_SERIAL_WAIT_ON_MASK);UP;STATUS_SUCCESS;01 00 00 00 ;"....";4;;COM3;;
5226;27/08/2026 13:43:04;IRP_MJ_DEVICE_CONTROL (IOCTL_SERIAL_GET_COMMSTATUS);DOWN;;;"";;;COM3;;
5227;27/08/2026 13:43:04;IRP_MJ_DEVICE_CONTROL (IOCTL_SERIAL_GET_COMMSTATUS);UP;STATUS_SUCCESS;00 00 00 00 00 00 00 00 67 00 00 00 00 00 00 00 00 00 00 00 ;"........g...........";20;;COM3;;
5228;27/08/2026 13:43:04;IRP_MJ_DEVICE_CONTROL (IOCTL_SERIAL_WAIT_ON_MASK);DOWN;;;"";;;COM3;;
5229;27/08/2026 13:43:04;IRP_MJ_DEVICE_CONTROL (IOCTL_SERIAL_WAIT_ON_MASK);UP;STATUS_SUCCESS;01 00 00 00 ;"....";4;;COM3;;
5230;27/08/2026 13:43:04;IRP_MJ_DEVICE_CONTROL (IOCTL_SERIAL_GET_COMMSTATUS);DOWN;;;"";;;COM3;;
5231;27/08/2026 13:43:04;IRP_MJ_DEVICE_CONTROL (IOCTL_SERIAL_GET_COMMSTATUS);UP;STATUS_SUCCESS;00 00 00 00 00 00 00 00 68 00 00 00 00 00 00 00 00 00 00 00 ;"........h...........";20;;COM3;;
5232;27/08/2026 13:43:04;IRP_MJ_DEVICE_CONTROL (IOCTL_SERIAL_WAIT_ON_MASK);DOWN;;;"";;;COM3;;
5233;27/08/2026 13:43:04;IRP_MJ_DEVICE_CONTROL (IOCTL_SERIAL_WAIT_ON_MASK);UP;STATUS_SUCCESS;01 00 00 00 ;"....";4;;COM3;;
5234;27/08/2026 13:43:04;IRP_MJ_DEVICE_CONTROL (IOCTL_SERIAL_GET_COMMSTATUS);DOWN;;;"";;;COM3;;
5235;27/08/2026 13:43:04;IRP_MJ_DEVICE_CONTROL (IOCTL_SERIAL_GET_COMMSTATUS);UP;STATUS_SUCCESS;00 00 00 00 00 00 00 00 69 00 00 00 00 00 00 00 00 00 00 00 ;"........i...........";20;;COM3;;
5236;27/08/2026 13:43:04;IRP_MJ_DEVICE_CONTROL (IOCTL_SERIAL_WAIT_ON_MASK);DOWN;;;"";;;COM3;;
5237;27/08/2026 13:43:04;IRP_MJ_DEVICE_CONTROL (IOCTL_SERIAL_GET_COMMSTATUS);DOWN;;;"";;;COM3;;
5238;27/08/2026 13:43:04;IRP_MJ_DEVICE_CONTROL (IOCTL_SERIAL_GET_COMMSTATUS);UP;STATUS_SUCCESS;00 00 00 00 00 00 00 00 69 00 00 00 00 00 00 00 00 00 00 00 ;"........i...........";20;;COM3;;
5239;27/08/2026 13:43:04;IRP_MJ_DEVICE_CONTROL (IOCTL_SERIAL_WAIT_ON_MASK);UP;STATUS_SUCCESS;01 00 00 00 ;"....";4;;COM3;;
5240;27/08/2026 13:43:04;IRP_MJ_DEVICE_CONTROL (IOCTL_SERIAL_GET_COMMSTATUS);DOWN;;;"";;;COM3;;
5241;27/08/2026 13:43:04;IRP_MJ_DEVICE_CONTROL (IOCTL_SERIAL_GET_COMMSTATUS);UP;STATUS_SUCCESS;00 00 00 00 00 00 00 00 6a 00 00 00 00 00 00 00 00 00 00 00 ;"........j...........";20;;COM3;;
5242;27/08/2026 13:43:04;IRP_MJ_DEVICE_CONTROL (IOCTL_SERIAL_WAIT_ON_MASK);DOWN;;;"";;;COM3;;
5243;27/08/2026 13:43:04;IRP_MJ_DEVICE_CONTROL (IOCTL_SERIAL_WAIT_ON_MASK);UP;STATUS_SUCCESS;01 00 00 00 ;"....";4;;COM3;;
5244;27/08/2026 13:43:04;IRP_MJ_DEVICE_CONTROL (IOCTL_SERIAL_GET_COMMSTATUS);DOWN;;;"";;;COM3;;
5245;27/08/2026 13:43:04;IRP_MJ_DEVICE_CONTROL (IOCTL_SERIAL_GET_COMMSTATUS);UP;STATUS_SUCCESS;00 00 00 00 00 00 00 00 6b 00 00 00 00 00 00 00 00 00 00 00 ;"........k...........";20;;COM3;;
5246;27/08/2026 13:43:04;IRP_MJ_DEVICE_CONTROL (IOCTL_SERIAL_WAIT_ON_MASK);DOWN;;;"";;;COM3;;
5247;27/08/2026 13:43:04;IRP_MJ_DEVICE_CONTROL (IOCTL_SERIAL_WAIT_ON_MASK);UP;STATUS_SUCCESS;01 00 00 00 ;"....";4;;COM3;;
5248;27/08/2026 13:43:04;IRP_MJ_DEVICE_CONTROL (IOCTL_SERIAL_GET_COMMSTATUS);DOWN;;;"";;;COM3;;
5249;27/08/2026 13:43:04;IRP_MJ_DEVICE_CONTROL (IOCTL_SERIAL_GET_COMMSTATUS);UP;STATUS_SUCCESS;00 00 00 00 00 00 00 00 6c 00 00 00 00 00 00 00 00 00 00 00 ;"........l...........";20;;COM3;;
5250;27/08/2026 13:43:04;IRP_MJ_DEVICE_CONTROL (IOCTL_SERIAL_WAIT_ON_MASK);DOWN;;;"";;;COM3;;
5251;27/08/2026 13:43:04;IRP_MJ_DEVICE_CONTROL (IOCTL_SERIAL_WAIT_ON_MASK);UP;STATUS_SUCCESS;01 00 00 00 ;"....";4;;COM3;;
5252;27/08/2026 13:43:04;IRP_MJ_DEVICE_CONTROL (IOCTL_SERIAL_GET_COMMSTATUS);DOWN;;;"";;;COM3;;
5253;27/08/2026 13:43:04;IRP_MJ_DEVICE_CONTROL (IOCTL_SERIAL_GET_COMMSTATUS);UP;STATUS_SUCCESS;00 00 00 00 00 00 00 00 6d 00 00 00 00 00 00 00 00 00 00 00 ;"........m...........";20;;COM3;;
5254;27/08/2026 13:43:04;IRP_MJ_DEVICE_CONTROL (IOCTL_SERIAL_WAIT_ON_MASK);DOWN;;;"";;;COM3;;
5255;27/08/2026 13:43:04;IRP_MJ_DEVICE_CONTROL (IOCTL_SERIAL_WAIT_ON_MASK);UP;STATUS_SUCCESS;01 00 00 00 ;"....";4;;COM3;;
5256;27/08/2026 13:43:04;IRP_MJ_DEVICE_CONTROL (IOCTL_SERIAL_GET_COMMSTATUS);DOWN;;;"";;;COM3;;
5257;27/08/2026 13:43:04;IRP_MJ_DEVICE_CONTROL (IOCTL_SERIAL_GET_COMMSTATUS);UP;STATUS_SUCCESS;00 00 00 00 00 00 00 00 6e 00 00 00 00 00 00 00 00 00 00 00 ;"........n...........";20;;COM3;;
5258;27/08/2026 13:43:04;IRP_MJ_DEVICE_CONTROL (IOCTL_SERIAL_WAIT_ON_MASK);DOWN;;;"";;;COM3;;
5259;27/08/2026 13:43:04;IRP_MJ_DEVICE_CONTROL (IOCTL_SERIAL_WAIT_ON_MASK);UP;STATUS_SUCCESS;01 00 00 00 ;"....";4;;COM3;;
5260;27/08/2026 13:43:04;IRP_MJ_DEVICE_CONTROL (IOCTL_SERIAL_GET_COMMSTATUS);DOWN;;;"";;;COM3;;
5261;27/08/2026 13:43:04;IRP_MJ_DEVICE_CONTROL (IOCTL_SERIAL_GET_COMMSTATUS);UP;STATUS_SUCCESS;00 00 00 00 00 00 00 00 6f 00 00 00 00 00 00 00 00 00 00 00 ;"........o...........";20;;COM3;;
5262;27/08/2026 13:43:04;IRP_MJ_DEVICE_CONTROL (IOCTL_SERIAL_WAIT_ON_MASK);DOWN;;;"";;;COM3;;
5263;27/08/2026 13:43:04;IRP_MJ_DEVICE_CONTROL (IOCTL_SERIAL_GET_COMMSTATUS);DOWN;;;"";;;COM3;;
5264;27/08/2026 13:43:04;IRP_MJ_DEVICE_CONTROL (IOCTL_SERIAL_GET_COMMSTATUS);UP;STATUS_SUCCESS;00 00 00 00 00 00 00 00 6f 00 00 00 00 00 00 00 00 00 00 00 ;"........o...........";20;;COM3;;
5265;27/08/2026 13:43:04;IRP_MJ_DEVICE_CONTROL (IOCTL_SERIAL_WAIT_ON_MASK);UP;STATUS_SUCCESS;01 00 00 00 ;"....";4;;COM3;;
5266;27/08/2026 13:43:04;IRP_MJ_DEVICE_CONTROL (IOCTL_SERIAL_GET_COMMSTATUS);DOWN;;;"";;;COM3;;
5267;27/08/2026 13:43:04;IRP_MJ_DEVICE_CONTROL (IOCTL_SERIAL_GET_COMMSTATUS);UP;STATUS_SUCCESS;00 00 00 00 00 00 00 00 70 00 00 00 00 00 00 00 00 00 00 00 ;"........p...........";20;;COM3;;
5268;27/08/2026 13:43:04;IRP_MJ_DEVICE_CONTROL (IOCTL_SERIAL_WAIT_ON_MASK);DOWN;;;"";;;COM3;;
5269;27/08/2026 13:43:04;IRP_MJ_DEVICE_CONTROL (IOCTL_SERIAL_WAIT_ON_MASK);UP;STATUS_SUCCESS;01 00 00 00 ;"....";4;;COM3;;
5270;27/08/2026 13:43:04;IRP_MJ_DEVICE_CONTROL (IOCTL_SERIAL_GET_COMMSTATUS);DOWN;;;"";;;COM3;;
5271;27/08/2026 13:43:04;IRP_MJ_DEVICE_CONTROL (IOCTL_SERIAL_GET_COMMSTATUS);UP;STATUS_SUCCESS;00 00 00 00 00 00 00 00 71 00 00 00 00 00 00 00 00 00 00 00 ;"........q...........";20;;COM3;;
5272;27/08/2026 13:43:04;IRP_MJ_DEVICE_CONTROL (IOCTL_SERIAL_WAIT_ON_MASK);DOWN;;;"";;;COM3;;
5273;27/08/2026 13:43:04;IRP_MJ_DEVICE_CONTROL (IOCTL_SERIAL_WAIT_ON_MASK);UP;STATUS_SUCCESS;01 00 00 00 ;"....";4;;COM3;;
5274;27/08/2026 13:43:04;IRP_MJ_DEVICE_CONTROL (IOCTL_SERIAL_GET_COMMSTATUS);DOWN;;;"";;;COM3;;
5275;27/08/2026 13:43:04;IRP_MJ_DEVICE_CONTROL (IOCTL_SERIAL_GET_COMMSTATUS);UP;STATUS_SUCCESS;00 00 00 00 00 00 00 00 72 00 00 00 00 00 00 00 00 00 00 00 ;"........r...........";20;;COM3;;
5276;27/08/2026 13:43:04;IRP_MJ_DEVICE_CONTROL (IOCTL_SERIAL_WAIT_ON_MASK);DOWN;;;"";;;COM3;;
5277;27/08/2026 13:43:04;IRP_MJ_DEVICE_CONTROL (IOCTL_SERIAL_WAIT_ON_MASK);UP;STATUS_SUCCESS;01 00 00 00 ;"....";4;;COM3;;
5278;27/08/2026 13:43:04;IRP_MJ_DEVICE_CONTROL (IOCTL_SERIAL_GET_COMMSTATUS);DOWN;;;"";;;COM3;;
5279;27/08/2026 13:43:04;IRP_MJ_DEVICE_CONTROL (IOCTL_SERIAL_GET_COMMSTATUS);UP;STATUS_SUCCESS;00 00 00 00 00 00 00 00 73 00 00 00 00 00 00 00 00 00 00 00 ;"........s...........";20;;COM3;;
5280;27/08/2026 13:43:04;IRP_MJ_DEVICE_CONTROL (IOCTL_SERIAL_WAIT_ON_MASK);DOWN;;;"";;;COM3;;
5281;27/08/2026 13:43:04;IRP_MJ_DEVICE_CONTROL (IOCTL_SERIAL_WAIT_ON_MASK);UP;STATUS_SUCCESS;01 00 00 00 ;"....";4;;COM3;;
5282;27/08/2026 13:43:04;IRP_MJ_DEVICE_CONTROL (IOCTL_SERIAL_GET_COMMSTATUS);DOWN;;;"";;;COM3;;
5283;27/08/2026 13:43:04;IRP_MJ_DEVICE_CONTROL (IOCTL_SERIAL_GET_COMMSTATUS);UP;STATUS_SUCCESS;00 00 00 00 00 00 00 00 74 00 00 00 00 00 00 00 00 00 00 00 ;"........t...........";20;;COM3;;
5284;27/08/2026 13:43:04;IRP_MJ_DEVICE_CONTROL (IOCTL_SERIAL_WAIT_ON_MASK);DOWN;;;"";;;COM3;;
5285;27/08/2026 13:43:04;IRP_MJ_DEVICE_CONTROL (IOCTL_SERIAL_WAIT_ON_MASK);UP;STATUS_SUCCESS;01 00 00 00 ;"....";4;;COM3;;
5286;27/08/2026 13:43:04;IRP_MJ_DEVICE_CONTROL (IOCTL_SERIAL_GET_COMMSTATUS);DOWN;;;"";;;COM3;;
5287;27/08/2026 13:43:04;IRP_MJ_DEVICE_CONTROL (IOCTL_SERIAL_GET_COMMSTATUS);UP;STATUS_SUCCESS;00 00 00 00 00 00 00 00 75 00 00 00 00 00 00 00 00 00 00 00 ;"........u...........";20;;COM3;;
5288;27/08/2026 13:43:04;IRP_MJ_DEVICE_CONTROL (IOCTL_SERIAL_WAIT_ON_MASK);DOWN;;;"";;;COM3;;
5289;27/08/2026 13:43:04;IRP_MJ_DEVICE_CONTROL (IOCTL_SERIAL_WAIT_ON_MASK);UP;STATUS_SUCCESS;01 00 00 00 ;"....";4;;COM3;;
5290;27/08/2026 13:43:04;IRP_MJ_DEVICE_CONTROL (IOCTL_SERIAL_GET_COMMSTATUS);DOWN;;;"";;;COM3;;
5291;27/08/2026 13:43:04;IRP_MJ_DEVICE_CONTROL (IOCTL_SERIAL_GET_COMMSTATUS);UP;STATUS_SUCCESS;00 00 00 00 00 00 00 00 76 00 00 00 00 00 00 00 00 00 00 00 ;"........v...........";20;;COM3;;
5292;27/08/2026 13:43:04;IRP_MJ_DEVICE_CONTROL (IOCTL_SERIAL_WAIT_ON_MASK);DOWN;;;"";;;COM3;;
5293;27/08/2026 13:43:04;IRP_MJ_DEVICE_CONTROL (IOCTL_SERIAL_GET_COMMSTATUS);DOWN;;;"";;;COM3;;
5294;27/08/2026 13:43:04;IRP_MJ_DEVICE_CONTROL (IOCTL_SERIAL_GET_COMMSTATUS);UP;STATUS_SUCCESS;00 00 00 00 00 00 00 00 76 00 00 00 00 00 00 00 00 00 00 00 ;"........v...........";20;;COM3;;
5295;27/08/2026 13:43:04;IRP_MJ_DEVICE_CONTROL (IOCTL_SERIAL_WAIT_ON_MASK);UP;STATUS_SUCCESS;01 00 00 00 ;"....";4;;COM3;;
5296;27/08/2026 13:43:04;IRP_MJ_DEVICE_CONTROL (IOCTL_SERIAL_GET_COMMSTATUS);DOWN;;;"";;;COM3;;
5297;27/08/2026 13:43:04;IRP_MJ_DEVICE_CONTROL (IOCTL_SERIAL_GET_COMMSTATUS);UP;STATUS_SUCCESS;00 00 00 00 00 00 00 00 77 00 00 00 00 00 00 00 00 00 00 00 ;"........w...........";20;;COM3;;
5298;27/08/2026 13:43:04;IRP_MJ_DEVICE_CONTROL (IOCTL_SERIAL_WAIT_ON_MASK);DOWN;;;"";;;COM3;;
5299;27/08/2026 13:43:04;IRP_MJ_DEVICE_CONTROL (IOCTL_SERIAL_WAIT_ON_MASK);UP;STATUS_SUCCESS;01 00 00 00 ;"....";4;;COM3;;
5300;27/08/2026 13:43:04;IRP_MJ_DEVICE_CONTROL (IOCTL_SERIAL_GET_COMMSTATUS);DOWN;;;"";;;COM3;;
5301;27/08/2026 13:43:04;IRP_MJ_DEVICE_CONTROL (IOCTL_SERIAL_GET_COMMSTATUS);UP;STATUS_SUCCESS;00 00 00 00 00 00 00 00 78 00 00 00 00 00 00 00 00 00 00 00 ;"........x...........";20;;COM3;;
5302;27/08/2026 13:43:04;IRP_MJ_DEVICE_CONTROL (IOCTL_SERIAL_WAIT_ON_MASK);DOWN;;;"";;;COM3;;
5303;27/08/2026 13:43:04;IRP_MJ_DEVICE_CONTROL (IOCTL_SERIAL_WAIT_ON_MASK);UP;STATUS_SUCCESS;01 00 00 00 ;"....";4;;COM3;;
5304;27/08/2026 13:43:04;IRP_MJ_DEVICE_CONTROL (IOCTL_SERIAL_GET_COMMSTATUS);DOWN;;;"";;;COM3;;
5305;27/08/2026 13:43:04;IRP_MJ_DEVICE_CONTROL (IOCTL_SERIAL_GET_COMMSTATUS);UP;STATUS_SUCCESS;00 00 00 00 00 00 00 00 79 00 00 00 00 00 00 00 00 00 00 00 ;"........y...........";20;;COM3;;
5306;27/08/2026 13:43:04;IRP_MJ_DEVICE_CONTROL (IOCTL_SERIAL_WAIT_ON_MASK);DOWN;;;"";;;COM3;;
5307;27/08/2026 13:43:04;IRP_MJ_DEVICE_CONTROL (IOCTL_SERIAL_WAIT_ON_MASK);UP;STATUS_SUCCESS;01 00 00 00 ;"....";4;;COM3;;
5308;27/08/2026 13:43:04;IRP_MJ_DEVICE_CONTROL (IOCTL_SERIAL_GET_COMMSTATUS);DOWN;;;"";;;COM3;;
5309;27/08/2026 13:43:04;IRP_MJ_DEVICE_CONTROL (IOCTL_SERIAL_GET_COMMSTATUS);UP;STATUS_SUCCESS;00 00 00 00 00 00 00 00 7a 00 00 00 00 00 00 00 00 00 00 00 ;"........z...........";20;;COM3;;
5310;27/08/2026 13:43:04;IRP_MJ_DEVICE_CONTROL (IOCTL_SERIAL_WAIT_ON_MASK);DOWN;;;"";;;COM3;;
5311;27/08/2026 13:43:04;IRP_MJ_DEVICE_CONTROL (IOCTL_SERIAL_WAIT_ON_MASK);UP;STATUS_SUCCESS;01 00 00 00 ;"....";4;;COM3;;
5312;27/08/2026 13:43:04;IRP_MJ_DEVICE_CONTROL (IOCTL_SERIAL_GET_COMMSTATUS);DOWN;;;"";;;COM3;;
5313;27/08/2026 13:43:04;IRP_MJ_DEVICE_CONTROL (IOCTL_SERIAL_GET_COMMSTATUS);UP;STATUS_SUCCESS;00 00 00 00 00 00 00 00 7b 00 00 00 00 00 00 00 00 00 00 00 ;"........{...........";20;;COM3;;
5314;27/08/2026 13:43:04;IRP_MJ_DEVICE_CONTROL (IOCTL_SERIAL_WAIT_ON_MASK);DOWN;;;"";;;COM3;;
5315;27/08/2026 13:43:04;IRP_MJ_DEVICE_CONTROL (IOCTL_SERIAL_WAIT_ON_MASK);UP;STATUS_SUCCESS;01 00 00 00 ;"....";4;;COM3;;
5316;27/08/2026 13:43:04;IRP_MJ_DEVICE_CONTROL (IOCTL_SERIAL_GET_COMMSTATUS);DOWN;;;"";;;COM3;;
5317;27/08/2026 13:43:04;IRP_MJ_DEVICE_CONTROL (IOCTL_SERIAL_GET_COMMSTATUS);UP;STATUS_SUCCESS;00 00 00 00 00 00 00 00 7c 00 00 00 00 00 00 00 00 00 00 00 ;"........|...........";20;;COM3;;
5318;27/08/2026 13:43:04;IRP_MJ_DEVICE_CONTROL (IOCTL_SERIAL_WAIT_ON_MASK);DOWN;;;"";;;COM3;;
5319;27/08/2026 13:43:04;IRP_MJ_DEVICE_CONTROL (IOCTL_SERIAL_WAIT_ON_MASK);UP;STATUS_SUCCESS;01 00 00 00 ;"....";4;;COM3;;
5320;27/08/2026 13:43:04;IRP_MJ_DEVICE_CONTROL (IOCTL_SERIAL_GET_COMMSTATUS);DOWN;;;"";;;COM3;;
5321;27/08/2026 13:43:04;IRP_MJ_DEVICE_CONTROL (IOCTL_SERIAL_GET_COMMSTATUS);UP;STATUS_SUCCESS;00 00 00 00 00 00 00 00 7d 00 00 00 00 00 00 00 00 00 00 00 ;"........}...........";20;;COM3;;
5322;27/08/2026 13:43:04;IRP_MJ_DEVICE_CONTROL (IOCTL_SERIAL_WAIT_ON_MASK);DOWN;;;"";;;COM3;;
5323;27/08/2026 13:43:04;IRP_MJ_DEVICE_CONTROL (IOCTL_SERIAL_GET_COMMSTATUS);DOWN;;;"";;;COM3;;
5324;27/08/2026 13:43:04;IRP_MJ_DEVICE_CONTROL (IOCTL_SERIAL_GET_COMMSTATUS);UP;STATUS_SUCCESS;00 00 00 00 00 00 00 00 7d 00 00 00 00 00 00 00 00 00 00 00 ;"........}...........";20;;COM3;;
5325;27/08/2026 13:43:04;IRP_MJ_DEVICE_CONTROL (IOCTL_SERIAL_WAIT_ON_MASK);UP;STATUS_SUCCESS;01 00 00 00 ;"....";4;;COM3;;
5326;27/08/2026 13:43:04;IRP_MJ_DEVICE_CONTROL (IOCTL_SERIAL_GET_COMMSTATUS);DOWN;;;"";;;COM3;;
5327;27/08/2026 13:43:04;IRP_MJ_DEVICE_CONTROL (IOCTL_SERIAL_GET_COMMSTATUS);UP;STATUS_SUCCESS;00 00 00 00 00 00 00 00 7e 00 00 00 00 00 00 00 00 00 00 00 ;"........~...........";20;;COM3;;
5328;27/08/2026 13:43:04;IRP_MJ_DEVICE_CONTROL (IOCTL_SERIAL_WAIT_ON_MASK);DOWN;;;"";;;COM3;;
5329;27/08/2026 13:43:04;IRP_MJ_DEVICE_CONTROL (IOCTL_SERIAL_WAIT_ON_MASK);UP;STATUS_SUCCESS;01 00 00 00 ;"....";4;;COM3;;
5330;27/08/2026 13:43:04;IRP_MJ_DEVICE_CONTROL (IOCTL_SERIAL_GET_COMMSTATUS);DOWN;;;"";;;COM3;;
5331;27/08/2026 13:43:04;IRP_MJ_DEVICE_CONTROL (IOCTL_SERIAL_GET_COMMSTATUS);UP;STATUS_SUCCESS;00 00 00 00 00 00 00 00 7f 00 00 00 00 00 00 00 00 00 00 00 ;"...................";20;;COM3;;
5332;27/08/2026 13:43:04;IRP_MJ_DEVICE_CONTROL (IOCTL_SERIAL_WAIT_ON_MASK);DOWN;;;"";;;COM3;;
5333;27/08/2026 13:43:04;IRP_MJ_DEVICE_CONTROL (IOCTL_SERIAL_WAIT_ON_MASK);UP;STATUS_SUCCESS;01 00 00 00 ;"....";4;;COM3;;
5334;27/08/2026 13:43:04;IRP_MJ_DEVICE_CONTROL (IOCTL_SERIAL_GET_COMMSTATUS);DOWN;;;"";;;COM3;;
5335;27/08/2026 13:43:04;IRP_MJ_DEVICE_CONTROL (IOCTL_SERIAL_GET_COMMSTATUS);UP;STATUS_SUCCESS;00 00 00 00 00 00 00 00 80 00 00 00 00 00 00 00 00 00 00 00 ;"........Ä...........";20;;COM3;;
5336;27/08/2026 13:43:04;IRP_MJ_DEVICE_CONTROL (IOCTL_SERIAL_WAIT_ON_MASK);DOWN;;;"";;;COM3;;
5337;27/08/2026 13:43:04;IRP_MJ_DEVICE_CONTROL (IOCTL_SERIAL_WAIT_ON_MASK);UP;STATUS_SUCCESS;01 00 00 00 ;"....";4;;COM3;;
5338;27/08/2026 13:43:04;IRP_MJ_DEVICE_CONTROL (IOCTL_SERIAL_GET_COMMSTATUS);DOWN;;;"";;;COM3;;
5339;27/08/2026 13:43:04;IRP_MJ_DEVICE_CONTROL (IOCTL_SERIAL_GET_COMMSTATUS);UP;STATUS_SUCCESS;00 00 00 00 00 00 00 00 81 00 00 00 00 00 00 00 00 00 00 00 ;"........Å...........";20;;COM3;;
5340;27/08/2026 13:43:04;IRP_MJ_DEVICE_CONTROL (IOCTL_SERIAL_WAIT_ON_MASK);DOWN;;;"";;;COM3;;
5341;27/08/2026 13:43:04;IRP_MJ_DEVICE_CONTROL (IOCTL_SERIAL_WAIT_ON_MASK);UP;STATUS_SUCCESS;01 00 00 00 ;"....";4;;COM3;;
5342;27/08/2026 13:43:04;IRP_MJ_DEVICE_CONTROL (IOCTL_SERIAL_GET_COMMSTATUS);DOWN;;;"";;;COM3;;
5343;27/08/2026 13:43:04;IRP_MJ_DEVICE_CONTROL (IOCTL_SERIAL_GET_COMMSTATUS);UP;STATUS_SUCCESS;00 00 00 00 00 00 00 00 82 00 00 00 00 00 00 00 00 00 00 00 ;"........Ç...........";20;;COM3;;
5344;27/08/2026 13:43:04;IRP_MJ_DEVICE_CONTROL (IOCTL_SERIAL_WAIT_ON_MASK);DOWN;;;"";;;COM3;;
5345;27/08/2026 13:43:04;IRP_MJ_DEVICE_CONTROL (IOCTL_SERIAL_WAIT_ON_MASK);UP;STATUS_SUCCESS;01 00 00 00 ;"....";4;;COM3;;
5346;27/08/2026 13:43:04;IRP_MJ_DEVICE_CONTROL (IOCTL_SERIAL_GET_COMMSTATUS);DOWN;;;"";;;COM3;;
5347;27/08/2026 13:43:04;IRP_MJ_DEVICE_CONTROL (IOCTL_SERIAL_GET_COMMSTATUS);UP;STATUS_SUCCESS;00 00 00 00 00 00 00 00 83 00 00 00 00 00 00 00 00 00 00 00 ;"........É...........";20;;COM3;;
5348;27/08/2026 13:43:04;IRP_MJ_DEVICE_CONTROL (IOCTL_SERIAL_WAIT_ON_MASK);DOWN;;;"";;;COM3;;
5349;27/08/2026 13:43:04;IRP_MJ_DEVICE_CONTROL (IOCTL_SERIAL_GET_COMMSTATUS);DOWN;;;"";;;COM3;;
5350;27/08/2026 13:43:04;IRP_MJ_DEVICE_CONTROL (IOCTL_SERIAL_GET_COMMSTATUS);UP;STATUS_SUCCESS;00 00 00 00 00 00 00 00 83 00 00 00 00 00 00 00 00 00 00 00 ;"........É...........";20;;COM3;;
5351;27/08/2026 13:43:04;IRP_MJ_DEVICE_CONTROL (IOCTL_SERIAL_WAIT_ON_MASK);UP;STATUS_SUCCESS;01 00 00 00 ;"....";4;;COM3;;
5352;27/08/2026 13:43:04;IRP_MJ_DEVICE_CONTROL (IOCTL_SERIAL_GET_COMMSTATUS);DOWN;;;"";;;COM3;;
5353;27/08/2026 13:43:04;IRP_MJ_DEVICE_CONTROL (IOCTL_SERIAL_GET_COMMSTATUS);UP;STATUS_SUCCESS;00 00 00 00 00 00 00 00 84 00 00 00 00 00 00 00 00 00 00 00 ;"........Ñ...........";20;;COM3;;
5354;27/08/2026 13:43:04;IRP_MJ_DEVICE_CONTROL (IOCTL_SERIAL_WAIT_ON_MASK);DOWN;;;"";;;COM3;;
5355;27/08/2026 13:43:04;IRP_MJ_DEVICE_CONTROL (IOCTL_SERIAL_WAIT_ON_MASK);UP;STATUS_SUCCESS;01 00 00 00 ;"....";4;;COM3;;
5356;27/08/2026 13:43:04;IRP_MJ_DEVICE_CONTROL (IOCTL_SERIAL_GET_COMMSTATUS);DOWN;;;"";;;COM3;;
5357;27/08/2026 13:43:04;IRP_MJ_DEVICE_CONTROL (IOCTL_SERIAL_GET_COMMSTATUS);UP;STATUS_SUCCESS;00 00 00 00 00 00 00 00 85 00 00 00 00 00 00 00 00 00 00 00 ;"........Ö...........";20;;COM3;;
5358;27/08/2026 13:43:04;IRP_MJ_DEVICE_CONTROL (IOCTL_SERIAL_WAIT_ON_MASK);DOWN;;;"";;;COM3;;
5359;27/08/2026 13:43:04;IRP_MJ_DEVICE_CONTROL (IOCTL_SERIAL_WAIT_ON_MASK);UP;STATUS_SUCCESS;01 00 00 00 ;"....";4;;COM3;;
5360;27/08/2026 13:43:04;IRP_MJ_DEVICE_CONTROL (IOCTL_SERIAL_GET_COMMSTATUS);DOWN;;;"";;;COM3;;
5361;27/08/2026 13:43:04;IRP_MJ_DEVICE_CONTROL (IOCTL_SERIAL_GET_COMMSTATUS);UP;STATUS_SUCCESS;00 00 00 00 00 00 00 00 86 00 00 00 00 00 00 00 00 00 00 00 ;"........Ü...........";20;;COM3;;
5362;27/08/2026 13:43:04;IRP_MJ_DEVICE_CONTROL (IOCTL_SERIAL_WAIT_ON_MASK);DOWN;;;"";;;COM3;;
5363;27/08/2026 13:43:04;IRP_MJ_DEVICE_CONTROL (IOCTL_SERIAL_WAIT_ON_MASK);UP;STATUS_SUCCESS;01 00 00 00 ;"....";4;;COM3;;
5364;27/08/2026 13:43:04;IRP_MJ_DEVICE_CONTROL (IOCTL_SERIAL_GET_COMMSTATUS);DOWN;;;"";;;COM3;;
5365;27/08/2026 13:43:04;IRP_MJ_DEVICE_CONTROL (IOCTL_SERIAL_GET_COMMSTATUS);UP;STATUS_SUCCESS;00 00 00 00 00 00 00 00 87 00 00 00 00 00 00 00 00 00 00 00 ;"........á...........";20;;COM3;;
5366;27/08/2026 13:43:04;IRP_MJ_DEVICE_CONTROL (IOCTL_SERIAL_WAIT_ON_MASK);DOWN;;;"";;;COM3;;
5367;27/08/2026 13:43:04;IRP_MJ_DEVICE_CONTROL (IOCTL_SERIAL_WAIT_ON_MASK);UP;STATUS_SUCCESS;01 00 00 00 ;"....";4;;COM3;;
5368;27/08/2026 13:43:04;IRP_MJ_DEVICE_CONTROL (IOCTL_SERIAL_GET_COMMSTATUS);DOWN;;;"";;;COM3;;
5369;27/08/2026 13:43:04;IRP_MJ_DEVICE_CONTROL (IOCTL_SERIAL_GET_COMMSTATUS);UP;STATUS_SUCCESS;00 00 00 00 00 00 00 00 88 00 00 00 00 00 00 00 00 00 00 00 ;"........à...........";20;;COM3;;
5370;27/08/2026 13:43:04;IRP_MJ_DEVICE_CONTROL (IOCTL_SERIAL_WAIT_ON_MASK);DOWN;;;"";;;COM3;;
5371;27/08/2026 13:43:04;IRP_MJ_DEVICE_CONTROL (IOCTL_SERIAL_WAIT_ON_MASK);UP;STATUS_SUCCESS;01 00 00 00 ;"....";4;;COM3;;
5372;27/08/2026 13:43:04;IRP_MJ_DEVICE_CONTROL (IOCTL_SERIAL_GET_COMMSTATUS);DOWN;;;"";;;COM3;;
5373;27/08/2026 13:43:04;IRP_MJ_DEVICE_CONTROL (IOCTL_SERIAL_GET_COMMSTATUS);UP;STATUS_SUCCESS;00 00 00 00 00 00 00 00 89 00 00 00 00 00 00 00 00 00 00 00 ;"........â...........";20;;COM3;;
5374;27/08/2026 13:43:04;IRP_MJ_DEVICE_CONTROL (IOCTL_SERIAL_WAIT_ON_MASK);DOWN;;;"";;;COM3;;
5375;27/08/2026 13:43:04;IRP_MJ_DEVICE_CONTROL (IOCTL_SERIAL_GET_COMMSTATUS);DOWN;;;"";;;COM3;;
5376;27/08/2026 13:43:04;IRP_MJ_DEVICE_CONTROL (IOCTL_SERIAL_GET_COMMSTATUS);UP;STATUS_SUCCESS;00 00 00 00 00 00 00 00 89 00 00 00 00 00 00 00 00 00 00 00 ;"........â...........";20;;COM3;;
5377;27/08/2026 13:43:04;IRP_MJ_DEVICE_CONTROL (IOCTL_SERIAL_WAIT_ON_MASK);UP;STATUS_SUCCESS;01 00 00 00 ;"....";4;;COM3;;
5378;27/08/2026 13:43:04;IRP_MJ_DEVICE_CONTROL (IOCTL_SERIAL_GET_COMMSTATUS);DOWN;;;"";;;COM3;;
5379;27/08/2026 13:43:04;IRP_MJ_DEVICE_CONTROL (IOCTL_SERIAL_GET_COMMSTATUS);UP;STATUS_SUCCESS;00 00 00 00 00 00 00 00 8a 00 00 00 00 00 00 00 00 00 00 00 ;"........ä...........";20;;COM3;;
5380;27/08/2026 13:43:04;IRP_MJ_DEVICE_CONTROL (IOCTL_SERIAL_WAIT_ON_MASK);DOWN;;;"";;;COM3;;
5381;27/08/2026 13:43:04;IRP_MJ_DEVICE_CONTROL (IOCTL_SERIAL_WAIT_ON_MASK);UP;STATUS_SUCCESS;01 00 00 00 ;"....";4;;COM3;;
5382;27/08/2026 13:43:04;IRP_MJ_DEVICE_CONTROL (IOCTL_SERIAL_GET_COMMSTATUS);DOWN;;;"";;;COM3;;
5383;27/08/2026 13:43:04;IRP_MJ_DEVICE_CONTROL (IOCTL_SERIAL_GET_COMMSTATUS);UP;STATUS_SUCCESS;00 00 00 00 00 00 00 00 8b 00 00 00 00 00 00 00 00 00 00 00 ;"........ã...........";20;;COM3;;
5384;27/08/2026 13:43:04;IRP_MJ_DEVICE_CONTROL (IOCTL_SERIAL_WAIT_ON_MASK);DOWN;;;"";;;COM3;;
5385;27/08/2026 13:43:04;IRP_MJ_DEVICE_CONTROL (IOCTL_SERIAL_WAIT_ON_MASK);UP;STATUS_SUCCESS;01 00 00 00 ;"....";4;;COM3;;
5386;27/08/2026 13:43:04;IRP_MJ_DEVICE_CONTROL (IOCTL_SERIAL_GET_COMMSTATUS);DOWN;;;"";;;COM3;;
5387;27/08/2026 13:43:04;IRP_MJ_DEVICE_CONTROL (IOCTL_SERIAL_GET_COMMSTATUS);UP;STATUS_SUCCESS;00 00 00 00 00 00 00 00 8c 00 00 00 00 00 00 00 00 00 00 00 ;"........å...........";20;;COM3;;
5388;27/08/2026 13:43:04;IRP_MJ_DEVICE_CONTROL (IOCTL_SERIAL_WAIT_ON_MASK);DOWN;;;"";;;COM3;;
5389;27/08/2026 13:43:04;IRP_MJ_DEVICE_CONTROL (IOCTL_SERIAL_WAIT_ON_MASK);UP;STATUS_SUCCESS;01 00 00 00 ;"....";4;;COM3;;
5390;27/08/2026 13:43:04;IRP_MJ_DEVICE_CONTROL (IOCTL_SERIAL_GET_COMMSTATUS);DOWN;;;"";;;COM3;;
5391;27/08/2026 13:43:04;IRP_MJ_DEVICE_CONTROL (IOCTL_SERIAL_GET_COMMSTATUS);UP;STATUS_SUCCESS;00 00 00 00 00 00 00 00 8d 00 00 00 00 00 00 00 00 00 00 00 ;"........ç...........";20;;COM3;;
5392;27/08/2026 13:43:04;IRP_MJ_DEVICE_CONTROL (IOCTL_SERIAL_WAIT_ON_MASK);DOWN;;;"";;;COM3;;
5393;27/08/2026 13:43:04;IRP_MJ_DEVICE_CONTROL (IOCTL_SERIAL_WAIT_ON_MASK);UP;STATUS_SUCCESS;01 00 00 00 ;"....";4;;COM3;;
5394;27/08/2026 13:43:04;IRP_MJ_DEVICE_CONTROL (IOCTL_SERIAL_GET_COMMSTATUS);DOWN;;;"";;;COM3;;
5395;27/08/2026 13:43:04;IRP_MJ_DEVICE_CONTROL (IOCTL_SERIAL_GET_COMMSTATUS);UP;STATUS_SUCCESS;00 00 00 00 00 00 00 00 8e 00 00 00 00 00 00 00 00 00 00 00 ;"........é...........";20;;COM3;;
5396;27/08/2026 13:43:04;IRP_MJ_DEVICE_CONTROL (IOCTL_SERIAL_WAIT_ON_MASK);DOWN;;;"";;;COM3;;
5397;27/08/2026 13:43:04;IRP_MJ_DEVICE_CONTROL (IOCTL_SERIAL_WAIT_ON_MASK);UP;STATUS_SUCCESS;01 00 00 00 ;"....";4;;COM3;;
5398;27/08/2026 13:43:04;IRP_MJ_DEVICE_CONTROL (IOCTL_SERIAL_GET_COMMSTATUS);DOWN;;;"";;;COM3;;
5399;27/08/2026 13:43:04;IRP_MJ_DEVICE_CONTROL (IOCTL_SERIAL_GET_COMMSTATUS);UP;STATUS_SUCCESS;00 00 00 00 00 00 00 00 8f 00 00 00 00 00 00 00 00 00 00 00 ;"........è...........";20;;COM3;;
5400;27/08/2026 13:43:04;IRP_MJ_DEVICE_CONTROL (IOCTL_SERIAL_WAIT_ON_MASK);DOWN;;;"";;;COM3;;
5401;27/08/2026 13:43:04;IRP_MJ_DEVICE_CONTROL (IOCTL_SERIAL_WAIT_ON_MASK);UP;STATUS_SUCCESS;01 00 00 00 ;"....";4;;COM3;;
5402;27/08/2026 13:43:04;IRP_MJ_DEVICE_CONTROL (IOCTL_SERIAL_GET_COMMSTATUS);DOWN;;;"";;;COM3;;
5403;27/08/2026 13:43:04;IRP_MJ_DEVICE_CONTROL (IOCTL_SERIAL_GET_COMMSTATUS);UP;STATUS_SUCCESS;00 00 00 00 00 00 00 00 90 00 00 00 00 00 00 00 00 00 00 00 ;"........ê...........";20;;COM3;;
5404;27/08/2026 13:43:04;IRP_MJ_DEVICE_CONTROL (IOCTL_SERIAL_WAIT_ON_MASK);DOWN;;;"";;;COM3;;
5405;27/08/2026 13:43:04;IRP_MJ_DEVICE_CONTROL (IOCTL_SERIAL_GET_COMMSTATUS);DOWN;;;"";;;COM3;;
5406;27/08/2026 13:43:04;IRP_MJ_DEVICE_CONTROL (IOCTL_SERIAL_GET_COMMSTATUS);UP;STATUS_SUCCESS;00 00 00 00 00 00 00 00 90 00 00 00 00 00 00 00 00 00 00 00 ;"........ê...........";20;;COM3;;
5407;27/08/2026 13:43:04;IRP_MJ_DEVICE_CONTROL (IOCTL_SERIAL_WAIT_ON_MASK);UP;STATUS_SUCCESS;01 00 00 00 ;"....";4;;COM3;;
5408;27/08/2026 13:43:04;IRP_MJ_DEVICE_CONTROL (IOCTL_SERIAL_GET_COMMSTATUS);DOWN;;;"";;;COM3;;
5409;27/08/2026 13:43:04;IRP_MJ_DEVICE_CONTROL (IOCTL_SERIAL_GET_COMMSTATUS);UP;STATUS_SUCCESS;00 00 00 00 00 00 00 00 91 00 00 00 00 00 00 00 00 00 00 00 ;"........ë...........";20;;COM3;;
5410;27/08/2026 13:43:04;IRP_MJ_DEVICE_CONTROL (IOCTL_SERIAL_WAIT_ON_MASK);DOWN;;;"";;;COM3;;
5411;27/08/2026 13:43:04;IRP_MJ_DEVICE_CONTROL (IOCTL_SERIAL_WAIT_ON_MASK);UP;STATUS_SUCCESS;01 00 00 00 ;"....";4;;COM3;;
5412;27/08/2026 13:43:04;IRP_MJ_DEVICE_CONTROL (IOCTL_SERIAL_GET_COMMSTATUS);DOWN;;;"";;;COM3;;
5413;27/08/2026 13:43:04;IRP_MJ_DEVICE_CONTROL (IOCTL_SERIAL_GET_COMMSTATUS);UP;STATUS_SUCCESS;00 00 00 00 00 00 00 00 92 00 00 00 00 00 00 00 00 00 00 00 ;"........í...........";20;;COM3;;
5414;27/08/2026 13:43:04;IRP_MJ_DEVICE_CONTROL (IOCTL_SERIAL_WAIT_ON_MASK);DOWN;;;"";;;COM3;;
5415;27/08/2026 13:43:04;IRP_MJ_DEVICE_CONTROL (IOCTL_SERIAL_WAIT_ON_MASK);UP;STATUS_SUCCESS;01 00 00 00 ;"....";4;;COM3;;
5416;27/08/2026 13:43:04;IRP_MJ_DEVICE_CONTROL (IOCTL_SERIAL_GET_COMMSTATUS);DOWN;;;"";;;COM3;;
5417;27/08/2026 13:43:04;IRP_MJ_DEVICE_CONTROL (IOCTL_SERIAL_GET_COMMSTATUS);UP;STATUS_SUCCESS;00 00 00 00 00 00 00 00 93 00 00 00 00 00 00 00 00 00 00 00 ;"........ì...........";20;;COM3;;
5418;27/08/2026 13:43:04;IRP_MJ_DEVICE_CONTROL (IOCTL_SERIAL_WAIT_ON_MASK);DOWN;;;"";;;COM3;;
5419;27/08/2026 13:43:04;IRP_MJ_DEVICE_CONTROL (IOCTL_SERIAL_WAIT_ON_MASK);UP;STATUS_SUCCESS;01 00 00 00 ;"....";4;;COM3;;
5420;27/08/2026 13:43:04;IRP_MJ_DEVICE_CONTROL (IOCTL_SERIAL_GET_COMMSTATUS);DOWN;;;"";;;COM3;;
5421;27/08/2026 13:43:04;IRP_MJ_DEVICE_CONTROL (IOCTL_SERIAL_GET_COMMSTATUS);UP;STATUS_SUCCESS;00 00 00 00 00 00 00 00 94 00 00 00 00 00 00 00 00 00 00 00 ;"........î...........";20;;COM3;;
5422;27/08/2026 13:43:04;IRP_MJ_DEVICE_CONTROL (IOCTL_SERIAL_WAIT_ON_MASK);DOWN;;;"";;;COM3;;
5423;27/08/2026 13:43:04;IRP_MJ_DEVICE_CONTROL (IOCTL_SERIAL_WAIT_ON_MASK);UP;STATUS_SUCCESS;01 00 00 00 ;"....";4;;COM3;;
5424;27/08/2026 13:43:04;IRP_MJ_DEVICE_CONTROL (IOCTL_SERIAL_GET_COMMSTATUS);DOWN;;;"";;;COM3;;
5425;27/08/2026 13:43:04;IRP_MJ_DEVICE_CONTROL (IOCTL_SERIAL_GET_COMMSTATUS);UP;STATUS_SUCCESS;00 00 00 00 00 00 00 00 95 00 00 00 00 00 00 00 00 00 00 00 ;"........ï...........";20;;COM3;;
5426;27/08/2026 13:43:04;IRP_MJ_DEVICE_CONTROL (IOCTL_SERIAL_WAIT_ON_MASK);DOWN;;;"";;;COM3;;
5427;27/08/2026 13:43:04;IRP_MJ_DEVICE_CONTROL (IOCTL_SERIAL_WAIT_ON_MASK);UP;STATUS_SUCCESS;01 00 00 00 ;"....";4;;COM3;;
5428;27/08/2026 13:43:04;IRP_MJ_DEVICE_CONTROL (IOCTL_SERIAL_GET_COMMSTATUS);DOWN;;;"";;;COM3;;
5429;27/08/2026 13:43:04;IRP_MJ_DEVICE_CONTROL (IOCTL_SERIAL_GET_COMMSTATUS);UP;STATUS_SUCCESS;00 00 00 00 00 00 00 00 96 00 00 00 00 00 00 00 00 00 00 00 ;"........ñ...........";20;;COM3;;
5430;27/08/2026 13:43:04;IRP_MJ_DEVICE_CONTROL (IOCTL_SERIAL_WAIT_ON_MASK);DOWN;;;"";;;COM3;;
5431;27/08/2026 13:43:04;IRP_MJ_DEVICE_CONTROL (IOCTL_SERIAL_GET_COMMSTATUS);DOWN;;;"";;;COM3;;
5432;27/08/2026 13:43:04;IRP_MJ_DEVICE_CONTROL (IOCTL_SERIAL_GET_COMMSTATUS);UP;STATUS_SUCCESS;00 00 00 00 00 00 00 00 96 00 00 00 00 00 00 00 00 00 00 00 ;"........ñ...........";20;;COM3;;
5433;27/08/2026 13:43:04;IRP_MJ_DEVICE_CONTROL (IOCTL_SERIAL_WAIT_ON_MASK);UP;STATUS_SUCCESS;01 00 00 00 ;"....";4;;COM3;;
5434;27/08/2026 13:43:04;IRP_MJ_DEVICE_CONTROL (IOCTL_SERIAL_GET_COMMSTATUS);DOWN;;;"";;;COM3;;
5435;27/08/2026 13:43:04;IRP_MJ_DEVICE_CONTROL (IOCTL_SERIAL_GET_COMMSTATUS);UP;STATUS_SUCCESS;00 00 00 00 00 00 00 00 97 00 00 00 00 00 00 00 00 00 00 00 ;"........ó...........";20;;COM3;;
5436;27/08/2026 13:43:04;IRP_MJ_DEVICE_CONTROL (IOCTL_SERIAL_WAIT_ON_MASK);DOWN;;;"";;;COM3;;
5437;27/08/2026 13:43:04;IRP_MJ_DEVICE_CONTROL (IOCTL_SERIAL_WAIT_ON_MASK);UP;STATUS_SUCCESS;01 00 00 00 ;"....";4;;COM3;;
5438;27/08/2026 13:43:04;IRP_MJ_DEVICE_CONTROL (IOCTL_SERIAL_GET_COMMSTATUS);DOWN;;;"";;;COM3;;
5439;27/08/2026 13:43:04;IRP_MJ_DEVICE_CONTROL (IOCTL_SERIAL_GET_COMMSTATUS);UP;STATUS_SUCCESS;00 00 00 00 00 00 00 00 98 00 00 00 00 00 00 00 00 00 00 00 ;"........ò...........";20;;COM3;;
5440;27/08/2026 13:43:04;IRP_MJ_DEVICE_CONTROL (IOCTL_SERIAL_WAIT_ON_MASK);DOWN;;;"";;;COM3;;
5441;27/08/2026 13:43:04;IRP_MJ_DEVICE_CONTROL (IOCTL_SERIAL_WAIT_ON_MASK);UP;STATUS_SUCCESS;01 00 00 00 ;"....";4;;COM3;;
5442;27/08/2026 13:43:04;IRP_MJ_DEVICE_CONTROL (IOCTL_SERIAL_GET_COMMSTATUS);DOWN;;;"";;;COM3;;
5443;27/08/2026 13:43:04;IRP_MJ_DEVICE_CONTROL (IOCTL_SERIAL_GET_COMMSTATUS);UP;STATUS_SUCCESS;00 00 00 00 00 00 00 00 99 00 00 00 00 00 00 00 00 00 00 00 ;"........ô...........";20;;COM3;;
5444;27/08/2026 13:43:04;IRP_MJ_DEVICE_CONTROL (IOCTL_SERIAL_WAIT_ON_MASK);DOWN;;;"";;;COM3;;
5445;27/08/2026 13:43:04;IRP_MJ_DEVICE_CONTROL (IOCTL_SERIAL_WAIT_ON_MASK);UP;STATUS_SUCCESS;01 00 00 00 ;"....";4;;COM3;;
5446;27/08/2026 13:43:04;IRP_MJ_DEVICE_CONTROL (IOCTL_SERIAL_GET_COMMSTATUS);DOWN;;;"";;;COM3;;
5447;27/08/2026 13:43:04;IRP_MJ_DEVICE_CONTROL (IOCTL_SERIAL_GET_COMMSTATUS);UP;STATUS_SUCCESS;00 00 00 00 00 00 00 00 9a 00 00 00 00 00 00 00 00 00 00 00 ;"........ö...........";20;;COM3;;
5448;27/08/2026 13:43:04;IRP_MJ_DEVICE_CONTROL (IOCTL_SERIAL_WAIT_ON_MASK);DOWN;;;"";;;COM3;;
5449;27/08/2026 13:43:04;IRP_MJ_DEVICE_CONTROL (IOCTL_SERIAL_WAIT_ON_MASK);UP;STATUS_SUCCESS;01 00 00 00 ;"....";4;;COM3;;
5450;27/08/2026 13:43:04;IRP_MJ_DEVICE_CONTROL (IOCTL_SERIAL_GET_COMMSTATUS);DOWN;;;"";;;COM3;;
5451;27/08/2026 13:43:04;IRP_MJ_DEVICE_CONTROL (IOCTL_SERIAL_GET_COMMSTATUS);UP;STATUS_SUCCESS;00 00 00 00 00 00 00 00 9b 00 00 00 00 00 00 00 00 00 00 00 ;"........õ...........";20;;COM3;;
5452;27/08/2026 13:43:04;IRP_MJ_DEVICE_CONTROL (IOCTL_SERIAL_WAIT_ON_MASK);DOWN;;;"";;;COM3;;
5453;27/08/2026 13:43:04;IRP_MJ_DEVICE_CONTROL (IOCTL_SERIAL_WAIT_ON_MASK);UP;STATUS_SUCCESS;01 00 00 00 ;"....";4;;COM3;;
5454;27/08/2026 13:43:04;IRP_MJ_DEVICE_CONTROL (IOCTL_SERIAL_GET_COMMSTATUS);DOWN;;;"";;;COM3;;
5455;27/08/2026 13:43:04;IRP_MJ_DEVICE_CONTROL (IOCTL_SERIAL_GET_COMMSTATUS);UP;STATUS_SUCCESS;00 00 00 00 00 00 00 00 9c 00 00 00 00 00 00 00 00 00 00 00 ;"........ú...........";20;;COM3;;
5456;27/08/2026 13:43:04;IRP_MJ_DEVICE_CONTROL (IOCTL_SERIAL_WAIT_ON_MASK);DOWN;;;"";;;COM3;;
5457;27/08/2026 13:43:04;IRP_MJ_DEVICE_CONTROL (IOCTL_SERIAL_WAIT_ON_MASK);UP;STATUS_SUCCESS;01 00 00 00 ;"....";4;;COM3;;
5458;27/08/2026 13:43:04;IRP_MJ_DEVICE_CONTROL (IOCTL_SERIAL_GET_COMMSTATUS);DOWN;;;"";;;COM3;;
5459;27/08/2026 13:43:04;IRP_MJ_DEVICE_CONTROL (IOCTL_SERIAL_GET_COMMSTATUS);UP;STATUS_SUCCESS;00 00 00 00 00 00 00 00 9d 00 00 00 00 00 00 00 00 00 00 00 ;"........ù...........";20;;COM3;;
5460;27/08/2026 13:43:04;IRP_MJ_DEVICE_CONTROL (IOCTL_SERIAL_WAIT_ON_MASK);DOWN;;;"";;;COM3;;
5461;27/08/2026 13:43:04;IRP_MJ_DEVICE_CONTROL (IOCTL_SERIAL_GET_COMMSTATUS);DOWN;;;"";;;COM3;;
5462;27/08/2026 13:43:04;IRP_MJ_DEVICE_CONTROL (IOCTL_SERIAL_GET_COMMSTATUS);UP;STATUS_SUCCESS;00 00 00 00 00 00 00 00 9d 00 00 00 00 00 00 00 00 00 00 00 ;"........ù...........";20;;COM3;;
5463;27/08/2026 13:43:04;IRP_MJ_DEVICE_CONTROL (IOCTL_SERIAL_WAIT_ON_MASK);UP;STATUS_SUCCESS;01 00 00 00 ;"....";4;;COM3;;
5464;27/08/2026 13:43:04;IRP_MJ_DEVICE_CONTROL (IOCTL_SERIAL_GET_COMMSTATUS);DOWN;;;"";;;COM3;;
5465;27/08/2026 13:43:04;IRP_MJ_DEVICE_CONTROL (IOCTL_SERIAL_GET_COMMSTATUS);UP;STATUS_SUCCESS;00 00 00 00 00 00 00 00 9e 00 00 00 00 00 00 00 00 00 00 00 ;"........û...........";20;;COM3;;
5466;27/08/2026 13:43:04;IRP_MJ_DEVICE_CONTROL (IOCTL_SERIAL_WAIT_ON_MASK);DOWN;;;"";;;COM3;;
5467;27/08/2026 13:43:04;IRP_MJ_DEVICE_CONTROL (IOCTL_SERIAL_WAIT_ON_MASK);UP;STATUS_SUCCESS;01 00 00 00 ;"....";4;;COM3;;
5468;27/08/2026 13:43:04;IRP_MJ_DEVICE_CONTROL (IOCTL_SERIAL_GET_COMMSTATUS);DOWN;;;"";;;COM3;;
5469;27/08/2026 13:43:04;IRP_MJ_DEVICE_CONTROL (IOCTL_SERIAL_GET_COMMSTATUS);UP;STATUS_SUCCESS;00 00 00 00 00 00 00 00 9f 00 00 00 00 00 00 00 00 00 00 00 ;"........ü...........";20;;COM3;;
5470;27/08/2026 13:43:04;IRP_MJ_DEVICE_CONTROL (IOCTL_SERIAL_WAIT_ON_MASK);DOWN;;;"";;;COM3;;
5471;27/08/2026 13:43:04;IRP_MJ_DEVICE_CONTROL (IOCTL_SERIAL_WAIT_ON_MASK);UP;STATUS_SUCCESS;01 00 00 00 ;"....";4;;COM3;;
5472;27/08/2026 13:43:04;IRP_MJ_DEVICE_CONTROL (IOCTL_SERIAL_GET_COMMSTATUS);DOWN;;;"";;;COM3;;
5473;27/08/2026 13:43:04;IRP_MJ_DEVICE_CONTROL (IOCTL_SERIAL_GET_COMMSTATUS);UP;STATUS_SUCCESS;00 00 00 00 00 00 00 00 a0 00 00 00 00 00 00 00 00 00 00 00 ;"........†...........";20;;COM3;;
5474;27/08/2026 13:43:04;IRP_MJ_DEVICE_CONTROL (IOCTL_SERIAL_WAIT_ON_MASK);DOWN;;;"";;;COM3;;
5475;27/08/2026 13:43:04;IRP_MJ_DEVICE_CONTROL (IOCTL_SERIAL_WAIT_ON_MASK);UP;STATUS_SUCCESS;01 00 00 00 ;"....";4;;COM3;;
5476;27/08/2026 13:43:04;IRP_MJ_DEVICE_CONTROL (IOCTL_SERIAL_GET_COMMSTATUS);DOWN;;;"";;;COM3;;
5477;27/08/2026 13:43:04;IRP_MJ_DEVICE_CONTROL (IOCTL_SERIAL_GET_COMMSTATUS);UP;STATUS_SUCCESS;00 00 00 00 00 00 00 00 a1 00 00 00 00 00 00 00 00 00 00 00 ;"........°...........";20;;COM3;;
5478;27/08/2026 13:43:04;IRP_MJ_DEVICE_CONTROL (IOCTL_SERIAL_WAIT_ON_MASK);DOWN;;;"";;;COM3;;
5479;27/08/2026 13:43:04;IRP_MJ_DEVICE_CONTROL (IOCTL_SERIAL_WAIT_ON_MASK);UP;STATUS_SUCCESS;01 00 00 00 ;"....";4;;COM3;;
5480;27/08/2026 13:43:04;IRP_MJ_DEVICE_CONTROL (IOCTL_SERIAL_GET_COMMSTATUS);DOWN;;;"";;;COM3;;
5481;27/08/2026 13:43:04;IRP_MJ_DEVICE_CONTROL (IOCTL_SERIAL_GET_COMMSTATUS);UP;STATUS_SUCCESS;00 00 00 00 00 00 00 00 a2 00 00 00 00 00 00 00 00 00 00 00 ;"........¢...........";20;;COM3;;
5482;27/08/2026 13:43:04;IRP_MJ_DEVICE_CONTROL (IOCTL_SERIAL_WAIT_ON_MASK);DOWN;;;"";;;COM3;;
5483;27/08/2026 13:43:04;IRP_MJ_DEVICE_CONTROL (IOCTL_SERIAL_WAIT_ON_MASK);UP;STATUS_SUCCESS;01 00 00 00 ;"....";4;;COM3;;
5484;27/08/2026 13:43:04;IRP_MJ_DEVICE_CONTROL (IOCTL_SERIAL_GET_COMMSTATUS);DOWN;;;"";;;COM3;;
5485;27/08/2026 13:43:04;IRP_MJ_DEVICE_CONTROL (IOCTL_SERIAL_GET_COMMSTATUS);UP;STATUS_SUCCESS;00 00 00 00 00 00 00 00 a3 00 00 00 00 00 00 00 00 00 00 00 ;"........£...........";20;;COM3;;
5486;27/08/2026 13:43:04;IRP_MJ_DEVICE_CONTROL (IOCTL_SERIAL_WAIT_ON_MASK);DOWN;;;"";;;COM3;;
5487;27/08/2026 13:43:04;IRP_MJ_DEVICE_CONTROL (IOCTL_SERIAL_GET_COMMSTATUS);DOWN;;;"";;;COM3;;
5488;27/08/2026 13:43:04;IRP_MJ_DEVICE_CONTROL (IOCTL_SERIAL_GET_COMMSTATUS);UP;STATUS_SUCCESS;00 00 00 00 00 00 00 00 a3 00 00 00 00 00 00 00 00 00 00 00 ;"........£...........";20;;COM3;;
5489;27/08/2026 13:43:04;IRP_MJ_DEVICE_CONTROL (IOCTL_SERIAL_GET_COMMSTATUS);DOWN;;;"";;;COM3;;
5490;27/08/2026 13:43:04;IRP_MJ_DEVICE_CONTROL (IOCTL_SERIAL_GET_COMMSTATUS);UP;STATUS_SUCCESS;00 00 00 00 00 00 00 00 a3 00 00 00 00 00 00 00 00 00 00 00 ;"........£...........";20;;COM3;;
5491;27/08/2026 13:43:04;IRP_MJ_READ;DOWN;;;"";;163;COM3;;
5492;27/08/2026 13:43:04;IRP_MJ_READ;UP;STATUS_SUCCESS;04 03 9e 00 02 00 e6 05 dc 00 00 00 7e 08 fc 00 00 12 17 00 04 00 00 00 00 00 00 00 00 00 00 00 00 00 00 00 5e 00 00 00 00 00 00 00 5e 00 00 00 5d 00 00 13 88 00 00 00 00 00 00 00 00 00 00 00 00 00 00 00 3c 00 00 00 4c 00 00 00 01 00 00 00 01 00 00 00 01 00 00 00 00 00 00 00 00 00 00 00 00 00 0e 00 00 00 00 00 00 00 00 00 00 00 9c 00 00 00 0e 00 00 00 00 00 00 00 00 00 00 00 00 00 00 00 00 00 00 00 00 00 00 00 00 ff ff ff ff 27 75 13 29 00 14 00 01 00 0c 00 00 05 dc 28 ae 00 a6 30 54 ;"..û...Ê.‹...~.¸.....................^.......^...]...à...............<...L.....................................ú............................ˇˇˇˇ'u.).........‹(Æ.¶0T";163;;COM3;;
5493;27/08/2026 13:43:05;IRP_MJ_WRITE;DOWN;;04 03 3b 61 00 15 d8 aa ;"..;a..ÿ™";8;8;COM3;;
5494;27/08/2026 13:43:05;IRP_MJ_WRITE;UP;STATUS_SUCCESS;04 03 3b 61 00 15 d8 aa ;"..;a..ÿ™";8;;COM3;;
5495;27/08/2026 13:43:05;IRP_MJ_DEVICE_CONTROL (IOCTL_SERIAL_GET_COMMSTATUS);DOWN;;;"";;;COM3;;
5496;27/08/2026 13:43:05;IRP_MJ_DEVICE_CONTROL (IOCTL_SERIAL_GET_COMMSTATUS);UP;STATUS_SUCCESS;00 00 00 00 00 00 00 00 00 00 00 00 00 00 00 00 00 00 00 00 ;"....................";20;;COM3;;
5497;27/08/2026 13:43:05;IRP_MJ_DEVICE_CONTROL (IOCTL_SERIAL_GET_COMMSTATUS);DOWN;;;"";;;COM3;;
5498;27/08/2026 13:43:05;IRP_MJ_DEVICE_CONTROL (IOCTL_SERIAL_GET_COMMSTATUS);UP;STATUS_SUCCESS;00 00 00 00 00 00 00 00 00 00 00 00 00 00 00 00 00 00 00 00 ;"....................";20;;COM3;;
5499;27/08/2026 13:43:05;IRP_MJ_DEVICE_CONTROL (IOCTL_SERIAL_GET_COMMSTATUS);DOWN;;;"";;;COM3;;
5500;27/08/2026 13:43:05;IRP_MJ_DEVICE_CONTROL (IOCTL_SERIAL_GET_COMMSTATUS);UP;STATUS_SUCCESS;00 00 00 00 00 00 00 00 00 00 00 00 00 00 00 00 00 00 00 00 ;"....................";20;;COM3;;
5501;27/08/2026 13:43:05;IRP_MJ_DEVICE_CONTROL (IOCTL_SERIAL_GET_COMMSTATUS);DOWN;;;"";;;COM3;;
5502;27/08/2026 13:43:05;IRP_MJ_DEVICE_CONTROL (IOCTL_SERIAL_GET_COMMSTATUS);UP;STATUS_SUCCESS;00 00 00 00 00 00 00 00 00 00 00 00 00 00 00 00 00 00 00 00 ;"....................";20;;COM3;;
5503;27/08/2026 13:43:05;IRP_MJ_DEVICE_CONTROL (IOCTL_SERIAL_GET_COMMSTATUS);DOWN;;;"";;;COM3;;
5504;27/08/2026 13:43:05;IRP_MJ_DEVICE_CONTROL (IOCTL_SERIAL_GET_COMMSTATUS);UP;STATUS_SUCCESS;00 00 00 00 00 00 00 00 00 00 00 00 00 00 00 00 00 00 00 00 ;"....................";20;;COM3;;
5505;27/08/2026 13:43:05;IRP_MJ_DEVICE_CONTROL (IOCTL_SERIAL_GET_COMMSTATUS);DOWN;;;"";;;COM3;;
5506;27/08/2026 13:43:05;IRP_MJ_DEVICE_CONTROL (IOCTL_SERIAL_GET_COMMSTATUS);UP;STATUS_SUCCESS;00 00 00 00 00 00 00 00 00 00 00 00 00 00 00 00 00 00 00 00 ;"....................";20;;COM3;;
5507;27/08/2026 13:43:05;IRP_MJ_DEVICE_CONTROL (IOCTL_SERIAL_GET_COMMSTATUS);DOWN;;;"";;;COM3;;
5508;27/08/2026 13:43:05;IRP_MJ_DEVICE_CONTROL (IOCTL_SERIAL_GET_COMMSTATUS);UP;STATUS_SUCCESS;00 00 00 00 00 00 00 00 00 00 00 00 00 00 00 00 00 00 00 00 ;"....................";20;;COM3;;
5509;27/08/2026 13:43:05;IRP_MJ_DEVICE_CONTROL (IOCTL_SERIAL_GET_COMMSTATUS);DOWN;;;"";;;COM3;;
5510;27/08/2026 13:43:05;IRP_MJ_DEVICE_CONTROL (IOCTL_SERIAL_GET_COMMSTATUS);UP;STATUS_SUCCESS;00 00 00 00 00 00 00 00 00 00 00 00 00 00 00 00 00 00 00 00 ;"....................";20;;COM3;;
5511;27/08/2026 13:43:05;IRP_MJ_DEVICE_CONTROL (IOCTL_SERIAL_GET_COMMSTATUS);DOWN;;;"";;;COM3;;
5512;27/08/2026 13:43:05;IRP_MJ_DEVICE_CONTROL (IOCTL_SERIAL_GET_COMMSTATUS);UP;STATUS_SUCCESS;00 00 00 00 00 00 00 00 00 00 00 00 00 00 00 00 00 00 00 00 ;"....................";20;;COM3;;
5513;27/08/2026 13:43:05;IRP_MJ_DEVICE_CONTROL (IOCTL_SERIAL_GET_COMMSTATUS);DOWN;;;"";;;COM3;;
5514;27/08/2026 13:43:05;IRP_MJ_DEVICE_CONTROL (IOCTL_SERIAL_GET_COMMSTATUS);UP;STATUS_SUCCESS;00 00 00 00 00 00 00 00 00 00 00 00 00 00 00 00 00 00 00 00 ;"....................";20;;COM3;;
5515;27/08/2026 13:43:05;IRP_MJ_DEVICE_CONTROL (IOCTL_SERIAL_GET_COMMSTATUS);DOWN;;;"";;;COM3;;
5516;27/08/2026 13:43:05;IRP_MJ_DEVICE_CONTROL (IOCTL_SERIAL_GET_COMMSTATUS);UP;STATUS_SUCCESS;00 00 00 00 00 00 00 00 00 00 00 00 00 00 00 00 00 00 00 00 ;"....................";20;;COM3;;
5517;27/08/2026 13:43:05;IRP_MJ_DEVICE_CONTROL (IOCTL_SERIAL_GET_COMMSTATUS);DOWN;;;"";;;COM3;;
5518;27/08/2026 13:43:05;IRP_MJ_DEVICE_CONTROL (IOCTL_SERIAL_GET_COMMSTATUS);UP;STATUS_SUCCESS;00 00 00 00 00 00 00 00 00 00 00 00 00 00 00 00 00 00 00 00 ;"....................";20;;COM3;;
5519;27/08/2026 13:43:05;IRP_MJ_DEVICE_CONTROL (IOCTL_SERIAL_WAIT_ON_MASK);UP;STATUS_SUCCESS;01 00 00 00 ;"....";4;;COM3;;
5520;27/08/2026 13:43:05;IRP_MJ_DEVICE_CONTROL (IOCTL_SERIAL_GET_COMMSTATUS);DOWN;;;"";;;COM3;;
5521;27/08/2026 13:43:05;IRP_MJ_DEVICE_CONTROL (IOCTL_SERIAL_GET_COMMSTATUS);UP;STATUS_SUCCESS;00 00 00 00 00 00 00 00 01 00 00 00 00 00 00 00 00 00 00 00 ;"....................";20;;COM3;;
5522;27/08/2026 13:43:05;IRP_MJ_DEVICE_CONTROL (IOCTL_SERIAL_WAIT_ON_MASK);DOWN;;;"";;;COM3;;
5523;27/08/2026 13:43:05;IRP_MJ_DEVICE_CONTROL (IOCTL_SERIAL_WAIT_ON_MASK);UP;STATUS_SUCCESS;01 00 00 00 ;"....";4;;COM3;;
5524;27/08/2026 13:43:05;IRP_MJ_DEVICE_CONTROL (IOCTL_SERIAL_GET_COMMSTATUS);DOWN;;;"";;;COM3;;
5525;27/08/2026 13:43:05;IRP_MJ_DEVICE_CONTROL (IOCTL_SERIAL_GET_COMMSTATUS);UP;STATUS_SUCCESS;00 00 00 00 00 00 00 00 02 00 00 00 00 00 00 00 00 00 00 00 ;"....................";20;;COM3;;
5526;27/08/2026 13:43:05;IRP_MJ_DEVICE_CONTROL (IOCTL_SERIAL_WAIT_ON_MASK);DOWN;;;"";;;COM3;;
5527;27/08/2026 13:43:05;IRP_MJ_DEVICE_CONTROL (IOCTL_SERIAL_WAIT_ON_MASK);UP;STATUS_SUCCESS;01 00 00 00 ;"....";4;;COM3;;
5528;27/08/2026 13:43:05;IRP_MJ_DEVICE_CONTROL (IOCTL_SERIAL_GET_COMMSTATUS);DOWN;;;"";;;COM3;;
5529;27/08/2026 13:43:05;IRP_MJ_DEVICE_CONTROL (IOCTL_SERIAL_GET_COMMSTATUS);UP;STATUS_SUCCESS;00 00 00 00 00 00 00 00 03 00 00 00 00 00 00 00 00 00 00 00 ;"....................";20;;COM3;;
5530;27/08/2026 13:43:05;IRP_MJ_DEVICE_CONTROL (IOCTL_SERIAL_WAIT_ON_MASK);DOWN;;;"";;;COM3;;
5531;27/08/2026 13:43:05;IRP_MJ_DEVICE_CONTROL (IOCTL_SERIAL_GET_COMMSTATUS);DOWN;;;"";;;COM3;;
5532;27/08/2026 13:43:05;IRP_MJ_DEVICE_CONTROL (IOCTL_SERIAL_GET_COMMSTATUS);UP;STATUS_SUCCESS;00 00 00 00 00 00 00 00 03 00 00 00 00 00 00 00 00 00 00 00 ;"....................";20;;COM3;;
5533;27/08/2026 13:43:05;IRP_MJ_DEVICE_CONTROL (IOCTL_SERIAL_WAIT_ON_MASK);UP;STATUS_SUCCESS;01 00 00 00 ;"....";4;;COM3;;
5534;27/08/2026 13:43:05;IRP_MJ_DEVICE_CONTROL (IOCTL_SERIAL_GET_COMMSTATUS);DOWN;;;"";;;COM3;;
5535;27/08/2026 13:43:05;IRP_MJ_DEVICE_CONTROL (IOCTL_SERIAL_GET_COMMSTATUS);UP;STATUS_SUCCESS;00 00 00 00 00 00 00 00 04 00 00 00 00 00 00 00 00 00 00 00 ;"....................";20;;COM3;;
5536;27/08/2026 13:43:05;IRP_MJ_DEVICE_CONTROL (IOCTL_SERIAL_WAIT_ON_MASK);DOWN;;;"";;;COM3;;
5537;27/08/2026 13:43:05;IRP_MJ_DEVICE_CONTROL (IOCTL_SERIAL_WAIT_ON_MASK);UP;STATUS_SUCCESS;01 00 00 00 ;"....";4;;COM3;;
5538;27/08/2026 13:43:05;IRP_MJ_DEVICE_CONTROL (IOCTL_SERIAL_GET_COMMSTATUS);DOWN;;;"";;;COM3;;
5539;27/08/2026 13:43:05;IRP_MJ_DEVICE_CONTROL (IOCTL_SERIAL_GET_COMMSTATUS);UP;STATUS_SUCCESS;00 00 00 00 00 00 00 00 05 00 00 00 00 00 00 00 00 00 00 00 ;"....................";20;;COM3;;
5540;27/08/2026 13:43:05;IRP_MJ_DEVICE_CONTROL (IOCTL_SERIAL_WAIT_ON_MASK);DOWN;;;"";;;COM3;;
5541;27/08/2026 13:43:05;IRP_MJ_DEVICE_CONTROL (IOCTL_SERIAL_WAIT_ON_MASK);UP;STATUS_SUCCESS;01 00 00 00 ;"....";4;;COM3;;
5542;27/08/2026 13:43:05;IRP_MJ_DEVICE_CONTROL (IOCTL_SERIAL_GET_COMMSTATUS);DOWN;;;"";;;COM3;;
5543;27/08/2026 13:43:05;IRP_MJ_DEVICE_CONTROL (IOCTL_SERIAL_GET_COMMSTATUS);UP;STATUS_SUCCESS;00 00 00 00 00 00 00 00 06 00 00 00 00 00 00 00 00 00 00 00 ;"....................";20;;COM3;;
5544;27/08/2026 13:43:05;IRP_MJ_DEVICE_CONTROL (IOCTL_SERIAL_WAIT_ON_MASK);DOWN;;;"";;;COM3;;
5545;27/08/2026 13:43:05;IRP_MJ_DEVICE_CONTROL (IOCTL_SERIAL_WAIT_ON_MASK);UP;STATUS_SUCCESS;01 00 00 00 ;"....";4;;COM3;;
5546;27/08/2026 13:43:05;IRP_MJ_DEVICE_CONTROL (IOCTL_SERIAL_GET_COMMSTATUS);DOWN;;;"";;;COM3;;
5547;27/08/2026 13:43:05;IRP_MJ_DEVICE_CONTROL (IOCTL_SERIAL_GET_COMMSTATUS);UP;STATUS_SUCCESS;00 00 00 00 00 00 00 00 07 00 00 00 00 00 00 00 00 00 00 00 ;"....................";20;;COM3;;
5548;27/08/2026 13:43:05;IRP_MJ_DEVICE_CONTROL (IOCTL_SERIAL_WAIT_ON_MASK);DOWN;;;"";;;COM3;;
5549;27/08/2026 13:43:05;IRP_MJ_DEVICE_CONTROL (IOCTL_SERIAL_WAIT_ON_MASK);UP;STATUS_SUCCESS;01 00 00 00 ;"....";4;;COM3;;
5550;27/08/2026 13:43:05;IRP_MJ_DEVICE_CONTROL (IOCTL_SERIAL_GET_COMMSTATUS);DOWN;;;"";;;COM3;;
5551;27/08/2026 13:43:05;IRP_MJ_DEVICE_CONTROL (IOCTL_SERIAL_GET_COMMSTATUS);UP;STATUS_SUCCESS;00 00 00 00 00 00 00 00 08 00 00 00 00 00 00 00 00 00 00 00 ;"....................";20;;COM3;;
5552;27/08/2026 13:43:05;IRP_MJ_DEVICE_CONTROL (IOCTL_SERIAL_WAIT_ON_MASK);DOWN;;;"";;;COM3;;
5553;27/08/2026 13:43:05;IRP_MJ_DEVICE_CONTROL (IOCTL_SERIAL_WAIT_ON_MASK);UP;STATUS_SUCCESS;01 00 00 00 ;"....";4;;COM3;;
5554;27/08/2026 13:43:05;IRP_MJ_DEVICE_CONTROL (IOCTL_SERIAL_GET_COMMSTATUS);DOWN;;;"";;;COM3;;
5555;27/08/2026 13:43:05;IRP_MJ_DEVICE_CONTROL (IOCTL_SERIAL_GET_COMMSTATUS);UP;STATUS_SUCCESS;00 00 00 00 00 00 00 00 09 00 00 00 00 00 00 00 00 00 00 00 ;"....................";20;;COM3;;
5556;27/08/2026 13:43:05;IRP_MJ_DEVICE_CONTROL (IOCTL_SERIAL_WAIT_ON_MASK);DOWN;;;"";;;COM3;;
5557;27/08/2026 13:43:05;IRP_MJ_DEVICE_CONTROL (IOCTL_SERIAL_GET_COMMSTATUS);DOWN;;;"";;;COM3;;
5558;27/08/2026 13:43:05;IRP_MJ_DEVICE_CONTROL (IOCTL_SERIAL_GET_COMMSTATUS);UP;STATUS_SUCCESS;00 00 00 00 00 00 00 00 09 00 00 00 00 00 00 00 00 00 00 00 ;"....................";20;;COM3;;
5559;27/08/2026 13:43:05;IRP_MJ_DEVICE_CONTROL (IOCTL_SERIAL_WAIT_ON_MASK);UP;STATUS_SUCCESS;01 00 00 00 ;"....";4;;COM3;;
5560;27/08/2026 13:43:05;IRP_MJ_DEVICE_CONTROL (IOCTL_SERIAL_GET_COMMSTATUS);DOWN;;;"";;;COM3;;
5561;27/08/2026 13:43:05;IRP_MJ_DEVICE_CONTROL (IOCTL_SERIAL_GET_COMMSTATUS);UP;STATUS_SUCCESS;00 00 00 00 00 00 00 00 0a 00 00 00 00 00 00 00 00 00 00 00 ;"....................";20;;COM3;;
5562;27/08/2026 13:43:05;IRP_MJ_DEVICE_CONTROL (IOCTL_SERIAL_WAIT_ON_MASK);DOWN;;;"";;;COM3;;
5563;27/08/2026 13:43:05;IRP_MJ_DEVICE_CONTROL (IOCTL_SERIAL_WAIT_ON_MASK);UP;STATUS_SUCCESS;01 00 00 00 ;"....";4;;COM3;;
5564;27/08/2026 13:43:05;IRP_MJ_DEVICE_CONTROL (IOCTL_SERIAL_GET_COMMSTATUS);DOWN;;;"";;;COM3;;
5565;27/08/2026 13:43:05;IRP_MJ_DEVICE_CONTROL (IOCTL_SERIAL_GET_COMMSTATUS);UP;STATUS_SUCCESS;00 00 00 00 00 00 00 00 0b 00 00 00 00 00 00 00 00 00 00 00 ;"....................";20;;COM3;;
5566;27/08/2026 13:43:05;IRP_MJ_DEVICE_CONTROL (IOCTL_SERIAL_WAIT_ON_MASK);DOWN;;;"";;;COM3;;
5567;27/08/2026 13:43:05;IRP_MJ_DEVICE_CONTROL (IOCTL_SERIAL_WAIT_ON_MASK);UP;STATUS_SUCCESS;01 00 00 00 ;"....";4;;COM3;;
5568;27/08/2026 13:43:05;IRP_MJ_DEVICE_CONTROL (IOCTL_SERIAL_GET_COMMSTATUS);DOWN;;;"";;;COM3;;
5569;27/08/2026 13:43:05;IRP_MJ_DEVICE_CONTROL (IOCTL_SERIAL_GET_COMMSTATUS);UP;STATUS_SUCCESS;00 00 00 00 00 00 00 00 0c 00 00 00 00 00 00 00 00 00 00 00 ;"....................";20;;COM3;;
5570;27/08/2026 13:43:05;IRP_MJ_DEVICE_CONTROL (IOCTL_SERIAL_WAIT_ON_MASK);DOWN;;;"";;;COM3;;
5571;27/08/2026 13:43:05;IRP_MJ_DEVICE_CONTROL (IOCTL_SERIAL_WAIT_ON_MASK);UP;STATUS_SUCCESS;01 00 00 00 ;"....";4;;COM3;;
5572;27/08/2026 13:43:05;IRP_MJ_DEVICE_CONTROL (IOCTL_SERIAL_GET_COMMSTATUS);DOWN;;;"";;;COM3;;
5573;27/08/2026 13:43:05;IRP_MJ_DEVICE_CONTROL (IOCTL_SERIAL_GET_COMMSTATUS);UP;STATUS_SUCCESS;00 00 00 00 00 00 00 00 0d 00 00 00 00 00 00 00 00 00 00 00 ;"....................";20;;COM3;;
5574;27/08/2026 13:43:05;IRP_MJ_DEVICE_CONTROL (IOCTL_SERIAL_WAIT_ON_MASK);DOWN;;;"";;;COM3;;
5575;27/08/2026 13:43:05;IRP_MJ_DEVICE_CONTROL (IOCTL_SERIAL_WAIT_ON_MASK);UP;STATUS_SUCCESS;01 00 00 00 ;"....";4;;COM3;;
5576;27/08/2026 13:43:05;IRP_MJ_DEVICE_CONTROL (IOCTL_SERIAL_GET_COMMSTATUS);DOWN;;;"";;;COM3;;
5577;27/08/2026 13:43:05;IRP_MJ_DEVICE_CONTROL (IOCTL_SERIAL_GET_COMMSTATUS);UP;STATUS_SUCCESS;00 00 00 00 00 00 00 00 0e 00 00 00 00 00 00 00 00 00 00 00 ;"....................";20;;COM3;;
5578;27/08/2026 13:43:05;IRP_MJ_DEVICE_CONTROL (IOCTL_SERIAL_WAIT_ON_MASK);DOWN;;;"";;;COM3;;
5579;27/08/2026 13:43:05;IRP_MJ_DEVICE_CONTROL (IOCTL_SERIAL_WAIT_ON_MASK);UP;STATUS_SUCCESS;01 00 00 00 ;"....";4;;COM3;;
5580;27/08/2026 13:43:05;IRP_MJ_DEVICE_CONTROL (IOCTL_SERIAL_GET_COMMSTATUS);DOWN;;;"";;;COM3;;
5581;27/08/2026 13:43:05;IRP_MJ_DEVICE_CONTROL (IOCTL_SERIAL_GET_COMMSTATUS);UP;STATUS_SUCCESS;00 00 00 00 00 00 00 00 0f 00 00 00 00 00 00 00 00 00 00 00 ;"....................";20;;COM3;;
5582;27/08/2026 13:43:05;IRP_MJ_DEVICE_CONTROL (IOCTL_SERIAL_WAIT_ON_MASK);DOWN;;;"";;;COM3;;
5583;27/08/2026 13:43:05;IRP_MJ_DEVICE_CONTROL (IOCTL_SERIAL_GET_COMMSTATUS);DOWN;;;"";;;COM3;;
5584;27/08/2026 13:43:05;IRP_MJ_DEVICE_CONTROL (IOCTL_SERIAL_GET_COMMSTATUS);UP;STATUS_SUCCESS;00 00 00 00 00 00 00 00 0f 00 00 00 00 00 00 00 00 00 00 00 ;"....................";20;;COM3;;
5585;27/08/2026 13:43:05;IRP_MJ_DEVICE_CONTROL (IOCTL_SERIAL_WAIT_ON_MASK);UP;STATUS_SUCCESS;01 00 00 00 ;"....";4;;COM3;;
5586;27/08/2026 13:43:05;IRP_MJ_DEVICE_CONTROL (IOCTL_SERIAL_GET_COMMSTATUS);DOWN;;;"";;;COM3;;
5587;27/08/2026 13:43:05;IRP_MJ_DEVICE_CONTROL (IOCTL_SERIAL_GET_COMMSTATUS);UP;STATUS_SUCCESS;00 00 00 00 00 00 00 00 10 00 00 00 00 00 00 00 00 00 00 00 ;"....................";20;;COM3;;
5588;27/08/2026 13:43:05;IRP_MJ_DEVICE_CONTROL (IOCTL_SERIAL_WAIT_ON_MASK);DOWN;;;"";;;COM3;;
5589;27/08/2026 13:43:05;IRP_MJ_DEVICE_CONTROL (IOCTL_SERIAL_WAIT_ON_MASK);UP;STATUS_SUCCESS;01 00 00 00 ;"....";4;;COM3;;
5590;27/08/2026 13:43:05;IRP_MJ_DEVICE_CONTROL (IOCTL_SERIAL_GET_COMMSTATUS);DOWN;;;"";;;COM3;;
5591;27/08/2026 13:43:05;IRP_MJ_DEVICE_CONTROL (IOCTL_SERIAL_GET_COMMSTATUS);UP;STATUS_SUCCESS;00 00 00 00 00 00 00 00 11 00 00 00 00 00 00 00 00 00 00 00 ;"....................";20;;COM3;;
5592;27/08/2026 13:43:05;IRP_MJ_DEVICE_CONTROL (IOCTL_SERIAL_WAIT_ON_MASK);DOWN;;;"";;;COM3;;
5593;27/08/2026 13:43:05;IRP_MJ_DEVICE_CONTROL (IOCTL_SERIAL_WAIT_ON_MASK);UP;STATUS_SUCCESS;01 00 00 00 ;"....";4;;COM3;;
5594;27/08/2026 13:43:05;IRP_MJ_DEVICE_CONTROL (IOCTL_SERIAL_GET_COMMSTATUS);DOWN;;;"";;;COM3;;
5595;27/08/2026 13:43:05;IRP_MJ_DEVICE_CONTROL (IOCTL_SERIAL_GET_COMMSTATUS);UP;STATUS_SUCCESS;00 00 00 00 00 00 00 00 12 00 00 00 00 00 00 00 00 00 00 00 ;"....................";20;;COM3;;
5596;27/08/2026 13:43:05;IRP_MJ_DEVICE_CONTROL (IOCTL_SERIAL_WAIT_ON_MASK);DOWN;;;"";;;COM3;;
5597;27/08/2026 13:43:05;IRP_MJ_DEVICE_CONTROL (IOCTL_SERIAL_WAIT_ON_MASK);UP;STATUS_SUCCESS;01 00 00 00 ;"....";4;;COM3;;
5598;27/08/2026 13:43:05;IRP_MJ_DEVICE_CONTROL (IOCTL_SERIAL_GET_COMMSTATUS);DOWN;;;"";;;COM3;;
5599;27/08/2026 13:43:05;IRP_MJ_DEVICE_CONTROL (IOCTL_SERIAL_GET_COMMSTATUS);UP;STATUS_SUCCESS;00 00 00 00 00 00 00 00 13 00 00 00 00 00 00 00 00 00 00 00 ;"....................";20;;COM3;;
5600;27/08/2026 13:43:05;IRP_MJ_DEVICE_CONTROL (IOCTL_SERIAL_WAIT_ON_MASK);DOWN;;;"";;;COM3;;
5601;27/08/2026 13:43:05;IRP_MJ_DEVICE_CONTROL (IOCTL_SERIAL_WAIT_ON_MASK);UP;STATUS_SUCCESS;01 00 00 00 ;"....";4;;COM3;;
5602;27/08/2026 13:43:05;IRP_MJ_DEVICE_CONTROL (IOCTL_SERIAL_GET_COMMSTATUS);DOWN;;;"";;;COM3;;
5603;27/08/2026 13:43:05;IRP_MJ_DEVICE_CONTROL (IOCTL_SERIAL_GET_COMMSTATUS);UP;STATUS_SUCCESS;00 00 00 00 00 00 00 00 14 00 00 00 00 00 00 00 00 00 00 00 ;"....................";20;;COM3;;
5604;27/08/2026 13:43:05;IRP_MJ_DEVICE_CONTROL (IOCTL_SERIAL_WAIT_ON_MASK);DOWN;;;"";;;COM3;;
5605;27/08/2026 13:43:05;IRP_MJ_DEVICE_CONTROL (IOCTL_SERIAL_WAIT_ON_MASK);UP;STATUS_SUCCESS;01 00 00 00 ;"....";4;;COM3;;
5606;27/08/2026 13:43:05;IRP_MJ_DEVICE_CONTROL (IOCTL_SERIAL_GET_COMMSTATUS);DOWN;;;"";;;COM3;;
5607;27/08/2026 13:43:05;IRP_MJ_DEVICE_CONTROL (IOCTL_SERIAL_GET_COMMSTATUS);UP;STATUS_SUCCESS;00 00 00 00 00 00 00 00 15 00 00 00 00 00 00 00 00 00 00 00 ;"....................";20;;COM3;;
5608;27/08/2026 13:43:05;IRP_MJ_DEVICE_CONTROL (IOCTL_SERIAL_WAIT_ON_MASK);DOWN;;;"";;;COM3;;
5609;27/08/2026 13:43:05;IRP_MJ_DEVICE_CONTROL (IOCTL_SERIAL_WAIT_ON_MASK);UP;STATUS_SUCCESS;01 00 00 00 ;"....";4;;COM3;;
5610;27/08/2026 13:43:05;IRP_MJ_DEVICE_CONTROL (IOCTL_SERIAL_GET_COMMSTATUS);DOWN;;;"";;;COM3;;
5611;27/08/2026 13:43:05;IRP_MJ_DEVICE_CONTROL (IOCTL_SERIAL_GET_COMMSTATUS);UP;STATUS_SUCCESS;00 00 00 00 00 00 00 00 16 00 00 00 00 00 00 00 00 00 00 00 ;"....................";20;;COM3;;
5612;27/08/2026 13:43:05;IRP_MJ_DEVICE_CONTROL (IOCTL_SERIAL_WAIT_ON_MASK);DOWN;;;"";;;COM3;;
5613;27/08/2026 13:43:05;IRP_MJ_DEVICE_CONTROL (IOCTL_SERIAL_GET_COMMSTATUS);DOWN;;;"";;;COM3;;
5614;27/08/2026 13:43:05;IRP_MJ_DEVICE_CONTROL (IOCTL_SERIAL_GET_COMMSTATUS);UP;STATUS_SUCCESS;00 00 00 00 00 00 00 00 16 00 00 00 00 00 00 00 00 00 00 00 ;"....................";20;;COM3;;
5615;27/08/2026 13:43:05;IRP_MJ_DEVICE_CONTROL (IOCTL_SERIAL_WAIT_ON_MASK);UP;STATUS_SUCCESS;01 00 00 00 ;"....";4;;COM3;;
5616;27/08/2026 13:43:05;IRP_MJ_DEVICE_CONTROL (IOCTL_SERIAL_GET_COMMSTATUS);DOWN;;;"";;;COM3;;
5617;27/08/2026 13:43:05;IRP_MJ_DEVICE_CONTROL (IOCTL_SERIAL_GET_COMMSTATUS);UP;STATUS_SUCCESS;00 00 00 00 00 00 00 00 17 00 00 00 00 00 00 00 00 00 00 00 ;"....................";20;;COM3;;
5618;27/08/2026 13:43:05;IRP_MJ_DEVICE_CONTROL (IOCTL_SERIAL_WAIT_ON_MASK);DOWN;;;"";;;COM3;;
5619;27/08/2026 13:43:05;IRP_MJ_DEVICE_CONTROL (IOCTL_SERIAL_WAIT_ON_MASK);UP;STATUS_SUCCESS;01 00 00 00 ;"....";4;;COM3;;
5620;27/08/2026 13:43:05;IRP_MJ_DEVICE_CONTROL (IOCTL_SERIAL_GET_COMMSTATUS);DOWN;;;"";;;COM3;;
5621;27/08/2026 13:43:05;IRP_MJ_DEVICE_CONTROL (IOCTL_SERIAL_GET_COMMSTATUS);UP;STATUS_SUCCESS;00 00 00 00 00 00 00 00 18 00 00 00 00 00 00 00 00 00 00 00 ;"....................";20;;COM3;;
5622;27/08/2026 13:43:05;IRP_MJ_DEVICE_CONTROL (IOCTL_SERIAL_WAIT_ON_MASK);DOWN;;;"";;;COM3;;
5623;27/08/2026 13:43:05;IRP_MJ_DEVICE_CONTROL (IOCTL_SERIAL_WAIT_ON_MASK);UP;STATUS_SUCCESS;01 00 00 00 ;"....";4;;COM3;;
5624;27/08/2026 13:43:05;IRP_MJ_DEVICE_CONTROL (IOCTL_SERIAL_GET_COMMSTATUS);DOWN;;;"";;;COM3;;
5625;27/08/2026 13:43:05;IRP_MJ_DEVICE_CONTROL (IOCTL_SERIAL_GET_COMMSTATUS);UP;STATUS_SUCCESS;00 00 00 00 00 00 00 00 19 00 00 00 00 00 00 00 00 00 00 00 ;"....................";20;;COM3;;
5626;27/08/2026 13:43:05;IRP_MJ_DEVICE_CONTROL (IOCTL_SERIAL_WAIT_ON_MASK);DOWN;;;"";;;COM3;;
5627;27/08/2026 13:43:05;IRP_MJ_DEVICE_CONTROL (IOCTL_SERIAL_WAIT_ON_MASK);UP;STATUS_SUCCESS;01 00 00 00 ;"....";4;;COM3;;
5628;27/08/2026 13:43:05;IRP_MJ_DEVICE_CONTROL (IOCTL_SERIAL_GET_COMMSTATUS);DOWN;;;"";;;COM3;;
5629;27/08/2026 13:43:05;IRP_MJ_DEVICE_CONTROL (IOCTL_SERIAL_GET_COMMSTATUS);UP;STATUS_SUCCESS;00 00 00 00 00 00 00 00 1a 00 00 00 00 00 00 00 00 00 00 00 ;"....................";20;;COM3;;
5630;27/08/2026 13:43:05;IRP_MJ_DEVICE_CONTROL (IOCTL_SERIAL_WAIT_ON_MASK);DOWN;;;"";;;COM3;;
5631;27/08/2026 13:43:05;IRP_MJ_DEVICE_CONTROL (IOCTL_SERIAL_WAIT_ON_MASK);UP;STATUS_SUCCESS;01 00 00 00 ;"....";4;;COM3;;
5632;27/08/2026 13:43:05;IRP_MJ_DEVICE_CONTROL (IOCTL_SERIAL_GET_COMMSTATUS);DOWN;;;"";;;COM3;;
5633;27/08/2026 13:43:05;IRP_MJ_DEVICE_CONTROL (IOCTL_SERIAL_GET_COMMSTATUS);UP;STATUS_SUCCESS;00 00 00 00 00 00 00 00 1b 00 00 00 00 00 00 00 00 00 00 00 ;"....................";20;;COM3;;
5634;27/08/2026 13:43:05;IRP_MJ_DEVICE_CONTROL (IOCTL_SERIAL_WAIT_ON_MASK);DOWN;;;"";;;COM3;;
5635;27/08/2026 13:43:05;IRP_MJ_DEVICE_CONTROL (IOCTL_SERIAL_WAIT_ON_MASK);UP;STATUS_SUCCESS;01 00 00 00 ;"....";4;;COM3;;
5636;27/08/2026 13:43:05;IRP_MJ_DEVICE_CONTROL (IOCTL_SERIAL_GET_COMMSTATUS);DOWN;;;"";;;COM3;;
5637;27/08/2026 13:43:05;IRP_MJ_DEVICE_CONTROL (IOCTL_SERIAL_GET_COMMSTATUS);UP;STATUS_SUCCESS;00 00 00 00 00 00 00 00 1c 00 00 00 00 00 00 00 00 00 00 00 ;"....................";20;;COM3;;
5638;27/08/2026 13:43:05;IRP_MJ_DEVICE_CONTROL (IOCTL_SERIAL_WAIT_ON_MASK);DOWN;;;"";;;COM3;;
5639;27/08/2026 13:43:05;IRP_MJ_DEVICE_CONTROL (IOCTL_SERIAL_WAIT_ON_MASK);UP;STATUS_SUCCESS;01 00 00 00 ;"....";4;;COM3;;
5640;27/08/2026 13:43:05;IRP_MJ_DEVICE_CONTROL (IOCTL_SERIAL_GET_COMMSTATUS);DOWN;;;"";;;COM3;;
5641;27/08/2026 13:43:05;IRP_MJ_DEVICE_CONTROL (IOCTL_SERIAL_GET_COMMSTATUS);UP;STATUS_SUCCESS;00 00 00 00 00 00 00 00 1d 00 00 00 00 00 00 00 00 00 00 00 ;"....................";20;;COM3;;
5642;27/08/2026 13:43:05;IRP_MJ_DEVICE_CONTROL (IOCTL_SERIAL_GET_COMMSTATUS);DOWN;;;"";;;COM3;;
5643;27/08/2026 13:43:05;IRP_MJ_DEVICE_CONTROL (IOCTL_SERIAL_GET_COMMSTATUS);UP;STATUS_SUCCESS;00 00 00 00 00 00 00 00 1d 00 00 00 00 00 00 00 00 00 00 00 ;"....................";20;;COM3;;
5644;27/08/2026 13:43:05;IRP_MJ_DEVICE_CONTROL (IOCTL_SERIAL_WAIT_ON_MASK);DOWN;;;"";;;COM3;;
5645;27/08/2026 13:43:05;IRP_MJ_DEVICE_CONTROL (IOCTL_SERIAL_WAIT_ON_MASK);UP;STATUS_SUCCESS;01 00 00 00 ;"....";4;;COM3;;
5646;27/08/2026 13:43:05;IRP_MJ_DEVICE_CONTROL (IOCTL_SERIAL_GET_COMMSTATUS);DOWN;;;"";;;COM3;;
5647;27/08/2026 13:43:05;IRP_MJ_DEVICE_CONTROL (IOCTL_SERIAL_GET_COMMSTATUS);UP;STATUS_SUCCESS;00 00 00 00 00 00 00 00 1e 00 00 00 00 00 00 00 00 00 00 00 ;"....................";20;;COM3;;
5648;27/08/2026 13:43:05;IRP_MJ_DEVICE_CONTROL (IOCTL_SERIAL_WAIT_ON_MASK);DOWN;;;"";;;COM3;;
5649;27/08/2026 13:43:05;IRP_MJ_DEVICE_CONTROL (IOCTL_SERIAL_WAIT_ON_MASK);UP;STATUS_SUCCESS;01 00 00 00 ;"....";4;;COM3;;
5650;27/08/2026 13:43:05;IRP_MJ_DEVICE_CONTROL (IOCTL_SERIAL_GET_COMMSTATUS);DOWN;;;"";;;COM3;;
5651;27/08/2026 13:43:05;IRP_MJ_DEVICE_CONTROL (IOCTL_SERIAL_GET_COMMSTATUS);UP;STATUS_SUCCESS;00 00 00 00 00 00 00 00 1f 00 00 00 00 00 00 00 00 00 00 00 ;"....................";20;;COM3;;
5652;27/08/2026 13:43:05;IRP_MJ_DEVICE_CONTROL (IOCTL_SERIAL_WAIT_ON_MASK);DOWN;;;"";;;COM3;;
5653;27/08/2026 13:43:05;IRP_MJ_DEVICE_CONTROL (IOCTL_SERIAL_WAIT_ON_MASK);UP;STATUS_SUCCESS;01 00 00 00 ;"....";4;;COM3;;
5654;27/08/2026 13:43:05;IRP_MJ_DEVICE_CONTROL (IOCTL_SERIAL_GET_COMMSTATUS);DOWN;;;"";;;COM3;;
5655;27/08/2026 13:43:05;IRP_MJ_DEVICE_CONTROL (IOCTL_SERIAL_GET_COMMSTATUS);UP;STATUS_SUCCESS;00 00 00 00 00 00 00 00 20 00 00 00 00 00 00 00 00 00 00 00 ;"........ ...........";20;;COM3;;
5656;27/08/2026 13:43:05;IRP_MJ_DEVICE_CONTROL (IOCTL_SERIAL_WAIT_ON_MASK);DOWN;;;"";;;COM3;;
5657;27/08/2026 13:43:05;IRP_MJ_DEVICE_CONTROL (IOCTL_SERIAL_WAIT_ON_MASK);UP;STATUS_SUCCESS;01 00 00 00 ;"....";4;;COM3;;
5658;27/08/2026 13:43:05;IRP_MJ_DEVICE_CONTROL (IOCTL_SERIAL_GET_COMMSTATUS);DOWN;;;"";;;COM3;;
5659;27/08/2026 13:43:05;IRP_MJ_DEVICE_CONTROL (IOCTL_SERIAL_GET_COMMSTATUS);UP;STATUS_SUCCESS;00 00 00 00 00 00 00 00 21 00 00 00 00 00 00 00 00 00 00 00 ;"........!...........";20;;COM3;;
5660;27/08/2026 13:43:05;IRP_MJ_DEVICE_CONTROL (IOCTL_SERIAL_WAIT_ON_MASK);DOWN;;;"";;;COM3;;
5661;27/08/2026 13:43:05;IRP_MJ_DEVICE_CONTROL (IOCTL_SERIAL_WAIT_ON_MASK);UP;STATUS_SUCCESS;01 00 00 00 ;"....";4;;COM3;;
5662;27/08/2026 13:43:05;IRP_MJ_DEVICE_CONTROL (IOCTL_SERIAL_GET_COMMSTATUS);DOWN;;;"";;;COM3;;
5663;27/08/2026 13:43:05;IRP_MJ_DEVICE_CONTROL (IOCTL_SERIAL_GET_COMMSTATUS);UP;STATUS_SUCCESS;00 00 00 00 00 00 00 00 22 00 00 00 00 00 00 00 00 00 00 00 ;"........""...........";20;;COM3;;
5664;27/08/2026 13:43:05;IRP_MJ_DEVICE_CONTROL (IOCTL_SERIAL_WAIT_ON_MASK);DOWN;;;"";;;COM3;;
5665;27/08/2026 13:43:05;IRP_MJ_DEVICE_CONTROL (IOCTL_SERIAL_WAIT_ON_MASK);UP;STATUS_SUCCESS;01 00 00 00 ;"....";4;;COM3;;
5666;27/08/2026 13:43:05;IRP_MJ_DEVICE_CONTROL (IOCTL_SERIAL_GET_COMMSTATUS);DOWN;;;"";;;COM3;;
5667;27/08/2026 13:43:05;IRP_MJ_DEVICE_CONTROL (IOCTL_SERIAL_GET_COMMSTATUS);UP;STATUS_SUCCESS;00 00 00 00 00 00 00 00 23 00 00 00 00 00 00 00 00 00 00 00 ;"........#...........";20;;COM3;;
5668;27/08/2026 13:43:05;IRP_MJ_DEVICE_CONTROL (IOCTL_SERIAL_WAIT_ON_MASK);DOWN;;;"";;;COM3;;
5669;27/08/2026 13:43:05;IRP_MJ_DEVICE_CONTROL (IOCTL_SERIAL_GET_COMMSTATUS);DOWN;;;"";;;COM3;;
5670;27/08/2026 13:43:05;IRP_MJ_DEVICE_CONTROL (IOCTL_SERIAL_GET_COMMSTATUS);UP;STATUS_SUCCESS;00 00 00 00 00 00 00 00 23 00 00 00 00 00 00 00 00 00 00 00 ;"........#...........";20;;COM3;;
5671;27/08/2026 13:43:05;IRP_MJ_DEVICE_CONTROL (IOCTL_SERIAL_WAIT_ON_MASK);UP;STATUS_SUCCESS;01 00 00 00 ;"....";4;;COM3;;
5672;27/08/2026 13:43:05;IRP_MJ_DEVICE_CONTROL (IOCTL_SERIAL_GET_COMMSTATUS);DOWN;;;"";;;COM3;;
5673;27/08/2026 13:43:05;IRP_MJ_DEVICE_CONTROL (IOCTL_SERIAL_GET_COMMSTATUS);UP;STATUS_SUCCESS;00 00 00 00 00 00 00 00 24 00 00 00 00 00 00 00 00 00 00 00 ;"........$...........";20;;COM3;;
5674;27/08/2026 13:43:05;IRP_MJ_DEVICE_CONTROL (IOCTL_SERIAL_WAIT_ON_MASK);DOWN;;;"";;;COM3;;
5675;27/08/2026 13:43:05;IRP_MJ_DEVICE_CONTROL (IOCTL_SERIAL_WAIT_ON_MASK);UP;STATUS_SUCCESS;01 00 00 00 ;"....";4;;COM3;;
5676;27/08/2026 13:43:05;IRP_MJ_DEVICE_CONTROL (IOCTL_SERIAL_GET_COMMSTATUS);DOWN;;;"";;;COM3;;
5677;27/08/2026 13:43:05;IRP_MJ_DEVICE_CONTROL (IOCTL_SERIAL_GET_COMMSTATUS);UP;STATUS_SUCCESS;00 00 00 00 00 00 00 00 25 00 00 00 00 00 00 00 00 00 00 00 ;"........%...........";20;;COM3;;
5678;27/08/2026 13:43:05;IRP_MJ_DEVICE_CONTROL (IOCTL_SERIAL_WAIT_ON_MASK);DOWN;;;"";;;COM3;;
5679;27/08/2026 13:43:05;IRP_MJ_DEVICE_CONTROL (IOCTL_SERIAL_WAIT_ON_MASK);UP;STATUS_SUCCESS;01 00 00 00 ;"....";4;;COM3;;
5680;27/08/2026 13:43:05;IRP_MJ_DEVICE_CONTROL (IOCTL_SERIAL_GET_COMMSTATUS);DOWN;;;"";;;COM3;;
5681;27/08/2026 13:43:05;IRP_MJ_DEVICE_CONTROL (IOCTL_SERIAL_GET_COMMSTATUS);UP;STATUS_SUCCESS;00 00 00 00 00 00 00 00 26 00 00 00 00 00 00 00 00 00 00 00 ;"........&...........";20;;COM3;;
5682;27/08/2026 13:43:05;IRP_MJ_DEVICE_CONTROL (IOCTL_SERIAL_WAIT_ON_MASK);DOWN;;;"";;;COM3;;
5683;27/08/2026 13:43:05;IRP_MJ_DEVICE_CONTROL (IOCTL_SERIAL_WAIT_ON_MASK);UP;STATUS_SUCCESS;01 00 00 00 ;"....";4;;COM3;;
5684;27/08/2026 13:43:05;IRP_MJ_DEVICE_CONTROL (IOCTL_SERIAL_GET_COMMSTATUS);DOWN;;;"";;;COM3;;
5685;27/08/2026 13:43:05;IRP_MJ_DEVICE_CONTROL (IOCTL_SERIAL_GET_COMMSTATUS);UP;STATUS_SUCCESS;00 00 00 00 00 00 00 00 27 00 00 00 00 00 00 00 00 00 00 00 ;"........'...........";20;;COM3;;
5686;27/08/2026 13:43:05;IRP_MJ_DEVICE_CONTROL (IOCTL_SERIAL_WAIT_ON_MASK);DOWN;;;"";;;COM3;;
5687;27/08/2026 13:43:05;IRP_MJ_DEVICE_CONTROL (IOCTL_SERIAL_WAIT_ON_MASK);UP;STATUS_SUCCESS;01 00 00 00 ;"....";4;;COM3;;
5688;27/08/2026 13:43:05;IRP_MJ_DEVICE_CONTROL (IOCTL_SERIAL_GET_COMMSTATUS);DOWN;;;"";;;COM3;;
5689;27/08/2026 13:43:05;IRP_MJ_DEVICE_CONTROL (IOCTL_SERIAL_GET_COMMSTATUS);UP;STATUS_SUCCESS;00 00 00 00 00 00 00 00 28 00 00 00 00 00 00 00 00 00 00 00 ;"........(...........";20;;COM3;;
5690;27/08/2026 13:43:05;IRP_MJ_DEVICE_CONTROL (IOCTL_SERIAL_WAIT_ON_MASK);DOWN;;;"";;;COM3;;
5691;27/08/2026 13:43:05;IRP_MJ_DEVICE_CONTROL (IOCTL_SERIAL_WAIT_ON_MASK);UP;STATUS_SUCCESS;01 00 00 00 ;"....";4;;COM3;;
5692;27/08/2026 13:43:05;IRP_MJ_DEVICE_CONTROL (IOCTL_SERIAL_GET_COMMSTATUS);DOWN;;;"";;;COM3;;
5693;27/08/2026 13:43:05;IRP_MJ_DEVICE_CONTROL (IOCTL_SERIAL_GET_COMMSTATUS);UP;STATUS_SUCCESS;00 00 00 00 00 00 00 00 29 00 00 00 00 00 00 00 00 00 00 00 ;"........)...........";20;;COM3;;
5694;27/08/2026 13:43:05;IRP_MJ_DEVICE_CONTROL (IOCTL_SERIAL_WAIT_ON_MASK);DOWN;;;"";;;COM3;;
5695;27/08/2026 13:43:05;IRP_MJ_DEVICE_CONTROL (IOCTL_SERIAL_WAIT_ON_MASK);UP;STATUS_SUCCESS;01 00 00 00 ;"....";4;;COM3;;
5696;27/08/2026 13:43:05;IRP_MJ_DEVICE_CONTROL (IOCTL_SERIAL_GET_COMMSTATUS);DOWN;;;"";;;COM3;;
5697;27/08/2026 13:43:05;IRP_MJ_DEVICE_CONTROL (IOCTL_SERIAL_GET_COMMSTATUS);UP;STATUS_SUCCESS;00 00 00 00 00 00 00 00 2a 00 00 00 00 00 00 00 00 00 00 00 ;"........*...........";20;;COM3;;
5698;27/08/2026 13:43:05;IRP_MJ_DEVICE_CONTROL (IOCTL_SERIAL_WAIT_ON_MASK);DOWN;;;"";;;COM3;;
5699;27/08/2026 13:43:05;IRP_MJ_DEVICE_CONTROL (IOCTL_SERIAL_GET_COMMSTATUS);DOWN;;;"";;;COM3;;
5700;27/08/2026 13:43:05;IRP_MJ_DEVICE_CONTROL (IOCTL_SERIAL_GET_COMMSTATUS);UP;STATUS_SUCCESS;00 00 00 00 00 00 00 00 2a 00 00 00 00 00 00 00 00 00 00 00 ;"........*...........";20;;COM3;;
5701;27/08/2026 13:43:05;IRP_MJ_DEVICE_CONTROL (IOCTL_SERIAL_WAIT_ON_MASK);UP;STATUS_SUCCESS;01 00 00 00 ;"....";4;;COM3;;
5702;27/08/2026 13:43:05;IRP_MJ_DEVICE_CONTROL (IOCTL_SERIAL_GET_COMMSTATUS);DOWN;;;"";;;COM3;;
5703;27/08/2026 13:43:05;IRP_MJ_DEVICE_CONTROL (IOCTL_SERIAL_GET_COMMSTATUS);UP;STATUS_SUCCESS;00 00 00 00 00 00 00 00 2b 00 00 00 00 00 00 00 00 00 00 00 ;"........+...........";20;;COM3;;
5704;27/08/2026 13:43:05;IRP_MJ_DEVICE_CONTROL (IOCTL_SERIAL_WAIT_ON_MASK);DOWN;;;"";;;COM3;;
5705;27/08/2026 13:43:05;IRP_MJ_DEVICE_CONTROL (IOCTL_SERIAL_WAIT_ON_MASK);UP;STATUS_SUCCESS;01 00 00 00 ;"....";4;;COM3;;
5706;27/08/2026 13:43:05;IRP_MJ_DEVICE_CONTROL (IOCTL_SERIAL_GET_COMMSTATUS);DOWN;;;"";;;COM3;;
5707;27/08/2026 13:43:05;IRP_MJ_DEVICE_CONTROL (IOCTL_SERIAL_GET_COMMSTATUS);UP;STATUS_SUCCESS;00 00 00 00 00 00 00 00 2c 00 00 00 00 00 00 00 00 00 00 00 ;"........,...........";20;;COM3;;
5708;27/08/2026 13:43:05;IRP_MJ_DEVICE_CONTROL (IOCTL_SERIAL_WAIT_ON_MASK);DOWN;;;"";;;COM3;;
5709;27/08/2026 13:43:05;IRP_MJ_DEVICE_CONTROL (IOCTL_SERIAL_WAIT_ON_MASK);UP;STATUS_SUCCESS;01 00 00 00 ;"....";4;;COM3;;
5710;27/08/2026 13:43:05;IRP_MJ_DEVICE_CONTROL (IOCTL_SERIAL_GET_COMMSTATUS);DOWN;;;"";;;COM3;;
5711;27/08/2026 13:43:05;IRP_MJ_DEVICE_CONTROL (IOCTL_SERIAL_GET_COMMSTATUS);UP;STATUS_SUCCESS;00 00 00 00 00 00 00 00 2d 00 00 00 00 00 00 00 00 00 00 00 ;"........-...........";20;;COM3;;
5712;27/08/2026 13:43:05;IRP_MJ_DEVICE_CONTROL (IOCTL_SERIAL_WAIT_ON_MASK);DOWN;;;"";;;COM3;;
5713;27/08/2026 13:43:05;IRP_MJ_DEVICE_CONTROL (IOCTL_SERIAL_WAIT_ON_MASK);UP;STATUS_SUCCESS;01 00 00 00 ;"....";4;;COM3;;
5714;27/08/2026 13:43:05;IRP_MJ_DEVICE_CONTROL (IOCTL_SERIAL_GET_COMMSTATUS);DOWN;;;"";;;COM3;;
5715;27/08/2026 13:43:05;IRP_MJ_DEVICE_CONTROL (IOCTL_SERIAL_GET_COMMSTATUS);UP;STATUS_SUCCESS;00 00 00 00 00 00 00 00 2e 00 00 00 00 00 00 00 00 00 00 00 ;"....................";20;;COM3;;
5716;27/08/2026 13:43:05;IRP_MJ_DEVICE_CONTROL (IOCTL_SERIAL_WAIT_ON_MASK);DOWN;;;"";;;COM3;;
5717;27/08/2026 13:43:05;IRP_MJ_DEVICE_CONTROL (IOCTL_SERIAL_WAIT_ON_MASK);UP;STATUS_SUCCESS;01 00 00 00 ;"....";4;;COM3;;
5718;27/08/2026 13:43:05;IRP_MJ_DEVICE_CONTROL (IOCTL_SERIAL_GET_COMMSTATUS);DOWN;;;"";;;COM3;;
5719;27/08/2026 13:43:05;IRP_MJ_DEVICE_CONTROL (IOCTL_SERIAL_GET_COMMSTATUS);UP;STATUS_SUCCESS;00 00 00 00 00 00 00 00 2f 00 00 00 00 00 00 00 00 00 00 00 ;"......../...........";20;;COM3;;
5720;27/08/2026 13:43:05;IRP_MJ_DEVICE_CONTROL (IOCTL_SERIAL_WAIT_ON_MASK);DOWN;;;"";;;COM3;;
5721;27/08/2026 13:43:05;IRP_MJ_DEVICE_CONTROL (IOCTL_SERIAL_GET_COMMSTATUS);DOWN;;;"";;;COM3;;
5722;27/08/2026 13:43:05;IRP_MJ_DEVICE_CONTROL (IOCTL_SERIAL_GET_COMMSTATUS);UP;STATUS_SUCCESS;00 00 00 00 00 00 00 00 2f 00 00 00 00 00 00 00 00 00 00 00 ;"......../...........";20;;COM3;;
5723;27/08/2026 13:43:05;IRP_MJ_DEVICE_CONTROL (IOCTL_SERIAL_GET_COMMSTATUS);DOWN;;;"";;;COM3;;
5724;27/08/2026 13:43:05;IRP_MJ_DEVICE_CONTROL (IOCTL_SERIAL_GET_COMMSTATUS);UP;STATUS_SUCCESS;00 00 00 00 00 00 00 00 2f 00 00 00 00 00 00 00 00 00 00 00 ;"......../...........";20;;COM3;;
5725;27/08/2026 13:43:05;IRP_MJ_READ;DOWN;;;"";;47;COM3;;
5726;27/08/2026 13:43:05;IRP_MJ_READ;UP;STATUS_SUCCESS;04 03 2a 00 01 00 00 00 00 00 00 00 00 00 7d 00 00 00 00 00 2c 00 00 00 00 00 00 00 20 00 00 00 0c 02 58 00 00 00 02 00 00 00 00 00 00 02 6b ;"..*...........}.....,....... .....X...........k";47;;COM3;;
5727;27/08/2026 13:43:06;IRP_MJ_WRITE;DOWN;;04 03 62 71 00 4f 4b c8 ;"..bq.OK»";8;8;COM3;;
5728;27/08/2026 13:43:06;IRP_MJ_WRITE;UP;STATUS_SUCCESS;04 03 62 71 00 4f 4b c8 ;"..bq.OK»";8;;COM3;;
5729;27/08/2026 13:43:06;IRP_MJ_DEVICE_CONTROL (IOCTL_SERIAL_GET_COMMSTATUS);DOWN;;;"";;;COM3;;
5730;27/08/2026 13:43:06;IRP_MJ_DEVICE_CONTROL (IOCTL_SERIAL_GET_COMMSTATUS);UP;STATUS_SUCCESS;00 00 00 00 00 00 00 00 00 00 00 00 00 00 00 00 00 00 00 00 ;"....................";20;;COM3;;
5731;27/08/2026 13:43:06;IRP_MJ_DEVICE_CONTROL (IOCTL_SERIAL_GET_COMMSTATUS);DOWN;;;"";;;COM3;;
5732;27/08/2026 13:43:06;IRP_MJ_DEVICE_CONTROL (IOCTL_SERIAL_GET_COMMSTATUS);UP;STATUS_SUCCESS;00 00 00 00 00 00 00 00 00 00 00 00 00 00 00 00 00 00 00 00 ;"....................";20;;COM3;;
5733;27/08/2026 13:43:06;IRP_MJ_DEVICE_CONTROL (IOCTL_SERIAL_GET_COMMSTATUS);DOWN;;;"";;;COM3;;
5734;27/08/2026 13:43:06;IRP_MJ_DEVICE_CONTROL (IOCTL_SERIAL_GET_COMMSTATUS);UP;STATUS_SUCCESS;00 00 00 00 00 00 00 00 00 00 00 00 00 00 00 00 00 00 00 00 ;"....................";20;;COM3;;
5735;27/08/2026 13:43:06;IRP_MJ_DEVICE_CONTROL (IOCTL_SERIAL_GET_COMMSTATUS);DOWN;;;"";;;COM3;;
5736;27/08/2026 13:43:06;IRP_MJ_DEVICE_CONTROL (IOCTL_SERIAL_GET_COMMSTATUS);UP;STATUS_SUCCESS;00 00 00 00 00 00 00 00 00 00 00 00 00 00 00 00 00 00 00 00 ;"....................";20;;COM3;;
5737;27/08/2026 13:43:06;IRP_MJ_DEVICE_CONTROL (IOCTL_SERIAL_GET_COMMSTATUS);DOWN;;;"";;;COM3;;
5738;27/08/2026 13:43:06;IRP_MJ_DEVICE_CONTROL (IOCTL_SERIAL_GET_COMMSTATUS);UP;STATUS_SUCCESS;00 00 00 00 00 00 00 00 00 00 00 00 00 00 00 00 00 00 00 00 ;"....................";20;;COM3;;
5739;27/08/2026 13:43:06;IRP_MJ_DEVICE_CONTROL (IOCTL_SERIAL_GET_COMMSTATUS);DOWN;;;"";;;COM3;;
5740;27/08/2026 13:43:06;IRP_MJ_DEVICE_CONTROL (IOCTL_SERIAL_GET_COMMSTATUS);UP;STATUS_SUCCESS;00 00 00 00 00 00 00 00 00 00 00 00 00 00 00 00 00 00 00 00 ;"....................";20;;COM3;;
5741;27/08/2026 13:43:06;IRP_MJ_DEVICE_CONTROL (IOCTL_SERIAL_GET_COMMSTATUS);DOWN;;;"";;;COM3;;
5742;27/08/2026 13:43:06;IRP_MJ_DEVICE_CONTROL (IOCTL_SERIAL_GET_COMMSTATUS);UP;STATUS_SUCCESS;00 00 00 00 00 00 00 00 00 00 00 00 00 00 00 00 00 00 00 00 ;"....................";20;;COM3;;
5743;27/08/2026 13:43:06;IRP_MJ_DEVICE_CONTROL (IOCTL_SERIAL_GET_COMMSTATUS);DOWN;;;"";;;COM3;;
5744;27/08/2026 13:43:06;IRP_MJ_DEVICE_CONTROL (IOCTL_SERIAL_GET_COMMSTATUS);UP;STATUS_SUCCESS;00 00 00 00 00 00 00 00 00 00 00 00 00 00 00 00 00 00 00 00 ;"....................";20;;COM3;;
5745;27/08/2026 13:43:06;IRP_MJ_DEVICE_CONTROL (IOCTL_SERIAL_GET_COMMSTATUS);DOWN;;;"";;;COM3;;
5746;27/08/2026 13:43:06;IRP_MJ_DEVICE_CONTROL (IOCTL_SERIAL_GET_COMMSTATUS);UP;STATUS_SUCCESS;00 00 00 00 00 00 00 00 00 00 00 00 00 00 00 00 00 00 00 00 ;"....................";20;;COM3;;
5747;27/08/2026 13:43:06;IRP_MJ_DEVICE_CONTROL (IOCTL_SERIAL_GET_COMMSTATUS);DOWN;;;"";;;COM3;;
5748;27/08/2026 13:43:06;IRP_MJ_DEVICE_CONTROL (IOCTL_SERIAL_GET_COMMSTATUS);UP;STATUS_SUCCESS;00 00 00 00 00 00 00 00 00 00 00 00 00 00 00 00 00 00 00 00 ;"....................";20;;COM3;;
5749;27/08/2026 13:43:06;IRP_MJ_DEVICE_CONTROL (IOCTL_SERIAL_GET_COMMSTATUS);DOWN;;;"";;;COM3;;
5750;27/08/2026 13:43:06;IRP_MJ_DEVICE_CONTROL (IOCTL_SERIAL_GET_COMMSTATUS);UP;STATUS_SUCCESS;00 00 00 00 00 00 00 00 00 00 00 00 00 00 00 00 00 00 00 00 ;"....................";20;;COM3;;
5751;27/08/2026 13:43:06;IRP_MJ_DEVICE_CONTROL (IOCTL_SERIAL_GET_COMMSTATUS);DOWN;;;"";;;COM3;;
5752;27/08/2026 13:43:06;IRP_MJ_DEVICE_CONTROL (IOCTL_SERIAL_GET_COMMSTATUS);UP;STATUS_SUCCESS;00 00 00 00 00 00 00 00 00 00 00 00 00 00 00 00 00 00 00 00 ;"....................";20;;COM3;;
5753;27/08/2026 13:43:06;IRP_MJ_DEVICE_CONTROL (IOCTL_SERIAL_WAIT_ON_MASK);UP;STATUS_SUCCESS;01 00 00 00 ;"....";4;;COM3;;
5754;27/08/2026 13:43:06;IRP_MJ_DEVICE_CONTROL (IOCTL_SERIAL_GET_COMMSTATUS);DOWN;;;"";;;COM3;;
5755;27/08/2026 13:43:06;IRP_MJ_DEVICE_CONTROL (IOCTL_SERIAL_GET_COMMSTATUS);UP;STATUS_SUCCESS;00 00 00 00 00 00 00 00 01 00 00 00 00 00 00 00 00 00 00 00 ;"....................";20;;COM3;;
5756;27/08/2026 13:43:06;IRP_MJ_DEVICE_CONTROL (IOCTL_SERIAL_WAIT_ON_MASK);DOWN;;;"";;;COM3;;
5757;27/08/2026 13:43:06;IRP_MJ_DEVICE_CONTROL (IOCTL_SERIAL_GET_COMMSTATUS);DOWN;;;"";;;COM3;;
5758;27/08/2026 13:43:06;IRP_MJ_DEVICE_CONTROL (IOCTL_SERIAL_GET_COMMSTATUS);UP;STATUS_SUCCESS;00 00 00 00 00 00 00 00 01 00 00 00 00 00 00 00 00 00 00 00 ;"....................";20;;COM3;;
5759;27/08/2026 13:43:06;IRP_MJ_DEVICE_CONTROL (IOCTL_SERIAL_WAIT_ON_MASK);UP;STATUS_SUCCESS;01 00 00 00 ;"....";4;;COM3;;
5760;27/08/2026 13:43:06;IRP_MJ_DEVICE_CONTROL (IOCTL_SERIAL_GET_COMMSTATUS);DOWN;;;"";;;COM3;;
5761;27/08/2026 13:43:06;IRP_MJ_DEVICE_CONTROL (IOCTL_SERIAL_GET_COMMSTATUS);UP;STATUS_SUCCESS;00 00 00 00 00 00 00 00 02 00 00 00 00 00 00 00 00 00 00 00 ;"....................";20;;COM3;;
5762;27/08/2026 13:43:06;IRP_MJ_DEVICE_CONTROL (IOCTL_SERIAL_WAIT_ON_MASK);DOWN;;;"";;;COM3;;
5763;27/08/2026 13:43:06;IRP_MJ_DEVICE_CONTROL (IOCTL_SERIAL_WAIT_ON_MASK);UP;STATUS_SUCCESS;01 00 00 00 ;"....";4;;COM3;;
5764;27/08/2026 13:43:06;IRP_MJ_DEVICE_CONTROL (IOCTL_SERIAL_GET_COMMSTATUS);DOWN;;;"";;;COM3;;
5765;27/08/2026 13:43:06;IRP_MJ_DEVICE_CONTROL (IOCTL_SERIAL_GET_COMMSTATUS);UP;STATUS_SUCCESS;00 00 00 00 00 00 00 00 03 00 00 00 00 00 00 00 00 00 00 00 ;"....................";20;;COM3;;
5766;27/08/2026 13:43:06;IRP_MJ_DEVICE_CONTROL (IOCTL_SERIAL_WAIT_ON_MASK);DOWN;;;"";;;COM3;;
5767;27/08/2026 13:43:06;IRP_MJ_DEVICE_CONTROL (IOCTL_SERIAL_WAIT_ON_MASK);UP;STATUS_SUCCESS;01 00 00 00 ;"....";4;;COM3;;
5768;27/08/2026 13:43:06;IRP_MJ_DEVICE_CONTROL (IOCTL_SERIAL_GET_COMMSTATUS);DOWN;;;"";;;COM3;;
5769;27/08/2026 13:43:06;IRP_MJ_DEVICE_CONTROL (IOCTL_SERIAL_GET_COMMSTATUS);UP;STATUS_SUCCESS;00 00 00 00 00 00 00 00 04 00 00 00 00 00 00 00 00 00 00 00 ;"....................";20;;COM3;;
5770;27/08/2026 13:43:06;IRP_MJ_DEVICE_CONTROL (IOCTL_SERIAL_WAIT_ON_MASK);DOWN;;;"";;;COM3;;
5771;27/08/2026 13:43:06;IRP_MJ_DEVICE_CONTROL (IOCTL_SERIAL_WAIT_ON_MASK);UP;STATUS_SUCCESS;01 00 00 00 ;"....";4;;COM3;;
5772;27/08/2026 13:43:06;IRP_MJ_DEVICE_CONTROL (IOCTL_SERIAL_GET_COMMSTATUS);DOWN;;;"";;;COM3;;
5773;27/08/2026 13:43:06;IRP_MJ_DEVICE_CONTROL (IOCTL_SERIAL_GET_COMMSTATUS);UP;STATUS_SUCCESS;00 00 00 00 00 00 00 00 05 00 00 00 00 00 00 00 00 00 00 00 ;"....................";20;;COM3;;
5774;27/08/2026 13:43:06;IRP_MJ_DEVICE_CONTROL (IOCTL_SERIAL_WAIT_ON_MASK);DOWN;;;"";;;COM3;;
5775;27/08/2026 13:43:06;IRP_MJ_DEVICE_CONTROL (IOCTL_SERIAL_WAIT_ON_MASK);UP;STATUS_SUCCESS;01 00 00 00 ;"....";4;;COM3;;
5776;27/08/2026 13:43:06;IRP_MJ_DEVICE_CONTROL (IOCTL_SERIAL_GET_COMMSTATUS);DOWN;;;"";;;COM3;;
5777;27/08/2026 13:43:06;IRP_MJ_DEVICE_CONTROL (IOCTL_SERIAL_GET_COMMSTATUS);UP;STATUS_SUCCESS;00 00 00 00 00 00 00 00 06 00 00 00 00 00 00 00 00 00 00 00 ;"....................";20;;COM3;;
5778;27/08/2026 13:43:06;IRP_MJ_DEVICE_CONTROL (IOCTL_SERIAL_WAIT_ON_MASK);DOWN;;;"";;;COM3;;
5779;27/08/2026 13:43:06;IRP_MJ_DEVICE_CONTROL (IOCTL_SERIAL_WAIT_ON_MASK);UP;STATUS_SUCCESS;01 00 00 00 ;"....";4;;COM3;;
5780;27/08/2026 13:43:06;IRP_MJ_DEVICE_CONTROL (IOCTL_SERIAL_GET_COMMSTATUS);DOWN;;;"";;;COM3;;
5781;27/08/2026 13:43:06;IRP_MJ_DEVICE_CONTROL (IOCTL_SERIAL_GET_COMMSTATUS);UP;STATUS_SUCCESS;00 00 00 00 00 00 00 00 07 00 00 00 00 00 00 00 00 00 00 00 ;"....................";20;;COM3;;
5782;27/08/2026 13:43:06;IRP_MJ_DEVICE_CONTROL (IOCTL_SERIAL_WAIT_ON_MASK);DOWN;;;"";;;COM3;;
5783;27/08/2026 13:43:06;IRP_MJ_DEVICE_CONTROL (IOCTL_SERIAL_GET_COMMSTATUS);DOWN;;;"";;;COM3;;
5784;27/08/2026 13:43:06;IRP_MJ_DEVICE_CONTROL (IOCTL_SERIAL_GET_COMMSTATUS);UP;STATUS_SUCCESS;00 00 00 00 00 00 00 00 07 00 00 00 00 00 00 00 00 00 00 00 ;"....................";20;;COM3;;
5785;27/08/2026 13:43:06;IRP_MJ_DEVICE_CONTROL (IOCTL_SERIAL_WAIT_ON_MASK);UP;STATUS_SUCCESS;01 00 00 00 ;"....";4;;COM3;;
5786;27/08/2026 13:43:06;IRP_MJ_DEVICE_CONTROL (IOCTL_SERIAL_GET_COMMSTATUS);DOWN;;;"";;;COM3;;
5787;27/08/2026 13:43:06;IRP_MJ_DEVICE_CONTROL (IOCTL_SERIAL_GET_COMMSTATUS);UP;STATUS_SUCCESS;00 00 00 00 00 00 00 00 08 00 00 00 00 00 00 00 00 00 00 00 ;"....................";20;;COM3;;
5788;27/08/2026 13:43:06;IRP_MJ_DEVICE_CONTROL (IOCTL_SERIAL_WAIT_ON_MASK);DOWN;;;"";;;COM3;;
5789;27/08/2026 13:43:06;IRP_MJ_DEVICE_CONTROL (IOCTL_SERIAL_WAIT_ON_MASK);UP;STATUS_SUCCESS;01 00 00 00 ;"....";4;;COM3;;
5790;27/08/2026 13:43:06;IRP_MJ_DEVICE_CONTROL (IOCTL_SERIAL_GET_COMMSTATUS);DOWN;;;"";;;COM3;;
5791;27/08/2026 13:43:06;IRP_MJ_DEVICE_CONTROL (IOCTL_SERIAL_GET_COMMSTATUS);UP;STATUS_SUCCESS;00 00 00 00 00 00 00 00 09 00 00 00 00 00 00 00 00 00 00 00 ;"....................";20;;COM3;;
5792;27/08/2026 13:43:06;IRP_MJ_DEVICE_CONTROL (IOCTL_SERIAL_WAIT_ON_MASK);DOWN;;;"";;;COM3;;
5793;27/08/2026 13:43:06;IRP_MJ_DEVICE_CONTROL (IOCTL_SERIAL_WAIT_ON_MASK);UP;STATUS_SUCCESS;01 00 00 00 ;"....";4;;COM3;;
5794;27/08/2026 13:43:06;IRP_MJ_DEVICE_CONTROL (IOCTL_SERIAL_GET_COMMSTATUS);DOWN;;;"";;;COM3;;
5795;27/08/2026 13:43:06;IRP_MJ_DEVICE_CONTROL (IOCTL_SERIAL_GET_COMMSTATUS);UP;STATUS_SUCCESS;00 00 00 00 00 00 00 00 0a 00 00 00 00 00 00 00 00 00 00 00 ;"....................";20;;COM3;;
5796;27/08/2026 13:43:06;IRP_MJ_DEVICE_CONTROL (IOCTL_SERIAL_WAIT_ON_MASK);DOWN;;;"";;;COM3;;
5797;27/08/2026 13:43:06;IRP_MJ_DEVICE_CONTROL (IOCTL_SERIAL_WAIT_ON_MASK);UP;STATUS_SUCCESS;01 00 00 00 ;"....";4;;COM3;;
5798;27/08/2026 13:43:06;IRP_MJ_DEVICE_CONTROL (IOCTL_SERIAL_GET_COMMSTATUS);DOWN;;;"";;;COM3;;
5799;27/08/2026 13:43:06;IRP_MJ_DEVICE_CONTROL (IOCTL_SERIAL_GET_COMMSTATUS);UP;STATUS_SUCCESS;00 00 00 00 00 00 00 00 0b 00 00 00 00 00 00 00 00 00 00 00 ;"....................";20;;COM3;;
5800;27/08/2026 13:43:06;IRP_MJ_DEVICE_CONTROL (IOCTL_SERIAL_WAIT_ON_MASK);DOWN;;;"";;;COM3;;
5801;27/08/2026 13:43:06;IRP_MJ_DEVICE_CONTROL (IOCTL_SERIAL_WAIT_ON_MASK);UP;STATUS_SUCCESS;01 00 00 00 ;"....";4;;COM3;;
5802;27/08/2026 13:43:06;IRP_MJ_DEVICE_CONTROL (IOCTL_SERIAL_GET_COMMSTATUS);DOWN;;;"";;;COM3;;
5803;27/08/2026 13:43:06;IRP_MJ_DEVICE_CONTROL (IOCTL_SERIAL_GET_COMMSTATUS);UP;STATUS_SUCCESS;00 00 00 00 00 00 00 00 0c 00 00 00 00 00 00 00 00 00 00 00 ;"....................";20;;COM3;;
5804;27/08/2026 13:43:06;IRP_MJ_DEVICE_CONTROL (IOCTL_SERIAL_WAIT_ON_MASK);DOWN;;;"";;;COM3;;
5805;27/08/2026 13:43:06;IRP_MJ_DEVICE_CONTROL (IOCTL_SERIAL_WAIT_ON_MASK);UP;STATUS_SUCCESS;01 00 00 00 ;"....";4;;COM3;;
5806;27/08/2026 13:43:06;IRP_MJ_DEVICE_CONTROL (IOCTL_SERIAL_GET_COMMSTATUS);DOWN;;;"";;;COM3;;
5807;27/08/2026 13:43:06;IRP_MJ_DEVICE_CONTROL (IOCTL_SERIAL_GET_COMMSTATUS);UP;STATUS_SUCCESS;00 00 00 00 00 00 00 00 0d 00 00 00 00 00 00 00 00 00 00 00 ;"....................";20;;COM3;;
5808;27/08/2026 13:43:06;IRP_MJ_DEVICE_CONTROL (IOCTL_SERIAL_WAIT_ON_MASK);DOWN;;;"";;;COM3;;
5809;27/08/2026 13:43:06;IRP_MJ_DEVICE_CONTROL (IOCTL_SERIAL_WAIT_ON_MASK);UP;STATUS_SUCCESS;01 00 00 00 ;"....";4;;COM3;;
5810;27/08/2026 13:43:06;IRP_MJ_DEVICE_CONTROL (IOCTL_SERIAL_GET_COMMSTATUS);DOWN;;;"";;;COM3;;
5811;27/08/2026 13:43:06;IRP_MJ_DEVICE_CONTROL (IOCTL_SERIAL_GET_COMMSTATUS);UP;STATUS_SUCCESS;00 00 00 00 00 00 00 00 0e 00 00 00 00 00 00 00 00 00 00 00 ;"....................";20;;COM3;;
5812;27/08/2026 13:43:06;IRP_MJ_DEVICE_CONTROL (IOCTL_SERIAL_WAIT_ON_MASK);DOWN;;;"";;;COM3;;
5813;27/08/2026 13:43:06;IRP_MJ_DEVICE_CONTROL (IOCTL_SERIAL_GET_COMMSTATUS);DOWN;;;"";;;COM3;;
5814;27/08/2026 13:43:06;IRP_MJ_DEVICE_CONTROL (IOCTL_SERIAL_GET_COMMSTATUS);UP;STATUS_SUCCESS;00 00 00 00 00 00 00 00 0e 00 00 00 00 00 00 00 00 00 00 00 ;"....................";20;;COM3;;
5815;27/08/2026 13:43:06;IRP_MJ_DEVICE_CONTROL (IOCTL_SERIAL_WAIT_ON_MASK);UP;STATUS_SUCCESS;01 00 00 00 ;"....";4;;COM3;;
5816;27/08/2026 13:43:06;IRP_MJ_DEVICE_CONTROL (IOCTL_SERIAL_GET_COMMSTATUS);DOWN;;;"";;;COM3;;
5817;27/08/2026 13:43:06;IRP_MJ_DEVICE_CONTROL (IOCTL_SERIAL_GET_COMMSTATUS);UP;STATUS_SUCCESS;00 00 00 00 00 00 00 00 0f 00 00 00 00 00 00 00 00 00 00 00 ;"....................";20;;COM3;;
5818;27/08/2026 13:43:06;IRP_MJ_DEVICE_CONTROL (IOCTL_SERIAL_WAIT_ON_MASK);DOWN;;;"";;;COM3;;
5819;27/08/2026 13:43:06;IRP_MJ_DEVICE_CONTROL (IOCTL_SERIAL_WAIT_ON_MASK);UP;STATUS_SUCCESS;01 00 00 00 ;"....";4;;COM3;;
5820;27/08/2026 13:43:06;IRP_MJ_DEVICE_CONTROL (IOCTL_SERIAL_GET_COMMSTATUS);DOWN;;;"";;;COM3;;
5821;27/08/2026 13:43:06;IRP_MJ_DEVICE_CONTROL (IOCTL_SERIAL_GET_COMMSTATUS);UP;STATUS_SUCCESS;00 00 00 00 00 00 00 00 10 00 00 00 00 00 00 00 00 00 00 00 ;"....................";20;;COM3;;
5822;27/08/2026 13:43:06;IRP_MJ_DEVICE_CONTROL (IOCTL_SERIAL_WAIT_ON_MASK);DOWN;;;"";;;COM3;;
5823;27/08/2026 13:43:06;IRP_MJ_DEVICE_CONTROL (IOCTL_SERIAL_WAIT_ON_MASK);UP;STATUS_SUCCESS;01 00 00 00 ;"....";4;;COM3;;
5824;27/08/2026 13:43:06;IRP_MJ_DEVICE_CONTROL (IOCTL_SERIAL_GET_COMMSTATUS);DOWN;;;"";;;COM3;;
5825;27/08/2026 13:43:06;IRP_MJ_DEVICE_CONTROL (IOCTL_SERIAL_GET_COMMSTATUS);UP;STATUS_SUCCESS;00 00 00 00 00 00 00 00 11 00 00 00 00 00 00 00 00 00 00 00 ;"....................";20;;COM3;;
5826;27/08/2026 13:43:06;IRP_MJ_DEVICE_CONTROL (IOCTL_SERIAL_WAIT_ON_MASK);DOWN;;;"";;;COM3;;
5827;27/08/2026 13:43:06;IRP_MJ_DEVICE_CONTROL (IOCTL_SERIAL_WAIT_ON_MASK);UP;STATUS_SUCCESS;01 00 00 00 ;"....";4;;COM3;;
5828;27/08/2026 13:43:06;IRP_MJ_DEVICE_CONTROL (IOCTL_SERIAL_GET_COMMSTATUS);DOWN;;;"";;;COM3;;
5829;27/08/2026 13:43:06;IRP_MJ_DEVICE_CONTROL (IOCTL_SERIAL_GET_COMMSTATUS);UP;STATUS_SUCCESS;00 00 00 00 00 00 00 00 12 00 00 00 00 00 00 00 00 00 00 00 ;"....................";20;;COM3;;
5830;27/08/2026 13:43:06;IRP_MJ_DEVICE_CONTROL (IOCTL_SERIAL_WAIT_ON_MASK);DOWN;;;"";;;COM3;;
5831;27/08/2026 13:43:06;IRP_MJ_DEVICE_CONTROL (IOCTL_SERIAL_WAIT_ON_MASK);UP;STATUS_SUCCESS;01 00 00 00 ;"....";4;;COM3;;
5832;27/08/2026 13:43:06;IRP_MJ_DEVICE_CONTROL (IOCTL_SERIAL_GET_COMMSTATUS);DOWN;;;"";;;COM3;;
5833;27/08/2026 13:43:06;IRP_MJ_DEVICE_CONTROL (IOCTL_SERIAL_GET_COMMSTATUS);UP;STATUS_SUCCESS;00 00 00 00 00 00 00 00 13 00 00 00 00 00 00 00 00 00 00 00 ;"....................";20;;COM3;;
5834;27/08/2026 13:43:06;IRP_MJ_DEVICE_CONTROL (IOCTL_SERIAL_WAIT_ON_MASK);DOWN;;;"";;;COM3;;
5835;27/08/2026 13:43:06;IRP_MJ_DEVICE_CONTROL (IOCTL_SERIAL_WAIT_ON_MASK);UP;STATUS_SUCCESS;01 00 00 00 ;"....";4;;COM3;;
5836;27/08/2026 13:43:06;IRP_MJ_DEVICE_CONTROL (IOCTL_SERIAL_GET_COMMSTATUS);DOWN;;;"";;;COM3;;
5837;27/08/2026 13:43:06;IRP_MJ_DEVICE_CONTROL (IOCTL_SERIAL_GET_COMMSTATUS);UP;STATUS_SUCCESS;00 00 00 00 00 00 00 00 14 00 00 00 00 00 00 00 00 00 00 00 ;"....................";20;;COM3;;
5838;27/08/2026 13:43:06;IRP_MJ_DEVICE_CONTROL (IOCTL_SERIAL_WAIT_ON_MASK);DOWN;;;"";;;COM3;;
5839;27/08/2026 13:43:06;IRP_MJ_DEVICE_CONTROL (IOCTL_SERIAL_WAIT_ON_MASK);UP;STATUS_SUCCESS;01 00 00 00 ;"....";4;;COM3;;
5840;27/08/2026 13:43:06;IRP_MJ_DEVICE_CONTROL (IOCTL_SERIAL_GET_COMMSTATUS);DOWN;;;"";;;COM3;;
5841;27/08/2026 13:43:06;IRP_MJ_DEVICE_CONTROL (IOCTL_SERIAL_GET_COMMSTATUS);UP;STATUS_SUCCESS;00 00 00 00 00 00 00 00 15 00 00 00 00 00 00 00 00 00 00 00 ;"....................";20;;COM3;;
5842;27/08/2026 13:43:06;IRP_MJ_DEVICE_CONTROL (IOCTL_SERIAL_WAIT_ON_MASK);DOWN;;;"";;;COM3;;
5843;27/08/2026 13:43:06;IRP_MJ_DEVICE_CONTROL (IOCTL_SERIAL_GET_COMMSTATUS);DOWN;;;"";;;COM3;;
5844;27/08/2026 13:43:06;IRP_MJ_DEVICE_CONTROL (IOCTL_SERIAL_GET_COMMSTATUS);UP;STATUS_SUCCESS;00 00 00 00 00 00 00 00 15 00 00 00 00 00 00 00 00 00 00 00 ;"....................";20;;COM3;;
5845;27/08/2026 13:43:06;IRP_MJ_DEVICE_CONTROL (IOCTL_SERIAL_WAIT_ON_MASK);UP;STATUS_SUCCESS;01 00 00 00 ;"....";4;;COM3;;
5846;27/08/2026 13:43:06;IRP_MJ_DEVICE_CONTROL (IOCTL_SERIAL_GET_COMMSTATUS);DOWN;;;"";;;COM3;;
5847;27/08/2026 13:43:06;IRP_MJ_DEVICE_CONTROL (IOCTL_SERIAL_GET_COMMSTATUS);UP;STATUS_SUCCESS;00 00 00 00 00 00 00 00 16 00 00 00 00 00 00 00 00 00 00 00 ;"....................";20;;COM3;;
5848;27/08/2026 13:43:06;IRP_MJ_DEVICE_CONTROL (IOCTL_SERIAL_WAIT_ON_MASK);DOWN;;;"";;;COM3;;
5849;27/08/2026 13:43:06;IRP_MJ_DEVICE_CONTROL (IOCTL_SERIAL_WAIT_ON_MASK);UP;STATUS_SUCCESS;01 00 00 00 ;"....";4;;COM3;;
5850;27/08/2026 13:43:06;IRP_MJ_DEVICE_CONTROL (IOCTL_SERIAL_GET_COMMSTATUS);DOWN;;;"";;;COM3;;
5851;27/08/2026 13:43:06;IRP_MJ_DEVICE_CONTROL (IOCTL_SERIAL_GET_COMMSTATUS);UP;STATUS_SUCCESS;00 00 00 00 00 00 00 00 17 00 00 00 00 00 00 00 00 00 00 00 ;"....................";20;;COM3;;
5852;27/08/2026 13:43:06;IRP_MJ_DEVICE_CONTROL (IOCTL_SERIAL_WAIT_ON_MASK);DOWN;;;"";;;COM3;;
5853;27/08/2026 13:43:06;IRP_MJ_DEVICE_CONTROL (IOCTL_SERIAL_WAIT_ON_MASK);UP;STATUS_SUCCESS;01 00 00 00 ;"....";4;;COM3;;
5854;27/08/2026 13:43:06;IRP_MJ_DEVICE_CONTROL (IOCTL_SERIAL_GET_COMMSTATUS);DOWN;;;"";;;COM3;;
5855;27/08/2026 13:43:06;IRP_MJ_DEVICE_CONTROL (IOCTL_SERIAL_GET_COMMSTATUS);UP;STATUS_SUCCESS;00 00 00 00 00 00 00 00 18 00 00 00 00 00 00 00 00 00 00 00 ;"....................";20;;COM3;;
5856;27/08/2026 13:43:06;IRP_MJ_DEVICE_CONTROL (IOCTL_SERIAL_WAIT_ON_MASK);DOWN;;;"";;;COM3;;
5857;27/08/2026 13:43:06;IRP_MJ_DEVICE_CONTROL (IOCTL_SERIAL_WAIT_ON_MASK);UP;STATUS_SUCCESS;01 00 00 00 ;"....";4;;COM3;;
5858;27/08/2026 13:43:06;IRP_MJ_DEVICE_CONTROL (IOCTL_SERIAL_GET_COMMSTATUS);DOWN;;;"";;;COM3;;
5859;27/08/2026 13:43:06;IRP_MJ_DEVICE_CONTROL (IOCTL_SERIAL_GET_COMMSTATUS);UP;STATUS_SUCCESS;00 00 00 00 00 00 00 00 19 00 00 00 00 00 00 00 00 00 00 00 ;"....................";20;;COM3;;
5860;27/08/2026 13:43:06;IRP_MJ_DEVICE_CONTROL (IOCTL_SERIAL_WAIT_ON_MASK);DOWN;;;"";;;COM3;;
5861;27/08/2026 13:43:06;IRP_MJ_DEVICE_CONTROL (IOCTL_SERIAL_WAIT_ON_MASK);UP;STATUS_SUCCESS;01 00 00 00 ;"....";4;;COM3;;
5862;27/08/2026 13:43:06;IRP_MJ_DEVICE_CONTROL (IOCTL_SERIAL_GET_COMMSTATUS);DOWN;;;"";;;COM3;;
5863;27/08/2026 13:43:06;IRP_MJ_DEVICE_CONTROL (IOCTL_SERIAL_GET_COMMSTATUS);UP;STATUS_SUCCESS;00 00 00 00 00 00 00 00 1a 00 00 00 00 00 00 00 00 00 00 00 ;"....................";20;;COM3;;
5864;27/08/2026 13:43:06;IRP_MJ_DEVICE_CONTROL (IOCTL_SERIAL_WAIT_ON_MASK);DOWN;;;"";;;COM3;;
5865;27/08/2026 13:43:06;IRP_MJ_DEVICE_CONTROL (IOCTL_SERIAL_WAIT_ON_MASK);UP;STATUS_SUCCESS;01 00 00 00 ;"....";4;;COM3;;
5866;27/08/2026 13:43:06;IRP_MJ_DEVICE_CONTROL (IOCTL_SERIAL_GET_COMMSTATUS);DOWN;;;"";;;COM3;;
5867;27/08/2026 13:43:06;IRP_MJ_DEVICE_CONTROL (IOCTL_SERIAL_GET_COMMSTATUS);UP;STATUS_SUCCESS;00 00 00 00 00 00 00 00 1b 00 00 00 00 00 00 00 00 00 00 00 ;"....................";20;;COM3;;
5868;27/08/2026 13:43:06;IRP_MJ_DEVICE_CONTROL (IOCTL_SERIAL_WAIT_ON_MASK);DOWN;;;"";;;COM3;;
5869;27/08/2026 13:43:06;IRP_MJ_DEVICE_CONTROL (IOCTL_SERIAL_GET_COMMSTATUS);DOWN;;;"";;;COM3;;
5870;27/08/2026 13:43:06;IRP_MJ_DEVICE_CONTROL (IOCTL_SERIAL_GET_COMMSTATUS);UP;STATUS_SUCCESS;00 00 00 00 00 00 00 00 1b 00 00 00 00 00 00 00 00 00 00 00 ;"....................";20;;COM3;;
5871;27/08/2026 13:43:06;IRP_MJ_DEVICE_CONTROL (IOCTL_SERIAL_WAIT_ON_MASK);UP;STATUS_SUCCESS;01 00 00 00 ;"....";4;;COM3;;
5872;27/08/2026 13:43:06;IRP_MJ_DEVICE_CONTROL (IOCTL_SERIAL_GET_COMMSTATUS);DOWN;;;"";;;COM3;;
5873;27/08/2026 13:43:06;IRP_MJ_DEVICE_CONTROL (IOCTL_SERIAL_GET_COMMSTATUS);UP;STATUS_SUCCESS;00 00 00 00 00 00 00 00 1c 00 00 00 00 00 00 00 00 00 00 00 ;"....................";20;;COM3;;
5874;27/08/2026 13:43:06;IRP_MJ_DEVICE_CONTROL (IOCTL_SERIAL_WAIT_ON_MASK);DOWN;;;"";;;COM3;;
5875;27/08/2026 13:43:06;IRP_MJ_DEVICE_CONTROL (IOCTL_SERIAL_WAIT_ON_MASK);UP;STATUS_SUCCESS;01 00 00 00 ;"....";4;;COM3;;
5876;27/08/2026 13:43:06;IRP_MJ_DEVICE_CONTROL (IOCTL_SERIAL_GET_COMMSTATUS);DOWN;;;"";;;COM3;;
5877;27/08/2026 13:43:06;IRP_MJ_DEVICE_CONTROL (IOCTL_SERIAL_GET_COMMSTATUS);UP;STATUS_SUCCESS;00 00 00 00 00 00 00 00 1d 00 00 00 00 00 00 00 00 00 00 00 ;"....................";20;;COM3;;
5878;27/08/2026 13:43:06;IRP_MJ_DEVICE_CONTROL (IOCTL_SERIAL_WAIT_ON_MASK);DOWN;;;"";;;COM3;;
5879;27/08/2026 13:43:06;IRP_MJ_DEVICE_CONTROL (IOCTL_SERIAL_WAIT_ON_MASK);UP;STATUS_SUCCESS;01 00 00 00 ;"....";4;;COM3;;
5880;27/08/2026 13:43:06;IRP_MJ_DEVICE_CONTROL (IOCTL_SERIAL_GET_COMMSTATUS);DOWN;;;"";;;COM3;;
5881;27/08/2026 13:43:06;IRP_MJ_DEVICE_CONTROL (IOCTL_SERIAL_GET_COMMSTATUS);UP;STATUS_SUCCESS;00 00 00 00 00 00 00 00 1e 00 00 00 00 00 00 00 00 00 00 00 ;"....................";20;;COM3;;
5882;27/08/2026 13:43:06;IRP_MJ_DEVICE_CONTROL (IOCTL_SERIAL_WAIT_ON_MASK);DOWN;;;"";;;COM3;;
5883;27/08/2026 13:43:06;IRP_MJ_DEVICE_CONTROL (IOCTL_SERIAL_WAIT_ON_MASK);UP;STATUS_SUCCESS;01 00 00 00 ;"....";4;;COM3;;
5884;27/08/2026 13:43:06;IRP_MJ_DEVICE_CONTROL (IOCTL_SERIAL_GET_COMMSTATUS);DOWN;;;"";;;COM3;;
5885;27/08/2026 13:43:06;IRP_MJ_DEVICE_CONTROL (IOCTL_SERIAL_GET_COMMSTATUS);UP;STATUS_SUCCESS;00 00 00 00 00 00 00 00 1f 00 00 00 00 00 00 00 00 00 00 00 ;"....................";20;;COM3;;
5886;27/08/2026 13:43:06;IRP_MJ_DEVICE_CONTROL (IOCTL_SERIAL_WAIT_ON_MASK);DOWN;;;"";;;COM3;;
5887;27/08/2026 13:43:06;IRP_MJ_DEVICE_CONTROL (IOCTL_SERIAL_WAIT_ON_MASK);UP;STATUS_SUCCESS;01 00 00 00 ;"....";4;;COM3;;
5888;27/08/2026 13:43:06;IRP_MJ_DEVICE_CONTROL (IOCTL_SERIAL_GET_COMMSTATUS);DOWN;;;"";;;COM3;;
5889;27/08/2026 13:43:06;IRP_MJ_DEVICE_CONTROL (IOCTL_SERIAL_GET_COMMSTATUS);UP;STATUS_SUCCESS;00 00 00 00 00 00 00 00 20 00 00 00 00 00 00 00 00 00 00 00 ;"........ ...........";20;;COM3;;
5890;27/08/2026 13:43:06;IRP_MJ_DEVICE_CONTROL (IOCTL_SERIAL_WAIT_ON_MASK);DOWN;;;"";;;COM3;;
5891;27/08/2026 13:43:06;IRP_MJ_DEVICE_CONTROL (IOCTL_SERIAL_WAIT_ON_MASK);UP;STATUS_SUCCESS;01 00 00 00 ;"....";4;;COM3;;
5892;27/08/2026 13:43:06;IRP_MJ_DEVICE_CONTROL (IOCTL_SERIAL_GET_COMMSTATUS);DOWN;;;"";;;COM3;;
5893;27/08/2026 13:43:06;IRP_MJ_DEVICE_CONTROL (IOCTL_SERIAL_GET_COMMSTATUS);UP;STATUS_SUCCESS;00 00 00 00 00 00 00 00 21 00 00 00 00 00 00 00 00 00 00 00 ;"........!...........";20;;COM3;;
5894;27/08/2026 13:43:06;IRP_MJ_DEVICE_CONTROL (IOCTL_SERIAL_WAIT_ON_MASK);DOWN;;;"";;;COM3;;
5895;27/08/2026 13:43:06;IRP_MJ_DEVICE_CONTROL (IOCTL_SERIAL_GET_COMMSTATUS);DOWN;;;"";;;COM3;;
5896;27/08/2026 13:43:06;IRP_MJ_DEVICE_CONTROL (IOCTL_SERIAL_GET_COMMSTATUS);UP;STATUS_SUCCESS;00 00 00 00 00 00 00 00 21 00 00 00 00 00 00 00 00 00 00 00 ;"........!...........";20;;COM3;;
5897;27/08/2026 13:43:06;IRP_MJ_DEVICE_CONTROL (IOCTL_SERIAL_WAIT_ON_MASK);UP;STATUS_SUCCESS;01 00 00 00 ;"....";4;;COM3;;
5898;27/08/2026 13:43:06;IRP_MJ_DEVICE_CONTROL (IOCTL_SERIAL_GET_COMMSTATUS);DOWN;;;"";;;COM3;;
5899;27/08/2026 13:43:06;IRP_MJ_DEVICE_CONTROL (IOCTL_SERIAL_GET_COMMSTATUS);UP;STATUS_SUCCESS;00 00 00 00 00 00 00 00 22 00 00 00 00 00 00 00 00 00 00 00 ;"........""...........";20;;COM3;;
5900;27/08/2026 13:43:06;IRP_MJ_DEVICE_CONTROL (IOCTL_SERIAL_WAIT_ON_MASK);DOWN;;;"";;;COM3;;
5901;27/08/2026 13:43:06;IRP_MJ_DEVICE_CONTROL (IOCTL_SERIAL_WAIT_ON_MASK);UP;STATUS_SUCCESS;01 00 00 00 ;"....";4;;COM3;;
5902;27/08/2026 13:43:06;IRP_MJ_DEVICE_CONTROL (IOCTL_SERIAL_GET_COMMSTATUS);DOWN;;;"";;;COM3;;
5903;27/08/2026 13:43:06;IRP_MJ_DEVICE_CONTROL (IOCTL_SERIAL_GET_COMMSTATUS);UP;STATUS_SUCCESS;00 00 00 00 00 00 00 00 23 00 00 00 00 00 00 00 00 00 00 00 ;"........#...........";20;;COM3;;
5904;27/08/2026 13:43:06;IRP_MJ_DEVICE_CONTROL (IOCTL_SERIAL_WAIT_ON_MASK);DOWN;;;"";;;COM3;;
5905;27/08/2026 13:43:06;IRP_MJ_DEVICE_CONTROL (IOCTL_SERIAL_WAIT_ON_MASK);UP;STATUS_SUCCESS;01 00 00 00 ;"....";4;;COM3;;
5906;27/08/2026 13:43:06;IRP_MJ_DEVICE_CONTROL (IOCTL_SERIAL_GET_COMMSTATUS);DOWN;;;"";;;COM3;;
5907;27/08/2026 13:43:06;IRP_MJ_DEVICE_CONTROL (IOCTL_SERIAL_GET_COMMSTATUS);UP;STATUS_SUCCESS;00 00 00 00 00 00 00 00 24 00 00 00 00 00 00 00 00 00 00 00 ;"........$...........";20;;COM3;;
5908;27/08/2026 13:43:06;IRP_MJ_DEVICE_CONTROL (IOCTL_SERIAL_WAIT_ON_MASK);DOWN;;;"";;;COM3;;
5909;27/08/2026 13:43:06;IRP_MJ_DEVICE_CONTROL (IOCTL_SERIAL_WAIT_ON_MASK);UP;STATUS_SUCCESS;01 00 00 00 ;"....";4;;COM3;;
5910;27/08/2026 13:43:06;IRP_MJ_DEVICE_CONTROL (IOCTL_SERIAL_GET_COMMSTATUS);DOWN;;;"";;;COM3;;
5911;27/08/2026 13:43:06;IRP_MJ_DEVICE_CONTROL (IOCTL_SERIAL_GET_COMMSTATUS);UP;STATUS_SUCCESS;00 00 00 00 00 00 00 00 25 00 00 00 00 00 00 00 00 00 00 00 ;"........%...........";20;;COM3;;
5912;27/08/2026 13:43:06;IRP_MJ_DEVICE_CONTROL (IOCTL_SERIAL_WAIT_ON_MASK);DOWN;;;"";;;COM3;;
5913;27/08/2026 13:43:06;IRP_MJ_DEVICE_CONTROL (IOCTL_SERIAL_WAIT_ON_MASK);UP;STATUS_SUCCESS;01 00 00 00 ;"....";4;;COM3;;
5914;27/08/2026 13:43:06;IRP_MJ_DEVICE_CONTROL (IOCTL_SERIAL_GET_COMMSTATUS);DOWN;;;"";;;COM3;;
5915;27/08/2026 13:43:06;IRP_MJ_DEVICE_CONTROL (IOCTL_SERIAL_GET_COMMSTATUS);UP;STATUS_SUCCESS;00 00 00 00 00 00 00 00 26 00 00 00 00 00 00 00 00 00 00 00 ;"........&...........";20;;COM3;;
5916;27/08/2026 13:43:06;IRP_MJ_DEVICE_CONTROL (IOCTL_SERIAL_WAIT_ON_MASK);DOWN;;;"";;;COM3;;
5917;27/08/2026 13:43:06;IRP_MJ_DEVICE_CONTROL (IOCTL_SERIAL_WAIT_ON_MASK);UP;STATUS_SUCCESS;01 00 00 00 ;"....";4;;COM3;;
5918;27/08/2026 13:43:06;IRP_MJ_DEVICE_CONTROL (IOCTL_SERIAL_GET_COMMSTATUS);DOWN;;;"";;;COM3;;
5919;27/08/2026 13:43:06;IRP_MJ_DEVICE_CONTROL (IOCTL_SERIAL_GET_COMMSTATUS);UP;STATUS_SUCCESS;00 00 00 00 00 00 00 00 27 00 00 00 00 00 00 00 00 00 00 00 ;"........'...........";20;;COM3;;
5920;27/08/2026 13:43:06;IRP_MJ_DEVICE_CONTROL (IOCTL_SERIAL_WAIT_ON_MASK);DOWN;;;"";;;COM3;;
5921;27/08/2026 13:43:06;IRP_MJ_DEVICE_CONTROL (IOCTL_SERIAL_WAIT_ON_MASK);UP;STATUS_SUCCESS;01 00 00 00 ;"....";4;;COM3;;
5922;27/08/2026 13:43:06;IRP_MJ_DEVICE_CONTROL (IOCTL_SERIAL_GET_COMMSTATUS);DOWN;;;"";;;COM3;;
5923;27/08/2026 13:43:06;IRP_MJ_DEVICE_CONTROL (IOCTL_SERIAL_GET_COMMSTATUS);UP;STATUS_SUCCESS;00 00 00 00 00 00 00 00 28 00 00 00 00 00 00 00 00 00 00 00 ;"........(...........";20;;COM3;;
5924;27/08/2026 13:43:06;IRP_MJ_DEVICE_CONTROL (IOCTL_SERIAL_WAIT_ON_MASK);DOWN;;;"";;;COM3;;
5925;27/08/2026 13:43:06;IRP_MJ_DEVICE_CONTROL (IOCTL_SERIAL_GET_COMMSTATUS);DOWN;;;"";;;COM3;;
5926;27/08/2026 13:43:06;IRP_MJ_DEVICE_CONTROL (IOCTL_SERIAL_GET_COMMSTATUS);UP;STATUS_SUCCESS;00 00 00 00 00 00 00 00 28 00 00 00 00 00 00 00 00 00 00 00 ;"........(...........";20;;COM3;;
5927;27/08/2026 13:43:06;IRP_MJ_DEVICE_CONTROL (IOCTL_SERIAL_WAIT_ON_MASK);UP;STATUS_SUCCESS;01 00 00 00 ;"....";4;;COM3;;
5928;27/08/2026 13:43:06;IRP_MJ_DEVICE_CONTROL (IOCTL_SERIAL_GET_COMMSTATUS);DOWN;;;"";;;COM3;;
5929;27/08/2026 13:43:06;IRP_MJ_DEVICE_CONTROL (IOCTL_SERIAL_GET_COMMSTATUS);UP;STATUS_SUCCESS;00 00 00 00 00 00 00 00 29 00 00 00 00 00 00 00 00 00 00 00 ;"........)...........";20;;COM3;;
5930;27/08/2026 13:43:06;IRP_MJ_DEVICE_CONTROL (IOCTL_SERIAL_WAIT_ON_MASK);DOWN;;;"";;;COM3;;
5931;27/08/2026 13:43:06;IRP_MJ_DEVICE_CONTROL (IOCTL_SERIAL_WAIT_ON_MASK);UP;STATUS_SUCCESS;01 00 00 00 ;"....";4;;COM3;;
5932;27/08/2026 13:43:06;IRP_MJ_DEVICE_CONTROL (IOCTL_SERIAL_GET_COMMSTATUS);DOWN;;;"";;;COM3;;
5933;27/08/2026 13:43:06;IRP_MJ_DEVICE_CONTROL (IOCTL_SERIAL_GET_COMMSTATUS);UP;STATUS_SUCCESS;00 00 00 00 00 00 00 00 2a 00 00 00 00 00 00 00 00 00 00 00 ;"........*...........";20;;COM3;;
5934;27/08/2026 13:43:06;IRP_MJ_DEVICE_CONTROL (IOCTL_SERIAL_WAIT_ON_MASK);DOWN;;;"";;;COM3;;
5935;27/08/2026 13:43:06;IRP_MJ_DEVICE_CONTROL (IOCTL_SERIAL_WAIT_ON_MASK);UP;STATUS_SUCCESS;01 00 00 00 ;"....";4;;COM3;;
5936;27/08/2026 13:43:06;IRP_MJ_DEVICE_CONTROL (IOCTL_SERIAL_GET_COMMSTATUS);DOWN;;;"";;;COM3;;
5937;27/08/2026 13:43:06;IRP_MJ_DEVICE_CONTROL (IOCTL_SERIAL_GET_COMMSTATUS);UP;STATUS_SUCCESS;00 00 00 00 00 00 00 00 2b 00 00 00 00 00 00 00 00 00 00 00 ;"........+...........";20;;COM3;;
5938;27/08/2026 13:43:06;IRP_MJ_DEVICE_CONTROL (IOCTL_SERIAL_WAIT_ON_MASK);DOWN;;;"";;;COM3;;
5939;27/08/2026 13:43:06;IRP_MJ_DEVICE_CONTROL (IOCTL_SERIAL_WAIT_ON_MASK);UP;STATUS_SUCCESS;01 00 00 00 ;"....";4;;COM3;;
5940;27/08/2026 13:43:06;IRP_MJ_DEVICE_CONTROL (IOCTL_SERIAL_GET_COMMSTATUS);DOWN;;;"";;;COM3;;
5941;27/08/2026 13:43:06;IRP_MJ_DEVICE_CONTROL (IOCTL_SERIAL_GET_COMMSTATUS);UP;STATUS_SUCCESS;00 00 00 00 00 00 00 00 2c 00 00 00 00 00 00 00 00 00 00 00 ;"........,...........";20;;COM3;;
5942;27/08/2026 13:43:06;IRP_MJ_DEVICE_CONTROL (IOCTL_SERIAL_WAIT_ON_MASK);DOWN;;;"";;;COM3;;
5943;27/08/2026 13:43:06;IRP_MJ_DEVICE_CONTROL (IOCTL_SERIAL_WAIT_ON_MASK);UP;STATUS_SUCCESS;01 00 00 00 ;"....";4;;COM3;;
5944;27/08/2026 13:43:06;IRP_MJ_DEVICE_CONTROL (IOCTL_SERIAL_GET_COMMSTATUS);DOWN;;;"";;;COM3;;
5945;27/08/2026 13:43:06;IRP_MJ_DEVICE_CONTROL (IOCTL_SERIAL_GET_COMMSTATUS);UP;STATUS_SUCCESS;00 00 00 00 00 00 00 00 2d 00 00 00 00 00 00 00 00 00 00 00 ;"........-...........";20;;COM3;;
5946;27/08/2026 13:43:06;IRP_MJ_DEVICE_CONTROL (IOCTL_SERIAL_WAIT_ON_MASK);DOWN;;;"";;;COM3;;
5947;27/08/2026 13:43:06;IRP_MJ_DEVICE_CONTROL (IOCTL_SERIAL_WAIT_ON_MASK);UP;STATUS_SUCCESS;01 00 00 00 ;"....";4;;COM3;;
5948;27/08/2026 13:43:06;IRP_MJ_DEVICE_CONTROL (IOCTL_SERIAL_GET_COMMSTATUS);DOWN;;;"";;;COM3;;
5949;27/08/2026 13:43:06;IRP_MJ_DEVICE_CONTROL (IOCTL_SERIAL_GET_COMMSTATUS);UP;STATUS_SUCCESS;00 00 00 00 00 00 00 00 2e 00 00 00 00 00 00 00 00 00 00 00 ;"....................";20;;COM3;;
5950;27/08/2026 13:43:06;IRP_MJ_DEVICE_CONTROL (IOCTL_SERIAL_WAIT_ON_MASK);DOWN;;;"";;;COM3;;
5951;27/08/2026 13:43:06;IRP_MJ_DEVICE_CONTROL (IOCTL_SERIAL_GET_COMMSTATUS);DOWN;;;"";;;COM3;;
5952;27/08/2026 13:43:06;IRP_MJ_DEVICE_CONTROL (IOCTL_SERIAL_GET_COMMSTATUS);UP;STATUS_SUCCESS;00 00 00 00 00 00 00 00 2e 00 00 00 00 00 00 00 00 00 00 00 ;"....................";20;;COM3;;
5953;27/08/2026 13:43:06;IRP_MJ_DEVICE_CONTROL (IOCTL_SERIAL_WAIT_ON_MASK);UP;STATUS_SUCCESS;01 00 00 00 ;"....";4;;COM3;;
5954;27/08/2026 13:43:06;IRP_MJ_DEVICE_CONTROL (IOCTL_SERIAL_GET_COMMSTATUS);DOWN;;;"";;;COM3;;
5955;27/08/2026 13:43:06;IRP_MJ_DEVICE_CONTROL (IOCTL_SERIAL_GET_COMMSTATUS);UP;STATUS_SUCCESS;00 00 00 00 00 00 00 00 2f 00 00 00 00 00 00 00 00 00 00 00 ;"......../...........";20;;COM3;;
5956;27/08/2026 13:43:06;IRP_MJ_DEVICE_CONTROL (IOCTL_SERIAL_WAIT_ON_MASK);DOWN;;;"";;;COM3;;
5957;27/08/2026 13:43:06;IRP_MJ_DEVICE_CONTROL (IOCTL_SERIAL_WAIT_ON_MASK);UP;STATUS_SUCCESS;01 00 00 00 ;"....";4;;COM3;;
5958;27/08/2026 13:43:06;IRP_MJ_DEVICE_CONTROL (IOCTL_SERIAL_GET_COMMSTATUS);DOWN;;;"";;;COM3;;
5959;27/08/2026 13:43:06;IRP_MJ_DEVICE_CONTROL (IOCTL_SERIAL_GET_COMMSTATUS);UP;STATUS_SUCCESS;00 00 00 00 00 00 00 00 30 00 00 00 00 00 00 00 00 00 00 00 ;"........0...........";20;;COM3;;
5960;27/08/2026 13:43:06;IRP_MJ_DEVICE_CONTROL (IOCTL_SERIAL_WAIT_ON_MASK);DOWN;;;"";;;COM3;;
5961;27/08/2026 13:43:06;IRP_MJ_DEVICE_CONTROL (IOCTL_SERIAL_WAIT_ON_MASK);UP;STATUS_SUCCESS;01 00 00 00 ;"....";4;;COM3;;
5962;27/08/2026 13:43:06;IRP_MJ_DEVICE_CONTROL (IOCTL_SERIAL_GET_COMMSTATUS);DOWN;;;"";;;COM3;;
5963;27/08/2026 13:43:06;IRP_MJ_DEVICE_CONTROL (IOCTL_SERIAL_GET_COMMSTATUS);UP;STATUS_SUCCESS;00 00 00 00 00 00 00 00 31 00 00 00 00 00 00 00 00 00 00 00 ;"........1...........";20;;COM3;;
5964;27/08/2026 13:43:06;IRP_MJ_DEVICE_CONTROL (IOCTL_SERIAL_WAIT_ON_MASK);DOWN;;;"";;;COM3;;
5965;27/08/2026 13:43:06;IRP_MJ_DEVICE_CONTROL (IOCTL_SERIAL_WAIT_ON_MASK);UP;STATUS_SUCCESS;01 00 00 00 ;"....";4;;COM3;;
5966;27/08/2026 13:43:06;IRP_MJ_DEVICE_CONTROL (IOCTL_SERIAL_GET_COMMSTATUS);DOWN;;;"";;;COM3;;
5967;27/08/2026 13:43:06;IRP_MJ_DEVICE_CONTROL (IOCTL_SERIAL_GET_COMMSTATUS);UP;STATUS_SUCCESS;00 00 00 00 00 00 00 00 32 00 00 00 00 00 00 00 00 00 00 00 ;"........2...........";20;;COM3;;
5968;27/08/2026 13:43:06;IRP_MJ_DEVICE_CONTROL (IOCTL_SERIAL_WAIT_ON_MASK);DOWN;;;"";;;COM3;;
5969;27/08/2026 13:43:06;IRP_MJ_DEVICE_CONTROL (IOCTL_SERIAL_WAIT_ON_MASK);UP;STATUS_SUCCESS;01 00 00 00 ;"....";4;;COM3;;
5970;27/08/2026 13:43:06;IRP_MJ_DEVICE_CONTROL (IOCTL_SERIAL_GET_COMMSTATUS);DOWN;;;"";;;COM3;;
5971;27/08/2026 13:43:06;IRP_MJ_DEVICE_CONTROL (IOCTL_SERIAL_GET_COMMSTATUS);UP;STATUS_SUCCESS;00 00 00 00 00 00 00 00 33 00 00 00 00 00 00 00 00 00 00 00 ;"........3...........";20;;COM3;;
5972;27/08/2026 13:43:06;IRP_MJ_DEVICE_CONTROL (IOCTL_SERIAL_WAIT_ON_MASK);DOWN;;;"";;;COM3;;
5973;27/08/2026 13:43:06;IRP_MJ_DEVICE_CONTROL (IOCTL_SERIAL_WAIT_ON_MASK);UP;STATUS_SUCCESS;01 00 00 00 ;"....";4;;COM3;;
5974;27/08/2026 13:43:06;IRP_MJ_DEVICE_CONTROL (IOCTL_SERIAL_GET_COMMSTATUS);DOWN;;;"";;;COM3;;
5975;27/08/2026 13:43:06;IRP_MJ_DEVICE_CONTROL (IOCTL_SERIAL_GET_COMMSTATUS);UP;STATUS_SUCCESS;00 00 00 00 00 00 00 00 34 00 00 00 00 00 00 00 00 00 00 00 ;"........4...........";20;;COM3;;
5976;27/08/2026 13:43:06;IRP_MJ_DEVICE_CONTROL (IOCTL_SERIAL_WAIT_ON_MASK);DOWN;;;"";;;COM3;;
5977;27/08/2026 13:43:06;IRP_MJ_DEVICE_CONTROL (IOCTL_SERIAL_WAIT_ON_MASK);UP;STATUS_SUCCESS;01 00 00 00 ;"....";4;;COM3;;
5978;27/08/2026 13:43:06;IRP_MJ_DEVICE_CONTROL (IOCTL_SERIAL_GET_COMMSTATUS);DOWN;;;"";;;COM3;;
5979;27/08/2026 13:43:06;IRP_MJ_DEVICE_CONTROL (IOCTL_SERIAL_GET_COMMSTATUS);UP;STATUS_SUCCESS;00 00 00 00 00 00 00 00 35 00 00 00 00 00 00 00 00 00 00 00 ;"........5...........";20;;COM3;;
5980;27/08/2026 13:43:06;IRP_MJ_DEVICE_CONTROL (IOCTL_SERIAL_WAIT_ON_MASK);DOWN;;;"";;;COM3;;
5981;27/08/2026 13:43:06;IRP_MJ_DEVICE_CONTROL (IOCTL_SERIAL_GET_COMMSTATUS);DOWN;;;"";;;COM3;;
5982;27/08/2026 13:43:06;IRP_MJ_DEVICE_CONTROL (IOCTL_SERIAL_GET_COMMSTATUS);UP;STATUS_SUCCESS;00 00 00 00 00 00 00 00 35 00 00 00 00 00 00 00 00 00 00 00 ;"........5...........";20;;COM3;;
5983;27/08/2026 13:43:06;IRP_MJ_DEVICE_CONTROL (IOCTL_SERIAL_WAIT_ON_MASK);UP;STATUS_SUCCESS;01 00 00 00 ;"....";4;;COM3;;
5984;27/08/2026 13:43:06;IRP_MJ_DEVICE_CONTROL (IOCTL_SERIAL_GET_COMMSTATUS);DOWN;;;"";;;COM3;;
5985;27/08/2026 13:43:06;IRP_MJ_DEVICE_CONTROL (IOCTL_SERIAL_GET_COMMSTATUS);UP;STATUS_SUCCESS;00 00 00 00 00 00 00 00 36 00 00 00 00 00 00 00 00 00 00 00 ;"........6...........";20;;COM3;;
5986;27/08/2026 13:43:06;IRP_MJ_DEVICE_CONTROL (IOCTL_SERIAL_WAIT_ON_MASK);DOWN;;;"";;;COM3;;
5987;27/08/2026 13:43:06;IRP_MJ_DEVICE_CONTROL (IOCTL_SERIAL_WAIT_ON_MASK);UP;STATUS_SUCCESS;01 00 00 00 ;"....";4;;COM3;;
5988;27/08/2026 13:43:06;IRP_MJ_DEVICE_CONTROL (IOCTL_SERIAL_GET_COMMSTATUS);DOWN;;;"";;;COM3;;
5989;27/08/2026 13:43:06;IRP_MJ_DEVICE_CONTROL (IOCTL_SERIAL_GET_COMMSTATUS);UP;STATUS_SUCCESS;00 00 00 00 00 00 00 00 37 00 00 00 00 00 00 00 00 00 00 00 ;"........7...........";20;;COM3;;
5990;27/08/2026 13:43:06;IRP_MJ_DEVICE_CONTROL (IOCTL_SERIAL_WAIT_ON_MASK);DOWN;;;"";;;COM3;;
5991;27/08/2026 13:43:06;IRP_MJ_DEVICE_CONTROL (IOCTL_SERIAL_WAIT_ON_MASK);UP;STATUS_SUCCESS;01 00 00 00 ;"....";4;;COM3;;
5992;27/08/2026 13:43:06;IRP_MJ_DEVICE_CONTROL (IOCTL_SERIAL_GET_COMMSTATUS);DOWN;;;"";;;COM3;;
5993;27/08/2026 13:43:06;IRP_MJ_DEVICE_CONTROL (IOCTL_SERIAL_GET_COMMSTATUS);UP;STATUS_SUCCESS;00 00 00 00 00 00 00 00 38 00 00 00 00 00 00 00 00 00 00 00 ;"........8...........";20;;COM3;;
5994;27/08/2026 13:43:06;IRP_MJ_DEVICE_CONTROL (IOCTL_SERIAL_WAIT_ON_MASK);DOWN;;;"";;;COM3;;
5995;27/08/2026 13:43:06;IRP_MJ_DEVICE_CONTROL (IOCTL_SERIAL_WAIT_ON_MASK);UP;STATUS_SUCCESS;01 00 00 00 ;"....";4;;COM3;;
5996;27/08/2026 13:43:06;IRP_MJ_DEVICE_CONTROL (IOCTL_SERIAL_GET_COMMSTATUS);DOWN;;;"";;;COM3;;
5997;27/08/2026 13:43:06;IRP_MJ_DEVICE_CONTROL (IOCTL_SERIAL_GET_COMMSTATUS);UP;STATUS_SUCCESS;00 00 00 00 00 00 00 00 39 00 00 00 00 00 00 00 00 00 00 00 ;"........9...........";20;;COM3;;
5998;27/08/2026 13:43:06;IRP_MJ_DEVICE_CONTROL (IOCTL_SERIAL_WAIT_ON_MASK);DOWN;;;"";;;COM3;;
5999;27/08/2026 13:43:06;IRP_MJ_DEVICE_CONTROL (IOCTL_SERIAL_WAIT_ON_MASK);UP;STATUS_SUCCESS;01 00 00 00 ;"....";4;;COM3;;
6000;27/08/2026 13:43:06;IRP_MJ_DEVICE_CONTROL (IOCTL_SERIAL_GET_COMMSTATUS);DOWN;;;"";;;COM3;;
6001;27/08/2026 13:43:06;IRP_MJ_DEVICE_CONTROL (IOCTL_SERIAL_GET_COMMSTATUS);UP;STATUS_SUCCESS;00 00 00 00 00 00 00 00 3a 00 00 00 00 00 00 00 00 00 00 00 ;"........:...........";20;;COM3;;
6002;27/08/2026 13:43:06;IRP_MJ_DEVICE_CONTROL (IOCTL_SERIAL_WAIT_ON_MASK);DOWN;;;"";;;COM3;;
6003;27/08/2026 13:43:06;IRP_MJ_DEVICE_CONTROL (IOCTL_SERIAL_WAIT_ON_MASK);UP;STATUS_SUCCESS;01 00 00 00 ;"....";4;;COM3;;
6004;27/08/2026 13:43:06;IRP_MJ_DEVICE_CONTROL (IOCTL_SERIAL_GET_COMMSTATUS);DOWN;;;"";;;COM3;;
6005;27/08/2026 13:43:06;IRP_MJ_DEVICE_CONTROL (IOCTL_SERIAL_GET_COMMSTATUS);UP;STATUS_SUCCESS;00 00 00 00 00 00 00 00 3b 00 00 00 00 00 00 00 00 00 00 00 ;"........;...........";20;;COM3;;
6006;27/08/2026 13:43:06;IRP_MJ_DEVICE_CONTROL (IOCTL_SERIAL_WAIT_ON_MASK);DOWN;;;"";;;COM3;;
6007;27/08/2026 13:43:06;IRP_MJ_DEVICE_CONTROL (IOCTL_SERIAL_GET_COMMSTATUS);DOWN;;;"";;;COM3;;
6008;27/08/2026 13:43:06;IRP_MJ_DEVICE_CONTROL (IOCTL_SERIAL_GET_COMMSTATUS);UP;STATUS_SUCCESS;00 00 00 00 00 00 00 00 3b 00 00 00 00 00 00 00 00 00 00 00 ;"........;...........";20;;COM3;;
6009;27/08/2026 13:43:06;IRP_MJ_DEVICE_CONTROL (IOCTL_SERIAL_WAIT_ON_MASK);UP;STATUS_SUCCESS;01 00 00 00 ;"....";4;;COM3;;
6010;27/08/2026 13:43:06;IRP_MJ_DEVICE_CONTROL (IOCTL_SERIAL_GET_COMMSTATUS);DOWN;;;"";;;COM3;;
6011;27/08/2026 13:43:06;IRP_MJ_DEVICE_CONTROL (IOCTL_SERIAL_GET_COMMSTATUS);UP;STATUS_SUCCESS;00 00 00 00 00 00 00 00 3c 00 00 00 00 00 00 00 00 00 00 00 ;"........<...........";20;;COM3;;
6012;27/08/2026 13:43:06;IRP_MJ_DEVICE_CONTROL (IOCTL_SERIAL_WAIT_ON_MASK);DOWN;;;"";;;COM3;;
6013;27/08/2026 13:43:06;IRP_MJ_DEVICE_CONTROL (IOCTL_SERIAL_WAIT_ON_MASK);UP;STATUS_SUCCESS;01 00 00 00 ;"....";4;;COM3;;
6014;27/08/2026 13:43:06;IRP_MJ_DEVICE_CONTROL (IOCTL_SERIAL_GET_COMMSTATUS);DOWN;;;"";;;COM3;;
6015;27/08/2026 13:43:06;IRP_MJ_DEVICE_CONTROL (IOCTL_SERIAL_GET_COMMSTATUS);UP;STATUS_SUCCESS;00 00 00 00 00 00 00 00 3d 00 00 00 00 00 00 00 00 00 00 00 ;"........=...........";20;;COM3;;
6016;27/08/2026 13:43:06;IRP_MJ_DEVICE_CONTROL (IOCTL_SERIAL_WAIT_ON_MASK);DOWN;;;"";;;COM3;;
6017;27/08/2026 13:43:06;IRP_MJ_DEVICE_CONTROL (IOCTL_SERIAL_WAIT_ON_MASK);UP;STATUS_SUCCESS;01 00 00 00 ;"....";4;;COM3;;
6018;27/08/2026 13:43:06;IRP_MJ_DEVICE_CONTROL (IOCTL_SERIAL_GET_COMMSTATUS);DOWN;;;"";;;COM3;;
6019;27/08/2026 13:43:06;IRP_MJ_DEVICE_CONTROL (IOCTL_SERIAL_GET_COMMSTATUS);UP;STATUS_SUCCESS;00 00 00 00 00 00 00 00 3e 00 00 00 00 00 00 00 00 00 00 00 ;"........>...........";20;;COM3;;
6020;27/08/2026 13:43:06;IRP_MJ_DEVICE_CONTROL (IOCTL_SERIAL_WAIT_ON_MASK);DOWN;;;"";;;COM3;;
6021;27/08/2026 13:43:06;IRP_MJ_DEVICE_CONTROL (IOCTL_SERIAL_WAIT_ON_MASK);UP;STATUS_SUCCESS;01 00 00 00 ;"....";4;;COM3;;
6022;27/08/2026 13:43:06;IRP_MJ_DEVICE_CONTROL (IOCTL_SERIAL_GET_COMMSTATUS);DOWN;;;"";;;COM3;;
6023;27/08/2026 13:43:06;IRP_MJ_DEVICE_CONTROL (IOCTL_SERIAL_GET_COMMSTATUS);UP;STATUS_SUCCESS;00 00 00 00 00 00 00 00 3f 00 00 00 00 00 00 00 00 00 00 00 ;"........?...........";20;;COM3;;
6024;27/08/2026 13:43:06;IRP_MJ_DEVICE_CONTROL (IOCTL_SERIAL_WAIT_ON_MASK);DOWN;;;"";;;COM3;;
6025;27/08/2026 13:43:06;IRP_MJ_DEVICE_CONTROL (IOCTL_SERIAL_WAIT_ON_MASK);UP;STATUS_SUCCESS;01 00 00 00 ;"....";4;;COM3;;
6026;27/08/2026 13:43:06;IRP_MJ_DEVICE_CONTROL (IOCTL_SERIAL_GET_COMMSTATUS);DOWN;;;"";;;COM3;;
6027;27/08/2026 13:43:06;IRP_MJ_DEVICE_CONTROL (IOCTL_SERIAL_GET_COMMSTATUS);UP;STATUS_SUCCESS;00 00 00 00 00 00 00 00 40 00 00 00 00 00 00 00 00 00 00 00 ;"........@...........";20;;COM3;;
6028;27/08/2026 13:43:06;IRP_MJ_DEVICE_CONTROL (IOCTL_SERIAL_WAIT_ON_MASK);DOWN;;;"";;;COM3;;
6029;27/08/2026 13:43:06;IRP_MJ_DEVICE_CONTROL (IOCTL_SERIAL_WAIT_ON_MASK);UP;STATUS_SUCCESS;01 00 00 00 ;"....";4;;COM3;;
6030;27/08/2026 13:43:06;IRP_MJ_DEVICE_CONTROL (IOCTL_SERIAL_GET_COMMSTATUS);DOWN;;;"";;;COM3;;
6031;27/08/2026 13:43:06;IRP_MJ_DEVICE_CONTROL (IOCTL_SERIAL_GET_COMMSTATUS);UP;STATUS_SUCCESS;00 00 00 00 00 00 00 00 41 00 00 00 00 00 00 00 00 00 00 00 ;"........A...........";20;;COM3;;
6032;27/08/2026 13:43:06;IRP_MJ_DEVICE_CONTROL (IOCTL_SERIAL_WAIT_ON_MASK);DOWN;;;"";;;COM3;;
6033;27/08/2026 13:43:06;IRP_MJ_DEVICE_CONTROL (IOCTL_SERIAL_WAIT_ON_MASK);UP;STATUS_SUCCESS;01 00 00 00 ;"....";4;;COM3;;
6034;27/08/2026 13:43:06;IRP_MJ_DEVICE_CONTROL (IOCTL_SERIAL_GET_COMMSTATUS);DOWN;;;"";;;COM3;;
6035;27/08/2026 13:43:06;IRP_MJ_DEVICE_CONTROL (IOCTL_SERIAL_GET_COMMSTATUS);UP;STATUS_SUCCESS;00 00 00 00 00 00 00 00 42 00 00 00 00 00 00 00 00 00 00 00 ;"........B...........";20;;COM3;;
6036;27/08/2026 13:43:06;IRP_MJ_DEVICE_CONTROL (IOCTL_SERIAL_WAIT_ON_MASK);DOWN;;;"";;;COM3;;
6037;27/08/2026 13:43:06;IRP_MJ_DEVICE_CONTROL (IOCTL_SERIAL_GET_COMMSTATUS);DOWN;;;"";;;COM3;;
6038;27/08/2026 13:43:06;IRP_MJ_DEVICE_CONTROL (IOCTL_SERIAL_GET_COMMSTATUS);UP;STATUS_SUCCESS;00 00 00 00 00 00 00 00 42 00 00 00 00 00 00 00 00 00 00 00 ;"........B...........";20;;COM3;;
6039;27/08/2026 13:43:06;IRP_MJ_DEVICE_CONTROL (IOCTL_SERIAL_WAIT_ON_MASK);UP;STATUS_SUCCESS;01 00 00 00 ;"....";4;;COM3;;
6040;27/08/2026 13:43:06;IRP_MJ_DEVICE_CONTROL (IOCTL_SERIAL_GET_COMMSTATUS);DOWN;;;"";;;COM3;;
6041;27/08/2026 13:43:06;IRP_MJ_DEVICE_CONTROL (IOCTL_SERIAL_GET_COMMSTATUS);UP;STATUS_SUCCESS;00 00 00 00 00 00 00 00 43 00 00 00 00 00 00 00 00 00 00 00 ;"........C...........";20;;COM3;;
6042;27/08/2026 13:43:06;IRP_MJ_DEVICE_CONTROL (IOCTL_SERIAL_WAIT_ON_MASK);DOWN;;;"";;;COM3;;
6043;27/08/2026 13:43:06;IRP_MJ_DEVICE_CONTROL (IOCTL_SERIAL_WAIT_ON_MASK);UP;STATUS_SUCCESS;01 00 00 00 ;"....";4;;COM3;;
6044;27/08/2026 13:43:06;IRP_MJ_DEVICE_CONTROL (IOCTL_SERIAL_GET_COMMSTATUS);DOWN;;;"";;;COM3;;
6045;27/08/2026 13:43:06;IRP_MJ_DEVICE_CONTROL (IOCTL_SERIAL_GET_COMMSTATUS);UP;STATUS_SUCCESS;00 00 00 00 00 00 00 00 44 00 00 00 00 00 00 00 00 00 00 00 ;"........D...........";20;;COM3;;
6046;27/08/2026 13:43:06;IRP_MJ_DEVICE_CONTROL (IOCTL_SERIAL_WAIT_ON_MASK);DOWN;;;"";;;COM3;;
6047;27/08/2026 13:43:06;IRP_MJ_DEVICE_CONTROL (IOCTL_SERIAL_WAIT_ON_MASK);UP;STATUS_SUCCESS;01 00 00 00 ;"....";4;;COM3;;
6048;27/08/2026 13:43:06;IRP_MJ_DEVICE_CONTROL (IOCTL_SERIAL_GET_COMMSTATUS);DOWN;;;"";;;COM3;;
6049;27/08/2026 13:43:06;IRP_MJ_DEVICE_CONTROL (IOCTL_SERIAL_GET_COMMSTATUS);UP;STATUS_SUCCESS;00 00 00 00 00 00 00 00 45 00 00 00 00 00 00 00 00 00 00 00 ;"........E...........";20;;COM3;;
6050;27/08/2026 13:43:06;IRP_MJ_DEVICE_CONTROL (IOCTL_SERIAL_WAIT_ON_MASK);DOWN;;;"";;;COM3;;
6051;27/08/2026 13:43:06;IRP_MJ_DEVICE_CONTROL (IOCTL_SERIAL_WAIT_ON_MASK);UP;STATUS_SUCCESS;01 00 00 00 ;"....";4;;COM3;;
6052;27/08/2026 13:43:06;IRP_MJ_DEVICE_CONTROL (IOCTL_SERIAL_GET_COMMSTATUS);DOWN;;;"";;;COM3;;
6053;27/08/2026 13:43:06;IRP_MJ_DEVICE_CONTROL (IOCTL_SERIAL_GET_COMMSTATUS);UP;STATUS_SUCCESS;00 00 00 00 00 00 00 00 46 00 00 00 00 00 00 00 00 00 00 00 ;"........F...........";20;;COM3;;
6054;27/08/2026 13:43:06;IRP_MJ_DEVICE_CONTROL (IOCTL_SERIAL_WAIT_ON_MASK);DOWN;;;"";;;COM3;;
6055;27/08/2026 13:43:06;IRP_MJ_DEVICE_CONTROL (IOCTL_SERIAL_WAIT_ON_MASK);UP;STATUS_SUCCESS;01 00 00 00 ;"....";4;;COM3;;
6056;27/08/2026 13:43:06;IRP_MJ_DEVICE_CONTROL (IOCTL_SERIAL_GET_COMMSTATUS);DOWN;;;"";;;COM3;;
6057;27/08/2026 13:43:06;IRP_MJ_DEVICE_CONTROL (IOCTL_SERIAL_GET_COMMSTATUS);UP;STATUS_SUCCESS;00 00 00 00 00 00 00 00 47 00 00 00 00 00 00 00 00 00 00 00 ;"........G...........";20;;COM3;;
6058;27/08/2026 13:43:06;IRP_MJ_DEVICE_CONTROL (IOCTL_SERIAL_WAIT_ON_MASK);DOWN;;;"";;;COM3;;
6059;27/08/2026 13:43:06;IRP_MJ_DEVICE_CONTROL (IOCTL_SERIAL_WAIT_ON_MASK);UP;STATUS_SUCCESS;01 00 00 00 ;"....";4;;COM3;;
6060;27/08/2026 13:43:06;IRP_MJ_DEVICE_CONTROL (IOCTL_SERIAL_GET_COMMSTATUS);DOWN;;;"";;;COM3;;
6061;27/08/2026 13:43:06;IRP_MJ_DEVICE_CONTROL (IOCTL_SERIAL_GET_COMMSTATUS);UP;STATUS_SUCCESS;00 00 00 00 00 00 00 00 48 00 00 00 00 00 00 00 00 00 00 00 ;"........H...........";20;;COM3;;
6062;27/08/2026 13:43:06;IRP_MJ_DEVICE_CONTROL (IOCTL_SERIAL_WAIT_ON_MASK);DOWN;;;"";;;COM3;;
6063;27/08/2026 13:43:06;IRP_MJ_DEVICE_CONTROL (IOCTL_SERIAL_GET_COMMSTATUS);DOWN;;;"";;;COM3;;
6064;27/08/2026 13:43:06;IRP_MJ_DEVICE_CONTROL (IOCTL_SERIAL_GET_COMMSTATUS);UP;STATUS_SUCCESS;00 00 00 00 00 00 00 00 48 00 00 00 00 00 00 00 00 00 00 00 ;"........H...........";20;;COM3;;
6065;27/08/2026 13:43:06;IRP_MJ_DEVICE_CONTROL (IOCTL_SERIAL_WAIT_ON_MASK);UP;STATUS_SUCCESS;01 00 00 00 ;"....";4;;COM3;;
6066;27/08/2026 13:43:06;IRP_MJ_DEVICE_CONTROL (IOCTL_SERIAL_GET_COMMSTATUS);DOWN;;;"";;;COM3;;
6067;27/08/2026 13:43:06;IRP_MJ_DEVICE_CONTROL (IOCTL_SERIAL_GET_COMMSTATUS);UP;STATUS_SUCCESS;00 00 00 00 00 00 00 00 49 00 00 00 00 00 00 00 00 00 00 00 ;"........I...........";20;;COM3;;
6068;27/08/2026 13:43:06;IRP_MJ_DEVICE_CONTROL (IOCTL_SERIAL_WAIT_ON_MASK);DOWN;;;"";;;COM3;;
6069;27/08/2026 13:43:06;IRP_MJ_DEVICE_CONTROL (IOCTL_SERIAL_WAIT_ON_MASK);UP;STATUS_SUCCESS;01 00 00 00 ;"....";4;;COM3;;
6070;27/08/2026 13:43:06;IRP_MJ_DEVICE_CONTROL (IOCTL_SERIAL_GET_COMMSTATUS);DOWN;;;"";;;COM3;;
6071;27/08/2026 13:43:06;IRP_MJ_DEVICE_CONTROL (IOCTL_SERIAL_GET_COMMSTATUS);UP;STATUS_SUCCESS;00 00 00 00 00 00 00 00 4a 00 00 00 00 00 00 00 00 00 00 00 ;"........J...........";20;;COM3;;
6072;27/08/2026 13:43:06;IRP_MJ_DEVICE_CONTROL (IOCTL_SERIAL_WAIT_ON_MASK);DOWN;;;"";;;COM3;;
6073;27/08/2026 13:43:06;IRP_MJ_DEVICE_CONTROL (IOCTL_SERIAL_WAIT_ON_MASK);UP;STATUS_SUCCESS;01 00 00 00 ;"....";4;;COM3;;
6074;27/08/2026 13:43:06;IRP_MJ_DEVICE_CONTROL (IOCTL_SERIAL_GET_COMMSTATUS);DOWN;;;"";;;COM3;;
6075;27/08/2026 13:43:06;IRP_MJ_DEVICE_CONTROL (IOCTL_SERIAL_GET_COMMSTATUS);UP;STATUS_SUCCESS;00 00 00 00 00 00 00 00 4b 00 00 00 00 00 00 00 00 00 00 00 ;"........K...........";20;;COM3;;
6076;27/08/2026 13:43:06;IRP_MJ_DEVICE_CONTROL (IOCTL_SERIAL_WAIT_ON_MASK);DOWN;;;"";;;COM3;;
6077;27/08/2026 13:43:06;IRP_MJ_DEVICE_CONTROL (IOCTL_SERIAL_WAIT_ON_MASK);UP;STATUS_SUCCESS;01 00 00 00 ;"....";4;;COM3;;
6078;27/08/2026 13:43:06;IRP_MJ_DEVICE_CONTROL (IOCTL_SERIAL_GET_COMMSTATUS);DOWN;;;"";;;COM3;;
6079;27/08/2026 13:43:06;IRP_MJ_DEVICE_CONTROL (IOCTL_SERIAL_GET_COMMSTATUS);UP;STATUS_SUCCESS;00 00 00 00 00 00 00 00 4c 00 00 00 00 00 00 00 00 00 00 00 ;"........L...........";20;;COM3;;
6080;27/08/2026 13:43:06;IRP_MJ_DEVICE_CONTROL (IOCTL_SERIAL_WAIT_ON_MASK);DOWN;;;"";;;COM3;;
6081;27/08/2026 13:43:06;IRP_MJ_DEVICE_CONTROL (IOCTL_SERIAL_WAIT_ON_MASK);UP;STATUS_SUCCESS;01 00 00 00 ;"....";4;;COM3;;
6082;27/08/2026 13:43:06;IRP_MJ_DEVICE_CONTROL (IOCTL_SERIAL_GET_COMMSTATUS);DOWN;;;"";;;COM3;;
6083;27/08/2026 13:43:06;IRP_MJ_DEVICE_CONTROL (IOCTL_SERIAL_GET_COMMSTATUS);UP;STATUS_SUCCESS;00 00 00 00 00 00 00 00 4d 00 00 00 00 00 00 00 00 00 00 00 ;"........M...........";20;;COM3;;
6084;27/08/2026 13:43:06;IRP_MJ_DEVICE_CONTROL (IOCTL_SERIAL_WAIT_ON_MASK);DOWN;;;"";;;COM3;;
6085;27/08/2026 13:43:06;IRP_MJ_DEVICE_CONTROL (IOCTL_SERIAL_WAIT_ON_MASK);UP;STATUS_SUCCESS;01 00 00 00 ;"....";4;;COM3;;
6086;27/08/2026 13:43:06;IRP_MJ_DEVICE_CONTROL (IOCTL_SERIAL_GET_COMMSTATUS);DOWN;;;"";;;COM3;;
6087;27/08/2026 13:43:06;IRP_MJ_DEVICE_CONTROL (IOCTL_SERIAL_GET_COMMSTATUS);UP;STATUS_SUCCESS;00 00 00 00 00 00 00 00 4e 00 00 00 00 00 00 00 00 00 00 00 ;"........N...........";20;;COM3;;
6088;27/08/2026 13:43:06;IRP_MJ_DEVICE_CONTROL (IOCTL_SERIAL_WAIT_ON_MASK);DOWN;;;"";;;COM3;;
6089;27/08/2026 13:43:06;IRP_MJ_DEVICE_CONTROL (IOCTL_SERIAL_GET_COMMSTATUS);DOWN;;;"";;;COM3;;
6090;27/08/2026 13:43:06;IRP_MJ_DEVICE_CONTROL (IOCTL_SERIAL_GET_COMMSTATUS);UP;STATUS_SUCCESS;00 00 00 00 00 00 00 00 4e 00 00 00 00 00 00 00 00 00 00 00 ;"........N...........";20;;COM3;;
6091;27/08/2026 13:43:06;IRP_MJ_DEVICE_CONTROL (IOCTL_SERIAL_WAIT_ON_MASK);UP;STATUS_SUCCESS;01 00 00 00 ;"....";4;;COM3;;
6092;27/08/2026 13:43:06;IRP_MJ_DEVICE_CONTROL (IOCTL_SERIAL_GET_COMMSTATUS);DOWN;;;"";;;COM3;;
6093;27/08/2026 13:43:06;IRP_MJ_DEVICE_CONTROL (IOCTL_SERIAL_GET_COMMSTATUS);UP;STATUS_SUCCESS;00 00 00 00 00 00 00 00 4f 00 00 00 00 00 00 00 00 00 00 00 ;"........O...........";20;;COM3;;
6094;27/08/2026 13:43:06;IRP_MJ_DEVICE_CONTROL (IOCTL_SERIAL_WAIT_ON_MASK);DOWN;;;"";;;COM3;;
6095;27/08/2026 13:43:06;IRP_MJ_DEVICE_CONTROL (IOCTL_SERIAL_WAIT_ON_MASK);UP;STATUS_SUCCESS;01 00 00 00 ;"....";4;;COM3;;
6096;27/08/2026 13:43:06;IRP_MJ_DEVICE_CONTROL (IOCTL_SERIAL_GET_COMMSTATUS);DOWN;;;"";;;COM3;;
6097;27/08/2026 13:43:06;IRP_MJ_DEVICE_CONTROL (IOCTL_SERIAL_GET_COMMSTATUS);UP;STATUS_SUCCESS;00 00 00 00 00 00 00 00 50 00 00 00 00 00 00 00 00 00 00 00 ;"........P...........";20;;COM3;;
6098;27/08/2026 13:43:06;IRP_MJ_DEVICE_CONTROL (IOCTL_SERIAL_WAIT_ON_MASK);DOWN;;;"";;;COM3;;
6099;27/08/2026 13:43:06;IRP_MJ_DEVICE_CONTROL (IOCTL_SERIAL_WAIT_ON_MASK);UP;STATUS_SUCCESS;01 00 00 00 ;"....";4;;COM3;;
6100;27/08/2026 13:43:06;IRP_MJ_DEVICE_CONTROL (IOCTL_SERIAL_GET_COMMSTATUS);DOWN;;;"";;;COM3;;
6101;27/08/2026 13:43:06;IRP_MJ_DEVICE_CONTROL (IOCTL_SERIAL_GET_COMMSTATUS);UP;STATUS_SUCCESS;00 00 00 00 00 00 00 00 51 00 00 00 00 00 00 00 00 00 00 00 ;"........Q...........";20;;COM3;;
6102;27/08/2026 13:43:06;IRP_MJ_DEVICE_CONTROL (IOCTL_SERIAL_WAIT_ON_MASK);DOWN;;;"";;;COM3;;
6103;27/08/2026 13:43:06;IRP_MJ_DEVICE_CONTROL (IOCTL_SERIAL_WAIT_ON_MASK);UP;STATUS_SUCCESS;01 00 00 00 ;"....";4;;COM3;;
6104;27/08/2026 13:43:06;IRP_MJ_DEVICE_CONTROL (IOCTL_SERIAL_GET_COMMSTATUS);DOWN;;;"";;;COM3;;
6105;27/08/2026 13:43:06;IRP_MJ_DEVICE_CONTROL (IOCTL_SERIAL_GET_COMMSTATUS);UP;STATUS_SUCCESS;00 00 00 00 00 00 00 00 52 00 00 00 00 00 00 00 00 00 00 00 ;"........R...........";20;;COM3;;
6106;27/08/2026 13:43:06;IRP_MJ_DEVICE_CONTROL (IOCTL_SERIAL_WAIT_ON_MASK);DOWN;;;"";;;COM3;;
6107;27/08/2026 13:43:06;IRP_MJ_DEVICE_CONTROL (IOCTL_SERIAL_WAIT_ON_MASK);UP;STATUS_SUCCESS;01 00 00 00 ;"....";4;;COM3;;
6108;27/08/2026 13:43:06;IRP_MJ_DEVICE_CONTROL (IOCTL_SERIAL_GET_COMMSTATUS);DOWN;;;"";;;COM3;;
6109;27/08/2026 13:43:06;IRP_MJ_DEVICE_CONTROL (IOCTL_SERIAL_GET_COMMSTATUS);UP;STATUS_SUCCESS;00 00 00 00 00 00 00 00 53 00 00 00 00 00 00 00 00 00 00 00 ;"........S...........";20;;COM3;;
6110;27/08/2026 13:43:06;IRP_MJ_DEVICE_CONTROL (IOCTL_SERIAL_WAIT_ON_MASK);DOWN;;;"";;;COM3;;
6111;27/08/2026 13:43:06;IRP_MJ_DEVICE_CONTROL (IOCTL_SERIAL_WAIT_ON_MASK);UP;STATUS_SUCCESS;01 00 00 00 ;"....";4;;COM3;;
6112;27/08/2026 13:43:06;IRP_MJ_DEVICE_CONTROL (IOCTL_SERIAL_GET_COMMSTATUS);DOWN;;;"";;;COM3;;
6113;27/08/2026 13:43:06;IRP_MJ_DEVICE_CONTROL (IOCTL_SERIAL_GET_COMMSTATUS);UP;STATUS_SUCCESS;00 00 00 00 00 00 00 00 54 00 00 00 00 00 00 00 00 00 00 00 ;"........T...........";20;;COM3;;
6114;27/08/2026 13:43:06;IRP_MJ_DEVICE_CONTROL (IOCTL_SERIAL_WAIT_ON_MASK);DOWN;;;"";;;COM3;;
6115;27/08/2026 13:43:06;IRP_MJ_DEVICE_CONTROL (IOCTL_SERIAL_WAIT_ON_MASK);UP;STATUS_SUCCESS;01 00 00 00 ;"....";4;;COM3;;
6116;27/08/2026 13:43:06;IRP_MJ_DEVICE_CONTROL (IOCTL_SERIAL_GET_COMMSTATUS);DOWN;;;"";;;COM3;;
6117;27/08/2026 13:43:06;IRP_MJ_DEVICE_CONTROL (IOCTL_SERIAL_GET_COMMSTATUS);UP;STATUS_SUCCESS;00 00 00 00 00 00 00 00 55 00 00 00 00 00 00 00 00 00 00 00 ;"........U...........";20;;COM3;;
6118;27/08/2026 13:43:06;IRP_MJ_DEVICE_CONTROL (IOCTL_SERIAL_WAIT_ON_MASK);DOWN;;;"";;;COM3;;
6119;27/08/2026 13:43:06;IRP_MJ_DEVICE_CONTROL (IOCTL_SERIAL_WAIT_ON_MASK);UP;STATUS_SUCCESS;01 00 00 00 ;"....";4;;COM3;;
6120;27/08/2026 13:43:06;IRP_MJ_DEVICE_CONTROL (IOCTL_SERIAL_GET_COMMSTATUS);DOWN;;;"";;;COM3;;
6121;27/08/2026 13:43:06;IRP_MJ_DEVICE_CONTROL (IOCTL_SERIAL_GET_COMMSTATUS);UP;STATUS_SUCCESS;00 00 00 00 00 00 00 00 56 00 00 00 00 00 00 00 00 00 00 00 ;"........V...........";20;;COM3;;
6122;27/08/2026 13:43:06;IRP_MJ_DEVICE_CONTROL (IOCTL_SERIAL_WAIT_ON_MASK);DOWN;;;"";;;COM3;;
6123;27/08/2026 13:43:06;IRP_MJ_DEVICE_CONTROL (IOCTL_SERIAL_GET_COMMSTATUS);DOWN;;;"";;;COM3;;
6124;27/08/2026 13:43:06;IRP_MJ_DEVICE_CONTROL (IOCTL_SERIAL_GET_COMMSTATUS);UP;STATUS_SUCCESS;00 00 00 00 00 00 00 00 56 00 00 00 00 00 00 00 00 00 00 00 ;"........V...........";20;;COM3;;
6125;27/08/2026 13:43:06;IRP_MJ_DEVICE_CONTROL (IOCTL_SERIAL_WAIT_ON_MASK);UP;STATUS_SUCCESS;01 00 00 00 ;"....";4;;COM3;;
6126;27/08/2026 13:43:06;IRP_MJ_DEVICE_CONTROL (IOCTL_SERIAL_GET_COMMSTATUS);DOWN;;;"";;;COM3;;
6127;27/08/2026 13:43:06;IRP_MJ_DEVICE_CONTROL (IOCTL_SERIAL_GET_COMMSTATUS);UP;STATUS_SUCCESS;00 00 00 00 00 00 00 00 57 00 00 00 00 00 00 00 00 00 00 00 ;"........W...........";20;;COM3;;
6128;27/08/2026 13:43:06;IRP_MJ_DEVICE_CONTROL (IOCTL_SERIAL_WAIT_ON_MASK);DOWN;;;"";;;COM3;;
6129;27/08/2026 13:43:06;IRP_MJ_DEVICE_CONTROL (IOCTL_SERIAL_WAIT_ON_MASK);UP;STATUS_SUCCESS;01 00 00 00 ;"....";4;;COM3;;
6130;27/08/2026 13:43:06;IRP_MJ_DEVICE_CONTROL (IOCTL_SERIAL_GET_COMMSTATUS);DOWN;;;"";;;COM3;;
6131;27/08/2026 13:43:06;IRP_MJ_DEVICE_CONTROL (IOCTL_SERIAL_GET_COMMSTATUS);UP;STATUS_SUCCESS;00 00 00 00 00 00 00 00 58 00 00 00 00 00 00 00 00 00 00 00 ;"........X...........";20;;COM3;;
6132;27/08/2026 13:43:06;IRP_MJ_DEVICE_CONTROL (IOCTL_SERIAL_WAIT_ON_MASK);DOWN;;;"";;;COM3;;
6133;27/08/2026 13:43:06;IRP_MJ_DEVICE_CONTROL (IOCTL_SERIAL_WAIT_ON_MASK);UP;STATUS_SUCCESS;01 00 00 00 ;"....";4;;COM3;;
6134;27/08/2026 13:43:06;IRP_MJ_DEVICE_CONTROL (IOCTL_SERIAL_GET_COMMSTATUS);DOWN;;;"";;;COM3;;
6135;27/08/2026 13:43:06;IRP_MJ_DEVICE_CONTROL (IOCTL_SERIAL_GET_COMMSTATUS);UP;STATUS_SUCCESS;00 00 00 00 00 00 00 00 59 00 00 00 00 00 00 00 00 00 00 00 ;"........Y...........";20;;COM3;;
6136;27/08/2026 13:43:06;IRP_MJ_DEVICE_CONTROL (IOCTL_SERIAL_WAIT_ON_MASK);DOWN;;;"";;;COM3;;
6137;27/08/2026 13:43:06;IRP_MJ_DEVICE_CONTROL (IOCTL_SERIAL_WAIT_ON_MASK);UP;STATUS_SUCCESS;01 00 00 00 ;"....";4;;COM3;;
6138;27/08/2026 13:43:06;IRP_MJ_DEVICE_CONTROL (IOCTL_SERIAL_GET_COMMSTATUS);DOWN;;;"";;;COM3;;
6139;27/08/2026 13:43:06;IRP_MJ_DEVICE_CONTROL (IOCTL_SERIAL_GET_COMMSTATUS);UP;STATUS_SUCCESS;00 00 00 00 00 00 00 00 5a 00 00 00 00 00 00 00 00 00 00 00 ;"........Z...........";20;;COM3;;
6140;27/08/2026 13:43:06;IRP_MJ_DEVICE_CONTROL (IOCTL_SERIAL_WAIT_ON_MASK);DOWN;;;"";;;COM3;;
6141;27/08/2026 13:43:06;IRP_MJ_DEVICE_CONTROL (IOCTL_SERIAL_WAIT_ON_MASK);UP;STATUS_SUCCESS;01 00 00 00 ;"....";4;;COM3;;
6142;27/08/2026 13:43:06;IRP_MJ_DEVICE_CONTROL (IOCTL_SERIAL_GET_COMMSTATUS);DOWN;;;"";;;COM3;;
6143;27/08/2026 13:43:06;IRP_MJ_DEVICE_CONTROL (IOCTL_SERIAL_GET_COMMSTATUS);UP;STATUS_SUCCESS;00 00 00 00 00 00 00 00 5b 00 00 00 00 00 00 00 00 00 00 00 ;"........[...........";20;;COM3;;
6144;27/08/2026 13:43:06;IRP_MJ_DEVICE_CONTROL (IOCTL_SERIAL_WAIT_ON_MASK);DOWN;;;"";;;COM3;;
6145;27/08/2026 13:43:06;IRP_MJ_DEVICE_CONTROL (IOCTL_SERIAL_WAIT_ON_MASK);UP;STATUS_SUCCESS;01 00 00 00 ;"....";4;;COM3;;
6146;27/08/2026 13:43:06;IRP_MJ_DEVICE_CONTROL (IOCTL_SERIAL_GET_COMMSTATUS);DOWN;;;"";;;COM3;;
6147;27/08/2026 13:43:06;IRP_MJ_DEVICE_CONTROL (IOCTL_SERIAL_GET_COMMSTATUS);UP;STATUS_SUCCESS;00 00 00 00 00 00 00 00 5c 00 00 00 00 00 00 00 00 00 00 00 ;"........\...........";20;;COM3;;
6148;27/08/2026 13:43:06;IRP_MJ_DEVICE_CONTROL (IOCTL_SERIAL_WAIT_ON_MASK);DOWN;;;"";;;COM3;;
6149;27/08/2026 13:43:06;IRP_MJ_DEVICE_CONTROL (IOCTL_SERIAL_GET_COMMSTATUS);DOWN;;;"";;;COM3;;
6150;27/08/2026 13:43:06;IRP_MJ_DEVICE_CONTROL (IOCTL_SERIAL_GET_COMMSTATUS);UP;STATUS_SUCCESS;00 00 00 00 00 00 00 00 5c 00 00 00 00 00 00 00 00 00 00 00 ;"........\...........";20;;COM3;;
6151;27/08/2026 13:43:06;IRP_MJ_DEVICE_CONTROL (IOCTL_SERIAL_WAIT_ON_MASK);UP;STATUS_SUCCESS;01 00 00 00 ;"....";4;;COM3;;
6152;27/08/2026 13:43:06;IRP_MJ_DEVICE_CONTROL (IOCTL_SERIAL_GET_COMMSTATUS);DOWN;;;"";;;COM3;;
6153;27/08/2026 13:43:06;IRP_MJ_DEVICE_CONTROL (IOCTL_SERIAL_GET_COMMSTATUS);UP;STATUS_SUCCESS;00 00 00 00 00 00 00 00 5d 00 00 00 00 00 00 00 00 00 00 00 ;"........]...........";20;;COM3;;
6154;27/08/2026 13:43:06;IRP_MJ_DEVICE_CONTROL (IOCTL_SERIAL_WAIT_ON_MASK);DOWN;;;"";;;COM3;;
6155;27/08/2026 13:43:06;IRP_MJ_DEVICE_CONTROL (IOCTL_SERIAL_WAIT_ON_MASK);UP;STATUS_SUCCESS;01 00 00 00 ;"....";4;;COM3;;
6156;27/08/2026 13:43:06;IRP_MJ_DEVICE_CONTROL (IOCTL_SERIAL_GET_COMMSTATUS);DOWN;;;"";;;COM3;;
6157;27/08/2026 13:43:06;IRP_MJ_DEVICE_CONTROL (IOCTL_SERIAL_GET_COMMSTATUS);UP;STATUS_SUCCESS;00 00 00 00 00 00 00 00 5e 00 00 00 00 00 00 00 00 00 00 00 ;"........^...........";20;;COM3;;
6158;27/08/2026 13:43:06;IRP_MJ_DEVICE_CONTROL (IOCTL_SERIAL_WAIT_ON_MASK);DOWN;;;"";;;COM3;;
6159;27/08/2026 13:43:06;IRP_MJ_DEVICE_CONTROL (IOCTL_SERIAL_WAIT_ON_MASK);UP;STATUS_SUCCESS;01 00 00 00 ;"....";4;;COM3;;
6160;27/08/2026 13:43:06;IRP_MJ_DEVICE_CONTROL (IOCTL_SERIAL_GET_COMMSTATUS);DOWN;;;"";;;COM3;;
6161;27/08/2026 13:43:06;IRP_MJ_DEVICE_CONTROL (IOCTL_SERIAL_GET_COMMSTATUS);UP;STATUS_SUCCESS;00 00 00 00 00 00 00 00 5f 00 00 00 00 00 00 00 00 00 00 00 ;"........_...........";20;;COM3;;
6162;27/08/2026 13:43:06;IRP_MJ_DEVICE_CONTROL (IOCTL_SERIAL_WAIT_ON_MASK);DOWN;;;"";;;COM3;;
6163;27/08/2026 13:43:06;IRP_MJ_DEVICE_CONTROL (IOCTL_SERIAL_WAIT_ON_MASK);UP;STATUS_SUCCESS;01 00 00 00 ;"....";4;;COM3;;
6164;27/08/2026 13:43:06;IRP_MJ_DEVICE_CONTROL (IOCTL_SERIAL_GET_COMMSTATUS);DOWN;;;"";;;COM3;;
6165;27/08/2026 13:43:06;IRP_MJ_DEVICE_CONTROL (IOCTL_SERIAL_GET_COMMSTATUS);UP;STATUS_SUCCESS;00 00 00 00 00 00 00 00 60 00 00 00 00 00 00 00 00 00 00 00 ;"........`...........";20;;COM3;;
6166;27/08/2026 13:43:06;IRP_MJ_DEVICE_CONTROL (IOCTL_SERIAL_WAIT_ON_MASK);DOWN;;;"";;;COM3;;
6167;27/08/2026 13:43:06;IRP_MJ_DEVICE_CONTROL (IOCTL_SERIAL_WAIT_ON_MASK);UP;STATUS_SUCCESS;01 00 00 00 ;"....";4;;COM3;;
6168;27/08/2026 13:43:06;IRP_MJ_DEVICE_CONTROL (IOCTL_SERIAL_GET_COMMSTATUS);DOWN;;;"";;;COM3;;
6169;27/08/2026 13:43:06;IRP_MJ_DEVICE_CONTROL (IOCTL_SERIAL_GET_COMMSTATUS);UP;STATUS_SUCCESS;00 00 00 00 00 00 00 00 61 00 00 00 00 00 00 00 00 00 00 00 ;"........a...........";20;;COM3;;
6170;27/08/2026 13:43:06;IRP_MJ_DEVICE_CONTROL (IOCTL_SERIAL_WAIT_ON_MASK);DOWN;;;"";;;COM3;;
6171;27/08/2026 13:43:06;IRP_MJ_DEVICE_CONTROL (IOCTL_SERIAL_WAIT_ON_MASK);UP;STATUS_SUCCESS;01 00 00 00 ;"....";4;;COM3;;
6172;27/08/2026 13:43:06;IRP_MJ_DEVICE_CONTROL (IOCTL_SERIAL_GET_COMMSTATUS);DOWN;;;"";;;COM3;;
6173;27/08/2026 13:43:06;IRP_MJ_DEVICE_CONTROL (IOCTL_SERIAL_GET_COMMSTATUS);UP;STATUS_SUCCESS;00 00 00 00 00 00 00 00 62 00 00 00 00 00 00 00 00 00 00 00 ;"........b...........";20;;COM3;;
6174;27/08/2026 13:43:06;IRP_MJ_DEVICE_CONTROL (IOCTL_SERIAL_WAIT_ON_MASK);DOWN;;;"";;;COM3;;
6175;27/08/2026 13:43:06;IRP_MJ_DEVICE_CONTROL (IOCTL_SERIAL_GET_COMMSTATUS);DOWN;;;"";;;COM3;;
6176;27/08/2026 13:43:06;IRP_MJ_DEVICE_CONTROL (IOCTL_SERIAL_GET_COMMSTATUS);UP;STATUS_SUCCESS;00 00 00 00 00 00 00 00 62 00 00 00 00 00 00 00 00 00 00 00 ;"........b...........";20;;COM3;;
6177;27/08/2026 13:43:06;IRP_MJ_DEVICE_CONTROL (IOCTL_SERIAL_WAIT_ON_MASK);UP;STATUS_SUCCESS;01 00 00 00 ;"....";4;;COM3;;
6178;27/08/2026 13:43:06;IRP_MJ_DEVICE_CONTROL (IOCTL_SERIAL_GET_COMMSTATUS);DOWN;;;"";;;COM3;;
6179;27/08/2026 13:43:06;IRP_MJ_DEVICE_CONTROL (IOCTL_SERIAL_GET_COMMSTATUS);UP;STATUS_SUCCESS;00 00 00 00 00 00 00 00 63 00 00 00 00 00 00 00 00 00 00 00 ;"........c...........";20;;COM3;;
6180;27/08/2026 13:43:06;IRP_MJ_DEVICE_CONTROL (IOCTL_SERIAL_WAIT_ON_MASK);DOWN;;;"";;;COM3;;
6181;27/08/2026 13:43:06;IRP_MJ_DEVICE_CONTROL (IOCTL_SERIAL_WAIT_ON_MASK);UP;STATUS_SUCCESS;01 00 00 00 ;"....";4;;COM3;;
6182;27/08/2026 13:43:06;IRP_MJ_DEVICE_CONTROL (IOCTL_SERIAL_GET_COMMSTATUS);DOWN;;;"";;;COM3;;
6183;27/08/2026 13:43:06;IRP_MJ_DEVICE_CONTROL (IOCTL_SERIAL_GET_COMMSTATUS);UP;STATUS_SUCCESS;00 00 00 00 00 00 00 00 64 00 00 00 00 00 00 00 00 00 00 00 ;"........d...........";20;;COM3;;
6184;27/08/2026 13:43:06;IRP_MJ_DEVICE_CONTROL (IOCTL_SERIAL_WAIT_ON_MASK);DOWN;;;"";;;COM3;;
6185;27/08/2026 13:43:06;IRP_MJ_DEVICE_CONTROL (IOCTL_SERIAL_WAIT_ON_MASK);UP;STATUS_SUCCESS;01 00 00 00 ;"....";4;;COM3;;
6186;27/08/2026 13:43:06;IRP_MJ_DEVICE_CONTROL (IOCTL_SERIAL_GET_COMMSTATUS);DOWN;;;"";;;COM3;;
6187;27/08/2026 13:43:06;IRP_MJ_DEVICE_CONTROL (IOCTL_SERIAL_GET_COMMSTATUS);UP;STATUS_SUCCESS;00 00 00 00 00 00 00 00 65 00 00 00 00 00 00 00 00 00 00 00 ;"........e...........";20;;COM3;;
6188;27/08/2026 13:43:06;IRP_MJ_DEVICE_CONTROL (IOCTL_SERIAL_WAIT_ON_MASK);DOWN;;;"";;;COM3;;
6189;27/08/2026 13:43:06;IRP_MJ_DEVICE_CONTROL (IOCTL_SERIAL_WAIT_ON_MASK);UP;STATUS_SUCCESS;01 00 00 00 ;"....";4;;COM3;;
6190;27/08/2026 13:43:06;IRP_MJ_DEVICE_CONTROL (IOCTL_SERIAL_GET_COMMSTATUS);DOWN;;;"";;;COM3;;
6191;27/08/2026 13:43:06;IRP_MJ_DEVICE_CONTROL (IOCTL_SERIAL_GET_COMMSTATUS);UP;STATUS_SUCCESS;00 00 00 00 00 00 00 00 66 00 00 00 00 00 00 00 00 00 00 00 ;"........f...........";20;;COM3;;
6192;27/08/2026 13:43:06;IRP_MJ_DEVICE_CONTROL (IOCTL_SERIAL_WAIT_ON_MASK);DOWN;;;"";;;COM3;;
6193;27/08/2026 13:43:06;IRP_MJ_DEVICE_CONTROL (IOCTL_SERIAL_WAIT_ON_MASK);UP;STATUS_SUCCESS;01 00 00 00 ;"....";4;;COM3;;
6194;27/08/2026 13:43:06;IRP_MJ_DEVICE_CONTROL (IOCTL_SERIAL_GET_COMMSTATUS);DOWN;;;"";;;COM3;;
6195;27/08/2026 13:43:06;IRP_MJ_DEVICE_CONTROL (IOCTL_SERIAL_GET_COMMSTATUS);UP;STATUS_SUCCESS;00 00 00 00 00 00 00 00 67 00 00 00 00 00 00 00 00 00 00 00 ;"........g...........";20;;COM3;;
6196;27/08/2026 13:43:06;IRP_MJ_DEVICE_CONTROL (IOCTL_SERIAL_WAIT_ON_MASK);DOWN;;;"";;;COM3;;
6197;27/08/2026 13:43:06;IRP_MJ_DEVICE_CONTROL (IOCTL_SERIAL_WAIT_ON_MASK);UP;STATUS_SUCCESS;01 00 00 00 ;"....";4;;COM3;;
6198;27/08/2026 13:43:06;IRP_MJ_DEVICE_CONTROL (IOCTL_SERIAL_GET_COMMSTATUS);DOWN;;;"";;;COM3;;
6199;27/08/2026 13:43:06;IRP_MJ_DEVICE_CONTROL (IOCTL_SERIAL_GET_COMMSTATUS);UP;STATUS_SUCCESS;00 00 00 00 00 00 00 00 68 00 00 00 00 00 00 00 00 00 00 00 ;"........h...........";20;;COM3;;
6200;27/08/2026 13:43:06;IRP_MJ_DEVICE_CONTROL (IOCTL_SERIAL_WAIT_ON_MASK);DOWN;;;"";;;COM3;;
6201;27/08/2026 13:43:06;IRP_MJ_DEVICE_CONTROL (IOCTL_SERIAL_WAIT_ON_MASK);UP;STATUS_SUCCESS;01 00 00 00 ;"....";4;;COM3;;
6202;27/08/2026 13:43:06;IRP_MJ_DEVICE_CONTROL (IOCTL_SERIAL_GET_COMMSTATUS);DOWN;;;"";;;COM3;;
6203;27/08/2026 13:43:06;IRP_MJ_DEVICE_CONTROL (IOCTL_SERIAL_GET_COMMSTATUS);UP;STATUS_SUCCESS;00 00 00 00 00 00 00 00 69 00 00 00 00 00 00 00 00 00 00 00 ;"........i...........";20;;COM3;;
6204;27/08/2026 13:43:06;IRP_MJ_DEVICE_CONTROL (IOCTL_SERIAL_WAIT_ON_MASK);DOWN;;;"";;;COM3;;
6205;27/08/2026 13:43:06;IRP_MJ_DEVICE_CONTROL (IOCTL_SERIAL_GET_COMMSTATUS);DOWN;;;"";;;COM3;;
6206;27/08/2026 13:43:06;IRP_MJ_DEVICE_CONTROL (IOCTL_SERIAL_GET_COMMSTATUS);UP;STATUS_SUCCESS;00 00 00 00 00 00 00 00 69 00 00 00 00 00 00 00 00 00 00 00 ;"........i...........";20;;COM3;;
6207;27/08/2026 13:43:06;IRP_MJ_DEVICE_CONTROL (IOCTL_SERIAL_WAIT_ON_MASK);UP;STATUS_SUCCESS;01 00 00 00 ;"....";4;;COM3;;
6208;27/08/2026 13:43:06;IRP_MJ_DEVICE_CONTROL (IOCTL_SERIAL_GET_COMMSTATUS);DOWN;;;"";;;COM3;;
6209;27/08/2026 13:43:06;IRP_MJ_DEVICE_CONTROL (IOCTL_SERIAL_GET_COMMSTATUS);UP;STATUS_SUCCESS;00 00 00 00 00 00 00 00 6a 00 00 00 00 00 00 00 00 00 00 00 ;"........j...........";20;;COM3;;
6210;27/08/2026 13:43:06;IRP_MJ_DEVICE_CONTROL (IOCTL_SERIAL_WAIT_ON_MASK);DOWN;;;"";;;COM3;;
6211;27/08/2026 13:43:06;IRP_MJ_DEVICE_CONTROL (IOCTL_SERIAL_WAIT_ON_MASK);UP;STATUS_SUCCESS;01 00 00 00 ;"....";4;;COM3;;
6212;27/08/2026 13:43:06;IRP_MJ_DEVICE_CONTROL (IOCTL_SERIAL_GET_COMMSTATUS);DOWN;;;"";;;COM3;;
6213;27/08/2026 13:43:06;IRP_MJ_DEVICE_CONTROL (IOCTL_SERIAL_GET_COMMSTATUS);UP;STATUS_SUCCESS;00 00 00 00 00 00 00 00 6b 00 00 00 00 00 00 00 00 00 00 00 ;"........k...........";20;;COM3;;
6214;27/08/2026 13:43:06;IRP_MJ_DEVICE_CONTROL (IOCTL_SERIAL_WAIT_ON_MASK);DOWN;;;"";;;COM3;;
6215;27/08/2026 13:43:06;IRP_MJ_DEVICE_CONTROL (IOCTL_SERIAL_WAIT_ON_MASK);UP;STATUS_SUCCESS;01 00 00 00 ;"....";4;;COM3;;
6216;27/08/2026 13:43:06;IRP_MJ_DEVICE_CONTROL (IOCTL_SERIAL_GET_COMMSTATUS);DOWN;;;"";;;COM3;;
6217;27/08/2026 13:43:06;IRP_MJ_DEVICE_CONTROL (IOCTL_SERIAL_GET_COMMSTATUS);UP;STATUS_SUCCESS;00 00 00 00 00 00 00 00 6c 00 00 00 00 00 00 00 00 00 00 00 ;"........l...........";20;;COM3;;
6218;27/08/2026 13:43:06;IRP_MJ_DEVICE_CONTROL (IOCTL_SERIAL_WAIT_ON_MASK);DOWN;;;"";;;COM3;;
6219;27/08/2026 13:43:06;IRP_MJ_DEVICE_CONTROL (IOCTL_SERIAL_WAIT_ON_MASK);UP;STATUS_SUCCESS;01 00 00 00 ;"....";4;;COM3;;
6220;27/08/2026 13:43:06;IRP_MJ_DEVICE_CONTROL (IOCTL_SERIAL_GET_COMMSTATUS);DOWN;;;"";;;COM3;;
6221;27/08/2026 13:43:06;IRP_MJ_DEVICE_CONTROL (IOCTL_SERIAL_GET_COMMSTATUS);UP;STATUS_SUCCESS;00 00 00 00 00 00 00 00 6d 00 00 00 00 00 00 00 00 00 00 00 ;"........m...........";20;;COM3;;
6222;27/08/2026 13:43:06;IRP_MJ_DEVICE_CONTROL (IOCTL_SERIAL_WAIT_ON_MASK);DOWN;;;"";;;COM3;;
6223;27/08/2026 13:43:06;IRP_MJ_DEVICE_CONTROL (IOCTL_SERIAL_WAIT_ON_MASK);UP;STATUS_SUCCESS;01 00 00 00 ;"....";4;;COM3;;
6224;27/08/2026 13:43:06;IRP_MJ_DEVICE_CONTROL (IOCTL_SERIAL_GET_COMMSTATUS);DOWN;;;"";;;COM3;;
6225;27/08/2026 13:43:06;IRP_MJ_DEVICE_CONTROL (IOCTL_SERIAL_GET_COMMSTATUS);UP;STATUS_SUCCESS;00 00 00 00 00 00 00 00 6e 00 00 00 00 00 00 00 00 00 00 00 ;"........n...........";20;;COM3;;
6226;27/08/2026 13:43:06;IRP_MJ_DEVICE_CONTROL (IOCTL_SERIAL_WAIT_ON_MASK);DOWN;;;"";;;COM3;;
6227;27/08/2026 13:43:06;IRP_MJ_DEVICE_CONTROL (IOCTL_SERIAL_WAIT_ON_MASK);UP;STATUS_SUCCESS;01 00 00 00 ;"....";4;;COM3;;
6228;27/08/2026 13:43:06;IRP_MJ_DEVICE_CONTROL (IOCTL_SERIAL_GET_COMMSTATUS);DOWN;;;"";;;COM3;;
6229;27/08/2026 13:43:06;IRP_MJ_DEVICE_CONTROL (IOCTL_SERIAL_GET_COMMSTATUS);UP;STATUS_SUCCESS;00 00 00 00 00 00 00 00 6f 00 00 00 00 00 00 00 00 00 00 00 ;"........o...........";20;;COM3;;
6230;27/08/2026 13:43:06;IRP_MJ_DEVICE_CONTROL (IOCTL_SERIAL_WAIT_ON_MASK);DOWN;;;"";;;COM3;;
6231;27/08/2026 13:43:06;IRP_MJ_DEVICE_CONTROL (IOCTL_SERIAL_GET_COMMSTATUS);DOWN;;;"";;;COM3;;
6232;27/08/2026 13:43:06;IRP_MJ_DEVICE_CONTROL (IOCTL_SERIAL_GET_COMMSTATUS);UP;STATUS_SUCCESS;00 00 00 00 00 00 00 00 6f 00 00 00 00 00 00 00 00 00 00 00 ;"........o...........";20;;COM3;;
6233;27/08/2026 13:43:06;IRP_MJ_DEVICE_CONTROL (IOCTL_SERIAL_WAIT_ON_MASK);UP;STATUS_SUCCESS;01 00 00 00 ;"....";4;;COM3;;
6234;27/08/2026 13:43:06;IRP_MJ_DEVICE_CONTROL (IOCTL_SERIAL_GET_COMMSTATUS);DOWN;;;"";;;COM3;;
6235;27/08/2026 13:43:06;IRP_MJ_DEVICE_CONTROL (IOCTL_SERIAL_GET_COMMSTATUS);UP;STATUS_SUCCESS;00 00 00 00 00 00 00 00 70 00 00 00 00 00 00 00 00 00 00 00 ;"........p...........";20;;COM3;;
6236;27/08/2026 13:43:06;IRP_MJ_DEVICE_CONTROL (IOCTL_SERIAL_WAIT_ON_MASK);DOWN;;;"";;;COM3;;
6237;27/08/2026 13:43:06;IRP_MJ_DEVICE_CONTROL (IOCTL_SERIAL_WAIT_ON_MASK);UP;STATUS_SUCCESS;01 00 00 00 ;"....";4;;COM3;;
6238;27/08/2026 13:43:06;IRP_MJ_DEVICE_CONTROL (IOCTL_SERIAL_GET_COMMSTATUS);DOWN;;;"";;;COM3;;
6239;27/08/2026 13:43:06;IRP_MJ_DEVICE_CONTROL (IOCTL_SERIAL_GET_COMMSTATUS);UP;STATUS_SUCCESS;00 00 00 00 00 00 00 00 71 00 00 00 00 00 00 00 00 00 00 00 ;"........q...........";20;;COM3;;
6240;27/08/2026 13:43:06;IRP_MJ_DEVICE_CONTROL (IOCTL_SERIAL_WAIT_ON_MASK);DOWN;;;"";;;COM3;;
6241;27/08/2026 13:43:06;IRP_MJ_DEVICE_CONTROL (IOCTL_SERIAL_WAIT_ON_MASK);UP;STATUS_SUCCESS;01 00 00 00 ;"....";4;;COM3;;
6242;27/08/2026 13:43:06;IRP_MJ_DEVICE_CONTROL (IOCTL_SERIAL_GET_COMMSTATUS);DOWN;;;"";;;COM3;;
6243;27/08/2026 13:43:06;IRP_MJ_DEVICE_CONTROL (IOCTL_SERIAL_GET_COMMSTATUS);UP;STATUS_SUCCESS;00 00 00 00 00 00 00 00 72 00 00 00 00 00 00 00 00 00 00 00 ;"........r...........";20;;COM3;;
6244;27/08/2026 13:43:06;IRP_MJ_DEVICE_CONTROL (IOCTL_SERIAL_WAIT_ON_MASK);DOWN;;;"";;;COM3;;
6245;27/08/2026 13:43:06;IRP_MJ_DEVICE_CONTROL (IOCTL_SERIAL_WAIT_ON_MASK);UP;STATUS_SUCCESS;01 00 00 00 ;"....";4;;COM3;;
6246;27/08/2026 13:43:06;IRP_MJ_DEVICE_CONTROL (IOCTL_SERIAL_GET_COMMSTATUS);DOWN;;;"";;;COM3;;
6247;27/08/2026 13:43:06;IRP_MJ_DEVICE_CONTROL (IOCTL_SERIAL_GET_COMMSTATUS);UP;STATUS_SUCCESS;00 00 00 00 00 00 00 00 73 00 00 00 00 00 00 00 00 00 00 00 ;"........s...........";20;;COM3;;
6248;27/08/2026 13:43:06;IRP_MJ_DEVICE_CONTROL (IOCTL_SERIAL_WAIT_ON_MASK);DOWN;;;"";;;COM3;;
6249;27/08/2026 13:43:06;IRP_MJ_DEVICE_CONTROL (IOCTL_SERIAL_WAIT_ON_MASK);UP;STATUS_SUCCESS;01 00 00 00 ;"....";4;;COM3;;
6250;27/08/2026 13:43:06;IRP_MJ_DEVICE_CONTROL (IOCTL_SERIAL_GET_COMMSTATUS);DOWN;;;"";;;COM3;;
6251;27/08/2026 13:43:06;IRP_MJ_DEVICE_CONTROL (IOCTL_SERIAL_GET_COMMSTATUS);UP;STATUS_SUCCESS;00 00 00 00 00 00 00 00 74 00 00 00 00 00 00 00 00 00 00 00 ;"........t...........";20;;COM3;;
6252;27/08/2026 13:43:06;IRP_MJ_DEVICE_CONTROL (IOCTL_SERIAL_WAIT_ON_MASK);DOWN;;;"";;;COM3;;
6253;27/08/2026 13:43:06;IRP_MJ_DEVICE_CONTROL (IOCTL_SERIAL_WAIT_ON_MASK);UP;STATUS_SUCCESS;01 00 00 00 ;"....";4;;COM3;;
6254;27/08/2026 13:43:06;IRP_MJ_DEVICE_CONTROL (IOCTL_SERIAL_GET_COMMSTATUS);DOWN;;;"";;;COM3;;
6255;27/08/2026 13:43:06;IRP_MJ_DEVICE_CONTROL (IOCTL_SERIAL_GET_COMMSTATUS);UP;STATUS_SUCCESS;00 00 00 00 00 00 00 00 75 00 00 00 00 00 00 00 00 00 00 00 ;"........u...........";20;;COM3;;
6256;27/08/2026 13:43:06;IRP_MJ_DEVICE_CONTROL (IOCTL_SERIAL_WAIT_ON_MASK);DOWN;;;"";;;COM3;;
6257;27/08/2026 13:43:06;IRP_MJ_DEVICE_CONTROL (IOCTL_SERIAL_WAIT_ON_MASK);UP;STATUS_SUCCESS;01 00 00 00 ;"....";4;;COM3;;
6258;27/08/2026 13:43:06;IRP_MJ_DEVICE_CONTROL (IOCTL_SERIAL_GET_COMMSTATUS);DOWN;;;"";;;COM3;;
6259;27/08/2026 13:43:06;IRP_MJ_DEVICE_CONTROL (IOCTL_SERIAL_GET_COMMSTATUS);UP;STATUS_SUCCESS;00 00 00 00 00 00 00 00 76 00 00 00 00 00 00 00 00 00 00 00 ;"........v...........";20;;COM3;;
6260;27/08/2026 13:43:06;IRP_MJ_DEVICE_CONTROL (IOCTL_SERIAL_WAIT_ON_MASK);DOWN;;;"";;;COM3;;
6261;27/08/2026 13:43:06;IRP_MJ_DEVICE_CONTROL (IOCTL_SERIAL_GET_COMMSTATUS);DOWN;;;"";;;COM3;;
6262;27/08/2026 13:43:06;IRP_MJ_DEVICE_CONTROL (IOCTL_SERIAL_GET_COMMSTATUS);UP;STATUS_SUCCESS;00 00 00 00 00 00 00 00 76 00 00 00 00 00 00 00 00 00 00 00 ;"........v...........";20;;COM3;;
6263;27/08/2026 13:43:06;IRP_MJ_DEVICE_CONTROL (IOCTL_SERIAL_WAIT_ON_MASK);UP;STATUS_SUCCESS;01 00 00 00 ;"....";4;;COM3;;
6264;27/08/2026 13:43:06;IRP_MJ_DEVICE_CONTROL (IOCTL_SERIAL_GET_COMMSTATUS);DOWN;;;"";;;COM3;;
6265;27/08/2026 13:43:06;IRP_MJ_DEVICE_CONTROL (IOCTL_SERIAL_GET_COMMSTATUS);UP;STATUS_SUCCESS;00 00 00 00 00 00 00 00 77 00 00 00 00 00 00 00 00 00 00 00 ;"........w...........";20;;COM3;;
6266;27/08/2026 13:43:06;IRP_MJ_DEVICE_CONTROL (IOCTL_SERIAL_WAIT_ON_MASK);DOWN;;;"";;;COM3;;
6267;27/08/2026 13:43:06;IRP_MJ_DEVICE_CONTROL (IOCTL_SERIAL_WAIT_ON_MASK);UP;STATUS_SUCCESS;01 00 00 00 ;"....";4;;COM3;;
6268;27/08/2026 13:43:06;IRP_MJ_DEVICE_CONTROL (IOCTL_SERIAL_GET_COMMSTATUS);DOWN;;;"";;;COM3;;
6269;27/08/2026 13:43:06;IRP_MJ_DEVICE_CONTROL (IOCTL_SERIAL_GET_COMMSTATUS);UP;STATUS_SUCCESS;00 00 00 00 00 00 00 00 78 00 00 00 00 00 00 00 00 00 00 00 ;"........x...........";20;;COM3;;
6270;27/08/2026 13:43:06;IRP_MJ_DEVICE_CONTROL (IOCTL_SERIAL_WAIT_ON_MASK);DOWN;;;"";;;COM3;;
6271;27/08/2026 13:43:06;IRP_MJ_DEVICE_CONTROL (IOCTL_SERIAL_WAIT_ON_MASK);UP;STATUS_SUCCESS;01 00 00 00 ;"....";4;;COM3;;
6272;27/08/2026 13:43:06;IRP_MJ_DEVICE_CONTROL (IOCTL_SERIAL_GET_COMMSTATUS);DOWN;;;"";;;COM3;;
6273;27/08/2026 13:43:06;IRP_MJ_DEVICE_CONTROL (IOCTL_SERIAL_GET_COMMSTATUS);UP;STATUS_SUCCESS;00 00 00 00 00 00 00 00 79 00 00 00 00 00 00 00 00 00 00 00 ;"........y...........";20;;COM3;;
6274;27/08/2026 13:43:06;IRP_MJ_DEVICE_CONTROL (IOCTL_SERIAL_WAIT_ON_MASK);DOWN;;;"";;;COM3;;
6275;27/08/2026 13:43:06;IRP_MJ_DEVICE_CONTROL (IOCTL_SERIAL_WAIT_ON_MASK);UP;STATUS_SUCCESS;01 00 00 00 ;"....";4;;COM3;;
6276;27/08/2026 13:43:06;IRP_MJ_DEVICE_CONTROL (IOCTL_SERIAL_GET_COMMSTATUS);DOWN;;;"";;;COM3;;
6277;27/08/2026 13:43:06;IRP_MJ_DEVICE_CONTROL (IOCTL_SERIAL_GET_COMMSTATUS);UP;STATUS_SUCCESS;00 00 00 00 00 00 00 00 7a 00 00 00 00 00 00 00 00 00 00 00 ;"........z...........";20;;COM3;;
6278;27/08/2026 13:43:06;IRP_MJ_DEVICE_CONTROL (IOCTL_SERIAL_WAIT_ON_MASK);DOWN;;;"";;;COM3;;
6279;27/08/2026 13:43:06;IRP_MJ_DEVICE_CONTROL (IOCTL_SERIAL_WAIT_ON_MASK);UP;STATUS_SUCCESS;01 00 00 00 ;"....";4;;COM3;;
6280;27/08/2026 13:43:06;IRP_MJ_DEVICE_CONTROL (IOCTL_SERIAL_GET_COMMSTATUS);DOWN;;;"";;;COM3;;
6281;27/08/2026 13:43:06;IRP_MJ_DEVICE_CONTROL (IOCTL_SERIAL_GET_COMMSTATUS);UP;STATUS_SUCCESS;00 00 00 00 00 00 00 00 7b 00 00 00 00 00 00 00 00 00 00 00 ;"........{...........";20;;COM3;;
6282;27/08/2026 13:43:06;IRP_MJ_DEVICE_CONTROL (IOCTL_SERIAL_WAIT_ON_MASK);DOWN;;;"";;;COM3;;
6283;27/08/2026 13:43:06;IRP_MJ_DEVICE_CONTROL (IOCTL_SERIAL_WAIT_ON_MASK);UP;STATUS_SUCCESS;01 00 00 00 ;"....";4;;COM3;;
6284;27/08/2026 13:43:06;IRP_MJ_DEVICE_CONTROL (IOCTL_SERIAL_GET_COMMSTATUS);DOWN;;;"";;;COM3;;
6285;27/08/2026 13:43:06;IRP_MJ_DEVICE_CONTROL (IOCTL_SERIAL_GET_COMMSTATUS);UP;STATUS_SUCCESS;00 00 00 00 00 00 00 00 7c 00 00 00 00 00 00 00 00 00 00 00 ;"........|...........";20;;COM3;;
6286;27/08/2026 13:43:06;IRP_MJ_DEVICE_CONTROL (IOCTL_SERIAL_WAIT_ON_MASK);DOWN;;;"";;;COM3;;
6287;27/08/2026 13:43:06;IRP_MJ_DEVICE_CONTROL (IOCTL_SERIAL_GET_COMMSTATUS);DOWN;;;"";;;COM3;;
6288;27/08/2026 13:43:06;IRP_MJ_DEVICE_CONTROL (IOCTL_SERIAL_GET_COMMSTATUS);UP;STATUS_SUCCESS;00 00 00 00 00 00 00 00 7c 00 00 00 00 00 00 00 00 00 00 00 ;"........|...........";20;;COM3;;
6289;27/08/2026 13:43:06;IRP_MJ_DEVICE_CONTROL (IOCTL_SERIAL_WAIT_ON_MASK);UP;STATUS_SUCCESS;01 00 00 00 ;"....";4;;COM3;;
6290;27/08/2026 13:43:06;IRP_MJ_DEVICE_CONTROL (IOCTL_SERIAL_GET_COMMSTATUS);DOWN;;;"";;;COM3;;
6291;27/08/2026 13:43:06;IRP_MJ_DEVICE_CONTROL (IOCTL_SERIAL_GET_COMMSTATUS);UP;STATUS_SUCCESS;00 00 00 00 00 00 00 00 7d 00 00 00 00 00 00 00 00 00 00 00 ;"........}...........";20;;COM3;;
6292;27/08/2026 13:43:06;IRP_MJ_DEVICE_CONTROL (IOCTL_SERIAL_WAIT_ON_MASK);DOWN;;;"";;;COM3;;
6293;27/08/2026 13:43:06;IRP_MJ_DEVICE_CONTROL (IOCTL_SERIAL_WAIT_ON_MASK);UP;STATUS_SUCCESS;01 00 00 00 ;"....";4;;COM3;;
6294;27/08/2026 13:43:06;IRP_MJ_DEVICE_CONTROL (IOCTL_SERIAL_GET_COMMSTATUS);DOWN;;;"";;;COM3;;
6295;27/08/2026 13:43:06;IRP_MJ_DEVICE_CONTROL (IOCTL_SERIAL_GET_COMMSTATUS);UP;STATUS_SUCCESS;00 00 00 00 00 00 00 00 7e 00 00 00 00 00 00 00 00 00 00 00 ;"........~...........";20;;COM3;;
6296;27/08/2026 13:43:06;IRP_MJ_DEVICE_CONTROL (IOCTL_SERIAL_WAIT_ON_MASK);DOWN;;;"";;;COM3;;
6297;27/08/2026 13:43:06;IRP_MJ_DEVICE_CONTROL (IOCTL_SERIAL_WAIT_ON_MASK);UP;STATUS_SUCCESS;01 00 00 00 ;"....";4;;COM3;;
6298;27/08/2026 13:43:06;IRP_MJ_DEVICE_CONTROL (IOCTL_SERIAL_GET_COMMSTATUS);DOWN;;;"";;;COM3;;
6299;27/08/2026 13:43:06;IRP_MJ_DEVICE_CONTROL (IOCTL_SERIAL_GET_COMMSTATUS);UP;STATUS_SUCCESS;00 00 00 00 00 00 00 00 7f 00 00 00 00 00 00 00 00 00 00 00 ;"...................";20;;COM3;;
6300;27/08/2026 13:43:06;IRP_MJ_DEVICE_CONTROL (IOCTL_SERIAL_WAIT_ON_MASK);DOWN;;;"";;;COM3;;
6301;27/08/2026 13:43:06;IRP_MJ_DEVICE_CONTROL (IOCTL_SERIAL_WAIT_ON_MASK);UP;STATUS_SUCCESS;01 00 00 00 ;"....";4;;COM3;;
6302;27/08/2026 13:43:06;IRP_MJ_DEVICE_CONTROL (IOCTL_SERIAL_GET_COMMSTATUS);DOWN;;;"";;;COM3;;
6303;27/08/2026 13:43:06;IRP_MJ_DEVICE_CONTROL (IOCTL_SERIAL_GET_COMMSTATUS);UP;STATUS_SUCCESS;00 00 00 00 00 00 00 00 80 00 00 00 00 00 00 00 00 00 00 00 ;"........Ä...........";20;;COM3;;
6304;27/08/2026 13:43:06;IRP_MJ_DEVICE_CONTROL (IOCTL_SERIAL_WAIT_ON_MASK);DOWN;;;"";;;COM3;;
6305;27/08/2026 13:43:06;IRP_MJ_DEVICE_CONTROL (IOCTL_SERIAL_WAIT_ON_MASK);UP;STATUS_SUCCESS;01 00 00 00 ;"....";4;;COM3;;
6306;27/08/2026 13:43:06;IRP_MJ_DEVICE_CONTROL (IOCTL_SERIAL_GET_COMMSTATUS);DOWN;;;"";;;COM3;;
6307;27/08/2026 13:43:06;IRP_MJ_DEVICE_CONTROL (IOCTL_SERIAL_GET_COMMSTATUS);UP;STATUS_SUCCESS;00 00 00 00 00 00 00 00 81 00 00 00 00 00 00 00 00 00 00 00 ;"........Å...........";20;;COM3;;
6308;27/08/2026 13:43:06;IRP_MJ_DEVICE_CONTROL (IOCTL_SERIAL_WAIT_ON_MASK);DOWN;;;"";;;COM3;;
6309;27/08/2026 13:43:06;IRP_MJ_DEVICE_CONTROL (IOCTL_SERIAL_WAIT_ON_MASK);UP;STATUS_SUCCESS;01 00 00 00 ;"....";4;;COM3;;
6310;27/08/2026 13:43:06;IRP_MJ_DEVICE_CONTROL (IOCTL_SERIAL_GET_COMMSTATUS);DOWN;;;"";;;COM3;;
6311;27/08/2026 13:43:06;IRP_MJ_DEVICE_CONTROL (IOCTL_SERIAL_GET_COMMSTATUS);UP;STATUS_SUCCESS;00 00 00 00 00 00 00 00 82 00 00 00 00 00 00 00 00 00 00 00 ;"........Ç...........";20;;COM3;;
6312;27/08/2026 13:43:06;IRP_MJ_DEVICE_CONTROL (IOCTL_SERIAL_WAIT_ON_MASK);DOWN;;;"";;;COM3;;
6313;27/08/2026 13:43:06;IRP_MJ_DEVICE_CONTROL (IOCTL_SERIAL_GET_COMMSTATUS);DOWN;;;"";;;COM3;;
6314;27/08/2026 13:43:06;IRP_MJ_DEVICE_CONTROL (IOCTL_SERIAL_GET_COMMSTATUS);UP;STATUS_SUCCESS;00 00 00 00 00 00 00 00 82 00 00 00 00 00 00 00 00 00 00 00 ;"........Ç...........";20;;COM3;;
6315;27/08/2026 13:43:06;IRP_MJ_DEVICE_CONTROL (IOCTL_SERIAL_WAIT_ON_MASK);UP;STATUS_SUCCESS;01 00 00 00 ;"....";4;;COM3;;
6316;27/08/2026 13:43:06;IRP_MJ_DEVICE_CONTROL (IOCTL_SERIAL_GET_COMMSTATUS);DOWN;;;"";;;COM3;;
6317;27/08/2026 13:43:06;IRP_MJ_DEVICE_CONTROL (IOCTL_SERIAL_GET_COMMSTATUS);UP;STATUS_SUCCESS;00 00 00 00 00 00 00 00 83 00 00 00 00 00 00 00 00 00 00 00 ;"........É...........";20;;COM3;;
6318;27/08/2026 13:43:06;IRP_MJ_DEVICE_CONTROL (IOCTL_SERIAL_WAIT_ON_MASK);DOWN;;;"";;;COM3;;
6319;27/08/2026 13:43:06;IRP_MJ_DEVICE_CONTROL (IOCTL_SERIAL_WAIT_ON_MASK);UP;STATUS_SUCCESS;01 00 00 00 ;"....";4;;COM3;;
6320;27/08/2026 13:43:06;IRP_MJ_DEVICE_CONTROL (IOCTL_SERIAL_GET_COMMSTATUS);DOWN;;;"";;;COM3;;
6321;27/08/2026 13:43:06;IRP_MJ_DEVICE_CONTROL (IOCTL_SERIAL_GET_COMMSTATUS);UP;STATUS_SUCCESS;00 00 00 00 00 00 00 00 84 00 00 00 00 00 00 00 00 00 00 00 ;"........Ñ...........";20;;COM3;;
6322;27/08/2026 13:43:06;IRP_MJ_DEVICE_CONTROL (IOCTL_SERIAL_WAIT_ON_MASK);DOWN;;;"";;;COM3;;
6323;27/08/2026 13:43:06;IRP_MJ_DEVICE_CONTROL (IOCTL_SERIAL_WAIT_ON_MASK);UP;STATUS_SUCCESS;01 00 00 00 ;"....";4;;COM3;;
6324;27/08/2026 13:43:06;IRP_MJ_DEVICE_CONTROL (IOCTL_SERIAL_GET_COMMSTATUS);DOWN;;;"";;;COM3;;
6325;27/08/2026 13:43:06;IRP_MJ_DEVICE_CONTROL (IOCTL_SERIAL_GET_COMMSTATUS);UP;STATUS_SUCCESS;00 00 00 00 00 00 00 00 85 00 00 00 00 00 00 00 00 00 00 00 ;"........Ö...........";20;;COM3;;
6326;27/08/2026 13:43:06;IRP_MJ_DEVICE_CONTROL (IOCTL_SERIAL_WAIT_ON_MASK);DOWN;;;"";;;COM3;;
6327;27/08/2026 13:43:06;IRP_MJ_DEVICE_CONTROL (IOCTL_SERIAL_WAIT_ON_MASK);UP;STATUS_SUCCESS;01 00 00 00 ;"....";4;;COM3;;
6328;27/08/2026 13:43:06;IRP_MJ_DEVICE_CONTROL (IOCTL_SERIAL_GET_COMMSTATUS);DOWN;;;"";;;COM3;;
6329;27/08/2026 13:43:06;IRP_MJ_DEVICE_CONTROL (IOCTL_SERIAL_GET_COMMSTATUS);UP;STATUS_SUCCESS;00 00 00 00 00 00 00 00 86 00 00 00 00 00 00 00 00 00 00 00 ;"........Ü...........";20;;COM3;;
6330;27/08/2026 13:43:06;IRP_MJ_DEVICE_CONTROL (IOCTL_SERIAL_WAIT_ON_MASK);DOWN;;;"";;;COM3;;
6331;27/08/2026 13:43:06;IRP_MJ_DEVICE_CONTROL (IOCTL_SERIAL_WAIT_ON_MASK);UP;STATUS_SUCCESS;01 00 00 00 ;"....";4;;COM3;;
6332;27/08/2026 13:43:06;IRP_MJ_DEVICE_CONTROL (IOCTL_SERIAL_GET_COMMSTATUS);DOWN;;;"";;;COM3;;
6333;27/08/2026 13:43:06;IRP_MJ_DEVICE_CONTROL (IOCTL_SERIAL_GET_COMMSTATUS);UP;STATUS_SUCCESS;00 00 00 00 00 00 00 00 87 00 00 00 00 00 00 00 00 00 00 00 ;"........á...........";20;;COM3;;
6334;27/08/2026 13:43:06;IRP_MJ_DEVICE_CONTROL (IOCTL_SERIAL_WAIT_ON_MASK);DOWN;;;"";;;COM3;;
6335;27/08/2026 13:43:06;IRP_MJ_DEVICE_CONTROL (IOCTL_SERIAL_WAIT_ON_MASK);UP;STATUS_SUCCESS;01 00 00 00 ;"....";4;;COM3;;
6336;27/08/2026 13:43:06;IRP_MJ_DEVICE_CONTROL (IOCTL_SERIAL_GET_COMMSTATUS);DOWN;;;"";;;COM3;;
6337;27/08/2026 13:43:06;IRP_MJ_DEVICE_CONTROL (IOCTL_SERIAL_GET_COMMSTATUS);UP;STATUS_SUCCESS;00 00 00 00 00 00 00 00 88 00 00 00 00 00 00 00 00 00 00 00 ;"........à...........";20;;COM3;;
6338;27/08/2026 13:43:06;IRP_MJ_DEVICE_CONTROL (IOCTL_SERIAL_WAIT_ON_MASK);DOWN;;;"";;;COM3;;
6339;27/08/2026 13:43:06;IRP_MJ_DEVICE_CONTROL (IOCTL_SERIAL_WAIT_ON_MASK);UP;STATUS_SUCCESS;01 00 00 00 ;"....";4;;COM3;;
6340;27/08/2026 13:43:06;IRP_MJ_DEVICE_CONTROL (IOCTL_SERIAL_GET_COMMSTATUS);DOWN;;;"";;;COM3;;
6341;27/08/2026 13:43:06;IRP_MJ_DEVICE_CONTROL (IOCTL_SERIAL_GET_COMMSTATUS);UP;STATUS_SUCCESS;00 00 00 00 00 00 00 00 89 00 00 00 00 00 00 00 00 00 00 00 ;"........â...........";20;;COM3;;
6342;27/08/2026 13:43:06;IRP_MJ_DEVICE_CONTROL (IOCTL_SERIAL_WAIT_ON_MASK);DOWN;;;"";;;COM3;;
6343;27/08/2026 13:43:06;IRP_MJ_DEVICE_CONTROL (IOCTL_SERIAL_GET_COMMSTATUS);DOWN;;;"";;;COM3;;
6344;27/08/2026 13:43:06;IRP_MJ_DEVICE_CONTROL (IOCTL_SERIAL_GET_COMMSTATUS);UP;STATUS_SUCCESS;00 00 00 00 00 00 00 00 89 00 00 00 00 00 00 00 00 00 00 00 ;"........â...........";20;;COM3;;
6345;27/08/2026 13:43:06;IRP_MJ_DEVICE_CONTROL (IOCTL_SERIAL_WAIT_ON_MASK);UP;STATUS_SUCCESS;01 00 00 00 ;"....";4;;COM3;;
6346;27/08/2026 13:43:06;IRP_MJ_DEVICE_CONTROL (IOCTL_SERIAL_GET_COMMSTATUS);DOWN;;;"";;;COM3;;
6347;27/08/2026 13:43:06;IRP_MJ_DEVICE_CONTROL (IOCTL_SERIAL_GET_COMMSTATUS);UP;STATUS_SUCCESS;00 00 00 00 00 00 00 00 8a 00 00 00 00 00 00 00 00 00 00 00 ;"........ä...........";20;;COM3;;
6348;27/08/2026 13:43:06;IRP_MJ_DEVICE_CONTROL (IOCTL_SERIAL_WAIT_ON_MASK);DOWN;;;"";;;COM3;;
6349;27/08/2026 13:43:06;IRP_MJ_DEVICE_CONTROL (IOCTL_SERIAL_WAIT_ON_MASK);UP;STATUS_SUCCESS;01 00 00 00 ;"....";4;;COM3;;
6350;27/08/2026 13:43:06;IRP_MJ_DEVICE_CONTROL (IOCTL_SERIAL_GET_COMMSTATUS);DOWN;;;"";;;COM3;;
6351;27/08/2026 13:43:06;IRP_MJ_DEVICE_CONTROL (IOCTL_SERIAL_GET_COMMSTATUS);UP;STATUS_SUCCESS;00 00 00 00 00 00 00 00 8b 00 00 00 00 00 00 00 00 00 00 00 ;"........ã...........";20;;COM3;;
6352;27/08/2026 13:43:06;IRP_MJ_DEVICE_CONTROL (IOCTL_SERIAL_WAIT_ON_MASK);DOWN;;;"";;;COM3;;
6353;27/08/2026 13:43:06;IRP_MJ_DEVICE_CONTROL (IOCTL_SERIAL_WAIT_ON_MASK);UP;STATUS_SUCCESS;01 00 00 00 ;"....";4;;COM3;;
6354;27/08/2026 13:43:06;IRP_MJ_DEVICE_CONTROL (IOCTL_SERIAL_GET_COMMSTATUS);DOWN;;;"";;;COM3;;
6355;27/08/2026 13:43:06;IRP_MJ_DEVICE_CONTROL (IOCTL_SERIAL_GET_COMMSTATUS);UP;STATUS_SUCCESS;00 00 00 00 00 00 00 00 8c 00 00 00 00 00 00 00 00 00 00 00 ;"........å...........";20;;COM3;;
6356;27/08/2026 13:43:06;IRP_MJ_DEVICE_CONTROL (IOCTL_SERIAL_WAIT_ON_MASK);DOWN;;;"";;;COM3;;
6357;27/08/2026 13:43:06;IRP_MJ_DEVICE_CONTROL (IOCTL_SERIAL_WAIT_ON_MASK);UP;STATUS_SUCCESS;01 00 00 00 ;"....";4;;COM3;;
6358;27/08/2026 13:43:06;IRP_MJ_DEVICE_CONTROL (IOCTL_SERIAL_GET_COMMSTATUS);DOWN;;;"";;;COM3;;
6359;27/08/2026 13:43:06;IRP_MJ_DEVICE_CONTROL (IOCTL_SERIAL_GET_COMMSTATUS);UP;STATUS_SUCCESS;00 00 00 00 00 00 00 00 8d 00 00 00 00 00 00 00 00 00 00 00 ;"........ç...........";20;;COM3;;
6360;27/08/2026 13:43:06;IRP_MJ_DEVICE_CONTROL (IOCTL_SERIAL_WAIT_ON_MASK);DOWN;;;"";;;COM3;;
6361;27/08/2026 13:43:06;IRP_MJ_DEVICE_CONTROL (IOCTL_SERIAL_WAIT_ON_MASK);UP;STATUS_SUCCESS;01 00 00 00 ;"....";4;;COM3;;
6362;27/08/2026 13:43:06;IRP_MJ_DEVICE_CONTROL (IOCTL_SERIAL_GET_COMMSTATUS);DOWN;;;"";;;COM3;;
6363;27/08/2026 13:43:06;IRP_MJ_DEVICE_CONTROL (IOCTL_SERIAL_GET_COMMSTATUS);UP;STATUS_SUCCESS;00 00 00 00 00 00 00 00 8e 00 00 00 00 00 00 00 00 00 00 00 ;"........é...........";20;;COM3;;
6364;27/08/2026 13:43:06;IRP_MJ_DEVICE_CONTROL (IOCTL_SERIAL_WAIT_ON_MASK);DOWN;;;"";;;COM3;;
6365;27/08/2026 13:43:06;IRP_MJ_DEVICE_CONTROL (IOCTL_SERIAL_WAIT_ON_MASK);UP;STATUS_SUCCESS;01 00 00 00 ;"....";4;;COM3;;
6366;27/08/2026 13:43:06;IRP_MJ_DEVICE_CONTROL (IOCTL_SERIAL_GET_COMMSTATUS);DOWN;;;"";;;COM3;;
6367;27/08/2026 13:43:06;IRP_MJ_DEVICE_CONTROL (IOCTL_SERIAL_GET_COMMSTATUS);UP;STATUS_SUCCESS;00 00 00 00 00 00 00 00 8f 00 00 00 00 00 00 00 00 00 00 00 ;"........è...........";20;;COM3;;
6368;27/08/2026 13:43:06;IRP_MJ_DEVICE_CONTROL (IOCTL_SERIAL_WAIT_ON_MASK);DOWN;;;"";;;COM3;;
6369;27/08/2026 13:43:06;IRP_MJ_DEVICE_CONTROL (IOCTL_SERIAL_GET_COMMSTATUS);DOWN;;;"";;;COM3;;
6370;27/08/2026 13:43:06;IRP_MJ_DEVICE_CONTROL (IOCTL_SERIAL_GET_COMMSTATUS);UP;STATUS_SUCCESS;00 00 00 00 00 00 00 00 8f 00 00 00 00 00 00 00 00 00 00 00 ;"........è...........";20;;COM3;;
6371;27/08/2026 13:43:06;IRP_MJ_DEVICE_CONTROL (IOCTL_SERIAL_WAIT_ON_MASK);UP;STATUS_SUCCESS;01 00 00 00 ;"....";4;;COM3;;
6372;27/08/2026 13:43:06;IRP_MJ_DEVICE_CONTROL (IOCTL_SERIAL_GET_COMMSTATUS);DOWN;;;"";;;COM3;;
6373;27/08/2026 13:43:06;IRP_MJ_DEVICE_CONTROL (IOCTL_SERIAL_GET_COMMSTATUS);UP;STATUS_SUCCESS;00 00 00 00 00 00 00 00 90 00 00 00 00 00 00 00 00 00 00 00 ;"........ê...........";20;;COM3;;
6374;27/08/2026 13:43:06;IRP_MJ_DEVICE_CONTROL (IOCTL_SERIAL_WAIT_ON_MASK);DOWN;;;"";;;COM3;;
6375;27/08/2026 13:43:06;IRP_MJ_DEVICE_CONTROL (IOCTL_SERIAL_WAIT_ON_MASK);UP;STATUS_SUCCESS;01 00 00 00 ;"....";4;;COM3;;
6376;27/08/2026 13:43:06;IRP_MJ_DEVICE_CONTROL (IOCTL_SERIAL_GET_COMMSTATUS);DOWN;;;"";;;COM3;;
6377;27/08/2026 13:43:06;IRP_MJ_DEVICE_CONTROL (IOCTL_SERIAL_GET_COMMSTATUS);UP;STATUS_SUCCESS;00 00 00 00 00 00 00 00 91 00 00 00 00 00 00 00 00 00 00 00 ;"........ë...........";20;;COM3;;
6378;27/08/2026 13:43:06;IRP_MJ_DEVICE_CONTROL (IOCTL_SERIAL_WAIT_ON_MASK);DOWN;;;"";;;COM3;;
6379;27/08/2026 13:43:06;IRP_MJ_DEVICE_CONTROL (IOCTL_SERIAL_WAIT_ON_MASK);UP;STATUS_SUCCESS;01 00 00 00 ;"....";4;;COM3;;
6380;27/08/2026 13:43:06;IRP_MJ_DEVICE_CONTROL (IOCTL_SERIAL_GET_COMMSTATUS);DOWN;;;"";;;COM3;;
6381;27/08/2026 13:43:06;IRP_MJ_DEVICE_CONTROL (IOCTL_SERIAL_GET_COMMSTATUS);UP;STATUS_SUCCESS;00 00 00 00 00 00 00 00 92 00 00 00 00 00 00 00 00 00 00 00 ;"........í...........";20;;COM3;;
6382;27/08/2026 13:43:06;IRP_MJ_DEVICE_CONTROL (IOCTL_SERIAL_WAIT_ON_MASK);DOWN;;;"";;;COM3;;
6383;27/08/2026 13:43:06;IRP_MJ_DEVICE_CONTROL (IOCTL_SERIAL_WAIT_ON_MASK);UP;STATUS_SUCCESS;01 00 00 00 ;"....";4;;COM3;;
6384;27/08/2026 13:43:06;IRP_MJ_DEVICE_CONTROL (IOCTL_SERIAL_GET_COMMSTATUS);DOWN;;;"";;;COM3;;
6385;27/08/2026 13:43:06;IRP_MJ_DEVICE_CONTROL (IOCTL_SERIAL_GET_COMMSTATUS);UP;STATUS_SUCCESS;00 00 00 00 00 00 00 00 93 00 00 00 00 00 00 00 00 00 00 00 ;"........ì...........";20;;COM3;;
6386;27/08/2026 13:43:06;IRP_MJ_DEVICE_CONTROL (IOCTL_SERIAL_WAIT_ON_MASK);DOWN;;;"";;;COM3;;
6387;27/08/2026 13:43:06;IRP_MJ_DEVICE_CONTROL (IOCTL_SERIAL_WAIT_ON_MASK);UP;STATUS_SUCCESS;01 00 00 00 ;"....";4;;COM3;;
6388;27/08/2026 13:43:06;IRP_MJ_DEVICE_CONTROL (IOCTL_SERIAL_GET_COMMSTATUS);DOWN;;;"";;;COM3;;
6389;27/08/2026 13:43:06;IRP_MJ_DEVICE_CONTROL (IOCTL_SERIAL_GET_COMMSTATUS);UP;STATUS_SUCCESS;00 00 00 00 00 00 00 00 94 00 00 00 00 00 00 00 00 00 00 00 ;"........î...........";20;;COM3;;
6390;27/08/2026 13:43:06;IRP_MJ_DEVICE_CONTROL (IOCTL_SERIAL_WAIT_ON_MASK);DOWN;;;"";;;COM3;;
6391;27/08/2026 13:43:06;IRP_MJ_DEVICE_CONTROL (IOCTL_SERIAL_WAIT_ON_MASK);UP;STATUS_SUCCESS;01 00 00 00 ;"....";4;;COM3;;
6392;27/08/2026 13:43:06;IRP_MJ_DEVICE_CONTROL (IOCTL_SERIAL_GET_COMMSTATUS);DOWN;;;"";;;COM3;;
6393;27/08/2026 13:43:06;IRP_MJ_DEVICE_CONTROL (IOCTL_SERIAL_GET_COMMSTATUS);UP;STATUS_SUCCESS;00 00 00 00 00 00 00 00 95 00 00 00 00 00 00 00 00 00 00 00 ;"........ï...........";20;;COM3;;
6394;27/08/2026 13:43:06;IRP_MJ_DEVICE_CONTROL (IOCTL_SERIAL_WAIT_ON_MASK);DOWN;;;"";;;COM3;;
6395;27/08/2026 13:43:06;IRP_MJ_DEVICE_CONTROL (IOCTL_SERIAL_WAIT_ON_MASK);UP;STATUS_SUCCESS;01 00 00 00 ;"....";4;;COM3;;
6396;27/08/2026 13:43:06;IRP_MJ_DEVICE_CONTROL (IOCTL_SERIAL_GET_COMMSTATUS);DOWN;;;"";;;COM3;;
6397;27/08/2026 13:43:06;IRP_MJ_DEVICE_CONTROL (IOCTL_SERIAL_GET_COMMSTATUS);UP;STATUS_SUCCESS;00 00 00 00 00 00 00 00 96 00 00 00 00 00 00 00 00 00 00 00 ;"........ñ...........";20;;COM3;;
6398;27/08/2026 13:43:06;IRP_MJ_DEVICE_CONTROL (IOCTL_SERIAL_WAIT_ON_MASK);DOWN;;;"";;;COM3;;
6399;27/08/2026 13:43:06;IRP_MJ_DEVICE_CONTROL (IOCTL_SERIAL_GET_COMMSTATUS);DOWN;;;"";;;COM3;;
6400;27/08/2026 13:43:06;IRP_MJ_DEVICE_CONTROL (IOCTL_SERIAL_GET_COMMSTATUS);UP;STATUS_SUCCESS;00 00 00 00 00 00 00 00 96 00 00 00 00 00 00 00 00 00 00 00 ;"........ñ...........";20;;COM3;;
6401;27/08/2026 13:43:06;IRP_MJ_DEVICE_CONTROL (IOCTL_SERIAL_WAIT_ON_MASK);UP;STATUS_SUCCESS;01 00 00 00 ;"....";4;;COM3;;
6402;27/08/2026 13:43:06;IRP_MJ_DEVICE_CONTROL (IOCTL_SERIAL_GET_COMMSTATUS);DOWN;;;"";;;COM3;;
6403;27/08/2026 13:43:06;IRP_MJ_DEVICE_CONTROL (IOCTL_SERIAL_GET_COMMSTATUS);UP;STATUS_SUCCESS;00 00 00 00 00 00 00 00 97 00 00 00 00 00 00 00 00 00 00 00 ;"........ó...........";20;;COM3;;
6404;27/08/2026 13:43:06;IRP_MJ_DEVICE_CONTROL (IOCTL_SERIAL_WAIT_ON_MASK);DOWN;;;"";;;COM3;;
6405;27/08/2026 13:43:06;IRP_MJ_DEVICE_CONTROL (IOCTL_SERIAL_WAIT_ON_MASK);UP;STATUS_SUCCESS;01 00 00 00 ;"....";4;;COM3;;
6406;27/08/2026 13:43:06;IRP_MJ_DEVICE_CONTROL (IOCTL_SERIAL_GET_COMMSTATUS);DOWN;;;"";;;COM3;;
6407;27/08/2026 13:43:06;IRP_MJ_DEVICE_CONTROL (IOCTL_SERIAL_GET_COMMSTATUS);UP;STATUS_SUCCESS;00 00 00 00 00 00 00 00 98 00 00 00 00 00 00 00 00 00 00 00 ;"........ò...........";20;;COM3;;
6408;27/08/2026 13:43:06;IRP_MJ_DEVICE_CONTROL (IOCTL_SERIAL_WAIT_ON_MASK);DOWN;;;"";;;COM3;;
6409;27/08/2026 13:43:06;IRP_MJ_DEVICE_CONTROL (IOCTL_SERIAL_WAIT_ON_MASK);UP;STATUS_SUCCESS;01 00 00 00 ;"....";4;;COM3;;
6410;27/08/2026 13:43:06;IRP_MJ_DEVICE_CONTROL (IOCTL_SERIAL_GET_COMMSTATUS);DOWN;;;"";;;COM3;;
6411;27/08/2026 13:43:06;IRP_MJ_DEVICE_CONTROL (IOCTL_SERIAL_GET_COMMSTATUS);UP;STATUS_SUCCESS;00 00 00 00 00 00 00 00 99 00 00 00 00 00 00 00 00 00 00 00 ;"........ô...........";20;;COM3;;
6412;27/08/2026 13:43:06;IRP_MJ_DEVICE_CONTROL (IOCTL_SERIAL_WAIT_ON_MASK);DOWN;;;"";;;COM3;;
6413;27/08/2026 13:43:06;IRP_MJ_DEVICE_CONTROL (IOCTL_SERIAL_WAIT_ON_MASK);UP;STATUS_SUCCESS;01 00 00 00 ;"....";4;;COM3;;
6414;27/08/2026 13:43:06;IRP_MJ_DEVICE_CONTROL (IOCTL_SERIAL_GET_COMMSTATUS);DOWN;;;"";;;COM3;;
6415;27/08/2026 13:43:06;IRP_MJ_DEVICE_CONTROL (IOCTL_SERIAL_GET_COMMSTATUS);UP;STATUS_SUCCESS;00 00 00 00 00 00 00 00 9a 00 00 00 00 00 00 00 00 00 00 00 ;"........ö...........";20;;COM3;;
6416;27/08/2026 13:43:06;IRP_MJ_DEVICE_CONTROL (IOCTL_SERIAL_WAIT_ON_MASK);DOWN;;;"";;;COM3;;
6417;27/08/2026 13:43:06;IRP_MJ_DEVICE_CONTROL (IOCTL_SERIAL_WAIT_ON_MASK);UP;STATUS_SUCCESS;01 00 00 00 ;"....";4;;COM3;;
6418;27/08/2026 13:43:06;IRP_MJ_DEVICE_CONTROL (IOCTL_SERIAL_GET_COMMSTATUS);DOWN;;;"";;;COM3;;
6419;27/08/2026 13:43:06;IRP_MJ_DEVICE_CONTROL (IOCTL_SERIAL_GET_COMMSTATUS);UP;STATUS_SUCCESS;00 00 00 00 00 00 00 00 9b 00 00 00 00 00 00 00 00 00 00 00 ;"........õ...........";20;;COM3;;
6420;27/08/2026 13:43:06;IRP_MJ_DEVICE_CONTROL (IOCTL_SERIAL_WAIT_ON_MASK);DOWN;;;"";;;COM3;;
6421;27/08/2026 13:43:06;IRP_MJ_DEVICE_CONTROL (IOCTL_SERIAL_WAIT_ON_MASK);UP;STATUS_SUCCESS;01 00 00 00 ;"....";4;;COM3;;
6422;27/08/2026 13:43:06;IRP_MJ_DEVICE_CONTROL (IOCTL_SERIAL_GET_COMMSTATUS);DOWN;;;"";;;COM3;;
6423;27/08/2026 13:43:06;IRP_MJ_DEVICE_CONTROL (IOCTL_SERIAL_GET_COMMSTATUS);UP;STATUS_SUCCESS;00 00 00 00 00 00 00 00 9c 00 00 00 00 00 00 00 00 00 00 00 ;"........ú...........";20;;COM3;;
6424;27/08/2026 13:43:06;IRP_MJ_DEVICE_CONTROL (IOCTL_SERIAL_WAIT_ON_MASK);DOWN;;;"";;;COM3;;
6425;27/08/2026 13:43:06;IRP_MJ_DEVICE_CONTROL (IOCTL_SERIAL_GET_COMMSTATUS);DOWN;;;"";;;COM3;;
6426;27/08/2026 13:43:06;IRP_MJ_DEVICE_CONTROL (IOCTL_SERIAL_GET_COMMSTATUS);UP;STATUS_SUCCESS;00 00 00 00 00 00 00 00 9c 00 00 00 00 00 00 00 00 00 00 00 ;"........ú...........";20;;COM3;;
6427;27/08/2026 13:43:06;IRP_MJ_DEVICE_CONTROL (IOCTL_SERIAL_WAIT_ON_MASK);UP;STATUS_SUCCESS;01 00 00 00 ;"....";4;;COM3;;
6428;27/08/2026 13:43:06;IRP_MJ_DEVICE_CONTROL (IOCTL_SERIAL_GET_COMMSTATUS);DOWN;;;"";;;COM3;;
6429;27/08/2026 13:43:06;IRP_MJ_DEVICE_CONTROL (IOCTL_SERIAL_GET_COMMSTATUS);UP;STATUS_SUCCESS;00 00 00 00 00 00 00 00 9d 00 00 00 00 00 00 00 00 00 00 00 ;"........ù...........";20;;COM3;;
6430;27/08/2026 13:43:06;IRP_MJ_DEVICE_CONTROL (IOCTL_SERIAL_WAIT_ON_MASK);DOWN;;;"";;;COM3;;
6431;27/08/2026 13:43:06;IRP_MJ_DEVICE_CONTROL (IOCTL_SERIAL_WAIT_ON_MASK);UP;STATUS_SUCCESS;01 00 00 00 ;"....";4;;COM3;;
6432;27/08/2026 13:43:06;IRP_MJ_DEVICE_CONTROL (IOCTL_SERIAL_GET_COMMSTATUS);DOWN;;;"";;;COM3;;
6433;27/08/2026 13:43:06;IRP_MJ_DEVICE_CONTROL (IOCTL_SERIAL_GET_COMMSTATUS);UP;STATUS_SUCCESS;00 00 00 00 00 00 00 00 9e 00 00 00 00 00 00 00 00 00 00 00 ;"........û...........";20;;COM3;;
6434;27/08/2026 13:43:06;IRP_MJ_DEVICE_CONTROL (IOCTL_SERIAL_WAIT_ON_MASK);DOWN;;;"";;;COM3;;
6435;27/08/2026 13:43:06;IRP_MJ_DEVICE_CONTROL (IOCTL_SERIAL_WAIT_ON_MASK);UP;STATUS_SUCCESS;01 00 00 00 ;"....";4;;COM3;;
6436;27/08/2026 13:43:06;IRP_MJ_DEVICE_CONTROL (IOCTL_SERIAL_GET_COMMSTATUS);DOWN;;;"";;;COM3;;
6437;27/08/2026 13:43:06;IRP_MJ_DEVICE_CONTROL (IOCTL_SERIAL_GET_COMMSTATUS);UP;STATUS_SUCCESS;00 00 00 00 00 00 00 00 9f 00 00 00 00 00 00 00 00 00 00 00 ;"........ü...........";20;;COM3;;
6438;27/08/2026 13:43:06;IRP_MJ_DEVICE_CONTROL (IOCTL_SERIAL_WAIT_ON_MASK);DOWN;;;"";;;COM3;;
6439;27/08/2026 13:43:06;IRP_MJ_DEVICE_CONTROL (IOCTL_SERIAL_WAIT_ON_MASK);UP;STATUS_SUCCESS;01 00 00 00 ;"....";4;;COM3;;
6440;27/08/2026 13:43:06;IRP_MJ_DEVICE_CONTROL (IOCTL_SERIAL_GET_COMMSTATUS);DOWN;;;"";;;COM3;;
6441;27/08/2026 13:43:06;IRP_MJ_DEVICE_CONTROL (IOCTL_SERIAL_GET_COMMSTATUS);UP;STATUS_SUCCESS;00 00 00 00 00 00 00 00 a0 00 00 00 00 00 00 00 00 00 00 00 ;"........†...........";20;;COM3;;
6442;27/08/2026 13:43:06;IRP_MJ_DEVICE_CONTROL (IOCTL_SERIAL_WAIT_ON_MASK);DOWN;;;"";;;COM3;;
6443;27/08/2026 13:43:06;IRP_MJ_DEVICE_CONTROL (IOCTL_SERIAL_WAIT_ON_MASK);UP;STATUS_SUCCESS;01 00 00 00 ;"....";4;;COM3;;
6444;27/08/2026 13:43:06;IRP_MJ_DEVICE_CONTROL (IOCTL_SERIAL_GET_COMMSTATUS);DOWN;;;"";;;COM3;;
6445;27/08/2026 13:43:06;IRP_MJ_DEVICE_CONTROL (IOCTL_SERIAL_GET_COMMSTATUS);UP;STATUS_SUCCESS;00 00 00 00 00 00 00 00 a1 00 00 00 00 00 00 00 00 00 00 00 ;"........°...........";20;;COM3;;
6446;27/08/2026 13:43:06;IRP_MJ_DEVICE_CONTROL (IOCTL_SERIAL_WAIT_ON_MASK);DOWN;;;"";;;COM3;;
6447;27/08/2026 13:43:06;IRP_MJ_DEVICE_CONTROL (IOCTL_SERIAL_WAIT_ON_MASK);UP;STATUS_SUCCESS;01 00 00 00 ;"....";4;;COM3;;
6448;27/08/2026 13:43:06;IRP_MJ_DEVICE_CONTROL (IOCTL_SERIAL_GET_COMMSTATUS);DOWN;;;"";;;COM3;;
6449;27/08/2026 13:43:06;IRP_MJ_DEVICE_CONTROL (IOCTL_SERIAL_GET_COMMSTATUS);UP;STATUS_SUCCESS;00 00 00 00 00 00 00 00 a2 00 00 00 00 00 00 00 00 00 00 00 ;"........¢...........";20;;COM3;;
6450;27/08/2026 13:43:06;IRP_MJ_DEVICE_CONTROL (IOCTL_SERIAL_WAIT_ON_MASK);DOWN;;;"";;;COM3;;
6451;27/08/2026 13:43:06;IRP_MJ_DEVICE_CONTROL (IOCTL_SERIAL_WAIT_ON_MASK);UP;STATUS_SUCCESS;01 00 00 00 ;"....";4;;COM3;;
6452;27/08/2026 13:43:06;IRP_MJ_DEVICE_CONTROL (IOCTL_SERIAL_GET_COMMSTATUS);DOWN;;;"";;;COM3;;
6453;27/08/2026 13:43:06;IRP_MJ_DEVICE_CONTROL (IOCTL_SERIAL_GET_COMMSTATUS);UP;STATUS_SUCCESS;00 00 00 00 00 00 00 00 a3 00 00 00 00 00 00 00 00 00 00 00 ;"........£...........";20;;COM3;;
6454;27/08/2026 13:43:06;IRP_MJ_DEVICE_CONTROL (IOCTL_SERIAL_GET_COMMSTATUS);DOWN;;;"";;;COM3;;
6455;27/08/2026 13:43:06;IRP_MJ_DEVICE_CONTROL (IOCTL_SERIAL_GET_COMMSTATUS);UP;STATUS_SUCCESS;00 00 00 00 00 00 00 00 a3 00 00 00 00 00 00 00 00 00 00 00 ;"........£...........";20;;COM3;;
6456;27/08/2026 13:43:06;IRP_MJ_DEVICE_CONTROL (IOCTL_SERIAL_GET_COMMSTATUS);DOWN;;;"";;;COM3;;
6457;27/08/2026 13:43:06;IRP_MJ_DEVICE_CONTROL (IOCTL_SERIAL_GET_COMMSTATUS);UP;STATUS_SUCCESS;00 00 00 00 00 00 00 00 a3 00 00 00 00 00 00 00 00 00 00 00 ;"........£...........";20;;COM3;;
6458;27/08/2026 13:43:06;IRP_MJ_DEVICE_CONTROL (IOCTL_SERIAL_WAIT_ON_MASK);DOWN;STATUS_PENDING;;"";;;COM3;;
6459;27/08/2026 13:43:06;IRP_MJ_READ;DOWN;;;"";;163;COM3;;
6460;27/08/2026 13:43:06;IRP_MJ_READ;UP;STATUS_SUCCESS;04 03 9e 00 02 00 e6 05 dc 00 00 00 7e 08 fc 00 00 12 17 00 04 00 00 00 00 00 00 00 00 00 00 00 00 00 00 00 61 00 00 00 00 00 00 00 61 00 00 00 64 00 00 13 88 00 00 00 00 00 00 00 00 00 00 00 00 00 00 00 3c 00 00 00 4c 00 00 00 01 00 00 00 01 00 00 00 01 00 00 00 00 00 00 00 00 00 00 00 00 00 0e 00 00 00 00 00 00 00 00 00 00 00 9c 00 00 00 0e 00 00 00 00 00 00 00 00 00 00 00 00 00 00 00 00 00 00 00 00 00 00 00 00 ff ff ff ff 27 75 13 29 00 14 00 01 00 0c 00 00 05 dc 28 ae 00 a6 58 12 ;"..û...Ê.‹...~.¸.....................a.......a...d...à...............<...L.....................................ú............................ˇˇˇˇ'u.).........‹(Æ.¶X.";163;;COM3;;
